member_id,sr_no,state_raw,mp_name_raw,constituency_raw,allocated_amount,allocated_amount_raw,state,mp_name,mp_name_clean,has_title_prefix,name_case_consistent,name_has_double_space,constituency,amount_missing,amount_has_paise,constituency_category,constituency_base,member_key
1,1,Maharashtra,AASHTIKAR PATIL NAGESH BAPURAO,HINGOLI,190289442.0,190289442,Maharashtra,AASHTIKAR PATIL NAGESH BAPURAO,AASHTIKAR PATIL NAGESH BAPURAO,False,False,False,HINGOLI,False,False,general,HINGOLI,maharashtra|aashtikar patil nagesh bapurao|hingoli
2,2,Jammu And Kashmir,ABDUL RASHID SHEIKH,BARAMULLAH,147000000.0,147000000,Jammu And Kashmir,ABDUL RASHID SHEIKH,ABDUL RASHID SHEIKH,False,False,False,BARAMULLAH,False,False,general,BARAMULLAH,jammu and kashmir|abdul rashid sheikh|baramullah
3,3,Bihar,ABHAY KUMAR SINHA,AURANGABAD_BR,147000000.0,147000000,Bihar,ABHAY KUMAR SINHA,ABHAY KUMAR SINHA,False,False,False,AURANGABAD_BR,False,False,general,AURANGABAD (BR),bihar|abhay kumar sinha|aurangabad_br
4,4,West Bengal,ABHIJIT GANGOPADHYAY,TAMLUK,147000000.0,147000000,West Bengal,ABHIJIT GANGOPADHYAY,ABHIJIT GANGOPADHYAY,False,False,False,TAMLUK,False,False,general,TAMLUK,west bengal|abhijit gangopadhyay|tamluk
5,5,West Bengal,Abu Taher Khan,MURSHIDABAD,147000000.0,147000000,West Bengal,Abu Taher Khan,Abu Taher Khan,False,True,False,MURSHIDABAD,False,False,general,MURSHIDABAD,west bengal|abu taher khan|murshidabad
6,6,West Bengal,ADHIKARI SOUMENDU,KANTHI,147000000.0,147000000,West Bengal,ADHIKARI SOUMENDU,ADHIKARI SOUMENDU,False,False,False,KANTHI,False,False,general,KANTHI,west bengal|adhikari soumendu|kanthi
7,7,Uttar Pradesh,ADITYA YADAV,BADAUN,147000000.0,147000000,Uttar Pradesh,ADITYA YADAV,ADITYA YADAV,False,False,False,BADAUN,False,False,general,BADAUN,uttar pradesh|aditya yadav|badaun
8,8,Kerala,Adv Adoor Prakash,ATTINGAL,147000000.0,147000000,Kerala,Adv Adoor Prakash,Adoor Prakash,True,True,False,ATTINGAL,False,False,general,ATTINGAL,kerala|adoor prakash|attingal
9,9,Kerala,Adv Dean Kuriakose,IDUKKI,147000000.0,147000000,Kerala,Adv Dean Kuriakose,Dean Kuriakose,True,True,False,IDUKKI,False,False,general,IDUKKI,kerala|dean kuriakose|idukki
10,10,Maharashtra,ADV GOWAAL KAGADA PADAVI,NANDURBAR(ST),147816309.11,147816309.11,Maharashtra,ADV GOWAAL KAGADA PADAVI,GOWAAL KAGADA PADAVI,True,False,False,NANDURBAR(ST),False,True,st,NANDURBAR,maharashtra|gowaal kagada padavi|nandurbar(st)
11,11,Kerala,ADV K FRANCIS GEORGE,KOTTAYAM,188722256.11,188722256.11,Kerala,ADV K FRANCIS GEORGE,K FRANCIS GEORGE,True,False,False,KOTTAYAM,False,True,general,KOTTAYAM,kerala|k francis george|kottayam
12,12,Uttar Pradesh,AFZAL ANSARI,GHAZIPUR,220500000.0,220500000,Uttar Pradesh,AFZAL ANSARI,AFZAL ANSARI,False,False,False,GHAZIPUR,False,False,general,GHAZIPUR,uttar pradesh|afzal ansari|ghazipur
13,13,Jammu And Kashmir,AGA SYED RUHULLAH MEHDI,SRINAGAR,147000000.0,147000000,Jammu And Kashmir,AGA SYED RUHULLAH MEHDI,AGA SYED RUHULLAH MEHDI,False,False,False,SRINAGAR,False,False,general,SRINAGAR,jammu and kashmir|aga syed ruhullah mehdi|srinagar
14,14,Uttarakhand,Ajay Bhatt,NAINITAL UDHAM SINGH NAG.,147000000.0,147000000,Uttarakhand,Ajay Bhatt,Ajay Bhatt,False,True,False,NAINITAL UDHAM SINGH NAG.,False,False,general,NAINITAL UDHAM SINGH NAG.,uttarakhand|ajay bhatt|nainital udham singh nag.
15,15,Bihar,Ajay Kumar Mandal,BHAGALPUR,147000000.0,147000000,Bihar,Ajay Kumar Mandal,Ajay Kumar Mandal,False,True,False,BHAGALPUR,False,False,general,BHAGALPUR,bihar|ajay kumar mandal|bhagalpur
16,16,Uttarakhand,Ajay Tamta,ALMORA(SC),147000000.0,147000000,Uttarakhand,Ajay Tamta,Ajay Tamta,False,True,False,ALMORA(SC),False,False,sc,ALMORA,uttarakhand|ajay tamta|almora(sc)
17,17,Uttar Pradesh,AJENDRA SINGH LODHI,HAMIRPUR_UP,147000000.0,147000000,Uttar Pradesh,AJENDRA SINGH LODHI,AJENDRA SINGH LODHI,False,False,False,HAMIRPUR_UP,False,False,general,HAMIRPUR (UP),uttar pradesh|ajendra singh lodhi|hamirpur_up
18,18,Uttar Pradesh,AKHILESH YADAV,KANNAUJ,147000000.0,147000000,Uttar Pradesh,AKHILESH YADAV,AKHILESH YADAV,False,False,False,KANNAUJ,False,False,general,KANNAUJ,uttar pradesh|akhilesh yadav|kannauj
19,19,Uttar Pradesh,AKSHAYA YADAV,FIROZABAD,147000000.0,147000000,Uttar Pradesh,AKSHAYA YADAV,AKSHAYA YADAV,False,False,False,FIROZABAD,False,False,general,FIROZABAD,uttar pradesh|akshaya yadav|firozabad
20,20,Manipur,ALFRED KANNGAM S ARTHUR,OUTER MANIPUR(ST),147000000.0,147000000,Manipur,ALFRED KANNGAM S ARTHUR,ALFRED KANNGAM S ARTHUR,False,False,False,OUTER MANIPUR(ST),False,False,st,OUTER MANIPUR,manipur|alfred kanngam s arthur|outer manipur(st)
21,21,Bihar,Alok Kumar Suman,GOPALGANJ (SC),147000000.0,147000000,Bihar,Alok Kumar Suman,Alok Kumar Suman,False,True,False,GOPALGANJ (SC),False,False,sc,GOPALGANJ,bihar|alok kumar suman|gopalganj (sc)
22,22,Madhya Pradesh,ALOK SHARMA,BHOPAL,147000000.0,147000000,Madhya Pradesh,ALOK SHARMA,ALOK SHARMA,False,False,False,BHOPAL,False,False,general,BHOPAL,madhya pradesh|alok sharma|bhopal
23,23,Maharashtra,AMAR SHARADRAO KALE,WARDHA,147000000.0,147000000,Maharashtra,AMAR SHARADRAO KALE,AMAR SHARADRAO KALE,False,False,False,WARDHA,False,False,general,WARDHA,maharashtra|amar sharadrao kale|wardha
24,24,Assam,AMARSING TISSO,Diphu (ST),147000000.0,147000000,Assam,AMARSING TISSO,AMARSING TISSO,False,False,False,Diphu (ST),False,False,st,Diphu,assam|amarsing tisso|diphu (st)
25,25,Andhra Pradesh,AMBICA G LAKSHMINARAYANA VALMIKI,ANANTAPUR,201899064.11,201899064.11,Andhra Pradesh,AMBICA G LAKSHMINARAYANA VALMIKI,AMBICA G LAKSHMINARAYANA VALMIKI,False,False,False,ANANTAPUR,False,True,general,ANANTAPUR,andhra pradesh|ambica g lakshminarayana valmiki|anantapur
26,26,Maharashtra,Amol Ramsing Kolhe,SHIRUR,147000000.0,147000000,Maharashtra,Amol Ramsing Kolhe,Amol Ramsing Kolhe,False,True,False,SHIRUR,False,False,general,SHIRUR,maharashtra|amol ramsing kolhe|shirur
27,27,Rajasthan,AMRARAM,SIKAR,165691544.11,165691544.11,Rajasthan,AMRARAM,AMRARAM,False,False,False,SIKAR,False,True,general,SIKAR,rajasthan|amraram|sikar
28,28,Punjab,AMRINDER SINGH RAJA WARRING,LUDHIANA,147000000.0,147000000,Punjab,AMRINDER SINGH RAJA WARRING,AMRINDER SINGH RAJA WARRING,False,False,False,LUDHIANA,False,False,general,LUDHIANA,punjab|amrinder singh raja warring|ludhiana
29,29,Uttar Pradesh,ANAND BHADAURIYA,DHAURAHRA,147000000.0,147000000,Uttar Pradesh,ANAND BHADAURIYA,ANAND BHADAURIYA,False,False,False,DHAURAHRA,False,False,general,DHAURAHRA,uttar pradesh|anand bhadauriya|dhaurahra
30,30,Uttar Pradesh,ANAND KUMAR,BAHRAICH(SC),147000000.0,147000000,Uttar Pradesh,ANAND KUMAR,ANAND KUMAR,False,False,False,BAHRAICH(SC),False,False,sc,BAHRAICH,uttar pradesh|anand kumar|bahraich(sc)
31,31,Odisha,ANANTA NAYAK,KEONJHAR(ST),147000000.0,147000000,Odisha,ANANTA NAYAK,ANANTA NAYAK,False,False,False,KEONJHAR(ST),False,False,st,KEONJHAR,odisha|ananta nayak|keonjhar(st)
32,32,Tamil Nadu,Andimuthu Raja,NILGIRIS(SC),147000000.0,147000000,Tamil Nadu,Andimuthu Raja,Andimuthu Raja,False,True,False,NILGIRIS(SC),False,False,sc,NILGIRIS,tamil nadu|andimuthu raja|nilgiris(sc)
33,33,Meghalaya,ANDREW J. SYNGKON,SHILLONG,98000000.0,98000000,Meghalaya,ANDREW J. SYNGKON,ANDREW J. SYNGKON,False,False,False,SHILLONG,False,False,general,SHILLONG,meghalaya|andrew j. syngkon|shillong
34,34,Manipur,ANGOMCHA BIMOL AKOIJAM,INNER MANIPUR,147000000.0,147000000,Manipur,ANGOMCHA BIMOL AKOIJAM,ANGOMCHA BIMOL AKOIJAM,False,False,False,INNER MANIPUR,False,False,general,INNER MANIPUR,manipur|angomcha bimol akoijam|inner manipur
35,35,Uttarakhand,ANIL BALUNI,GARHWAL,147000000.0,147000000,Uttarakhand,ANIL BALUNI,ANIL BALUNI,False,False,False,GARHWAL,False,False,general,GARHWAL,uttarakhand|anil baluni|garhwal
36,36,Maharashtra,ANIL YESHWANT DESAI,MUMBAI SOUTH CENTRAL,147000000.0,147000000,Maharashtra,ANIL YESHWANT DESAI,ANIL YESHWANT DESAI,False,False,False,MUMBAI SOUTH CENTRAL,False,False,general,MUMBAI SOUTH CENTRAL,maharashtra|anil yeshwant desai|mumbai south central
37,37,Madhya Pradesh,ANITA NAGARSINGH CHOUHAN,RATLAM(ST),147000000.0,147000000,Madhya Pradesh,ANITA NAGARSINGH CHOUHAN,ANITA NAGARSINGH CHOUHAN,False,False,False,RATLAM(ST),False,False,st,RATLAM,madhya pradesh|anita nagarsingh chouhan|ratlam(st)
38,38,Odisha,ANITA SUBHADARSHINI,ASKA,147000000.0,147000000,Odisha,ANITA SUBHADARSHINI,ANITA SUBHADARSHINI,False,False,False,ASKA,False,False,general,ASKA,odisha|anita subhadarshini|aska
39,39,Jharkhand,Annpurna Devi,KODARMA,166665931.8,166665931.8,Jharkhand,Annpurna Devi,Annpurna Devi,False,True,False,KODARMA,False,True,general,KODARMA,jharkhand|annpurna devi|kodarma
40,40,Uttar Pradesh,ANOOP PRADHAN BALMIKI,HATHRAS (SC),147000000.0,147000000,Uttar Pradesh,ANOOP PRADHAN BALMIKI,ANOOP PRADHAN BALMIKI,False,False,False,HATHRAS (SC),False,False,sc,HATHRAS,uttar pradesh|anoop pradhan balmiki|hathras (sc)
41,41,Kerala,Anto Antony,PATHANAMTHITTA,147000000.0,147000000,Kerala,Anto Antony,Anto Antony,False,True,False,PATHANAMTHITTA,False,False,general,PATHANAMTHITTA,kerala|anto antony|pathanamthitta
42,42,Maharashtra,ANUP SANJAY DHOTRE,AKOLA,147000000.0,147000000,Maharashtra,ANUP SANJAY DHOTRE,ANUP SANJAY DHOTRE,False,False,False,AKOLA,False,False,general,AKOLA,maharashtra|anup sanjay dhotre|akola
43,43,Uttar Pradesh,Anurag Sharma,JHANSI,147000000.0,147000000,Uttar Pradesh,Anurag Sharma,Anurag Sharma,False,True,False,JHANSI,False,False,general,JHANSI,uttar pradesh|anurag sharma|jhansi
44,44,Himachal Pradesh,Anurag Singh Thakur,HAMIRPUR_HP,149570117.11,149570117.11,Himachal Pradesh,Anurag Singh Thakur,Anurag Singh Thakur,False,True,False,HAMIRPUR_HP,False,True,general,HAMIRPUR (HP),himachal pradesh|anurag singh thakur|hamirpur_hp
45,45,Andhra Pradesh,Appalanaidu Kalisetti,VIZIANAGARAM,147000000.0,147000000,Andhra Pradesh,Appalanaidu Kalisetti,Appalanaidu Kalisetti,False,True,False,VIZIANAGARAM,False,False,general,VIZIANAGARAM,andhra pradesh|appalanaidu kalisetti|vizianagaram
46,46,Bihar,ARUN BHARTI,JAMUI(SC),194924621.11,194924621.11,Bihar,ARUN BHARTI,ARUN BHARTI,False,False,False,JAMUI(SC),False,True,sc,JAMUI,bihar|arun bharti|jamui(sc)
47,47,Uttar Pradesh,ARUN GOVIL,MEERUT,147000000.0,147000000,Uttar Pradesh,ARUN GOVIL,ARUN GOVIL,False,False,False,MEERUT,False,False,general,MEERUT,uttar pradesh|arun govil|meerut
48,48,Tamil Nadu,ARUN NEHRU,PERAMBALUR,147000000.0,147000000,Tamil Nadu,ARUN NEHRU,ARUN NEHRU,False,False,False,PERAMBALUR,False,False,general,PERAMBALUR,tamil nadu|arun nehru|perambalur
49,49,Telangana,ARUNA. D. K,MAHABUBNAGAR,147000000.0,147000000,Telangana,ARUNA. D. K,ARUNA. D. K,False,False,False,MAHABUBNAGAR,False,False,general,MAHABUBNAGAR,telangana|aruna. d. k|mahabubnagar
50,50,West Bengal,ARUP CHAKRABORTY,BANKURA,147000000.0,147000000,West Bengal,ARUP CHAKRABORTY,ARUP CHAKRABORTY,False,False,False,BANKURA,False,False,general,BANKURA,west bengal|arup chakraborty|bankura
51,51,Telangana,Arvind Dharmapuri,NIZAMABAD,281396355.11,281396355.11,Telangana,Arvind Dharmapuri,Arvind Dharmapuri,False,True,False,NIZAMABAD,False,True,general,NIZAMABAD,telangana|arvind dharmapuri|nizamabad
52,52,Maharashtra,Arvind Ganpat Sawant,MUMBAI SOUTH,147000000.0,147000000,Maharashtra,Arvind Ganpat Sawant,Arvind Ganpat Sawant,False,True,False,MUMBAI SOUTH,False,False,general,MUMBAI SOUTH,maharashtra|arvind ganpat sawant|mumbai south
53,53,Telangana,Asaduddin Owaisi,HYDERABAD,147000000.0,147000000,Telangana,Asaduddin Owaisi,Asaduddin Owaisi,False,True,False,HYDERABAD,False,False,general,HYDERABAD,telangana|asaduddin owaisi|hyderabad
54,54,Madhya Pradesh,ASHISH DUBEY,JABALPUR,147000000.0,147000000,Madhya Pradesh,ASHISH DUBEY,ASHISH DUBEY,False,False,False,JABALPUR,False,False,general,JABALPUR,madhya pradesh|ashish dubey|jabalpur
55,55,Uttar Pradesh,Ashok Kumar Rawat,MISRIKH(SC),147000000.0,147000000,Uttar Pradesh,Ashok Kumar Rawat,Ashok Kumar Rawat,False,True,False,MISRIKH(SC),False,False,sc,MISRIKH,uttar pradesh|ashok kumar rawat|misrikh(sc)
56,56,Bihar,Ashok Kumar Yadav,MADHUBANI,147000000.0,147000000,Bihar,Ashok Kumar Yadav,Ashok Kumar Yadav,False,True,False,MADHUBANI,False,False,general,MADHUBANI,bihar|ashok kumar yadav|madhubani
57,57,West Bengal,Asit Kumar Mal,BOLPUR(SC),275694456.74,275694456.74,West Bengal,Asit Kumar Mal,Asit Kumar Mal,False,True,False,BOLPUR(SC),False,True,sc,BOLPUR,west bengal|asit kumar mal|bolpur(sc)
58,58,Uttar Pradesh,ATUL GARG,GHAZIABAD,155336470.0,155336470,Uttar Pradesh,ATUL GARG,ATUL GARG,False,False,False,GHAZIABAD,False,False,general,GHAZIABAD,uttar pradesh|atul garg|ghaziabad
59,59,Odisha,AVIMANYU SETHI,BHADRAK(SC),147000000.0,147000000,Odisha,AVIMANYU SETHI,AVIMANYU SETHI,False,False,False,BHADRAK(SC),False,False,sc,BHADRAK,odisha|avimanyu sethi|bhadrak(sc)
60,60,Uttar Pradesh,AWADHESH PRASAD,FAIZABAD,147000000.0,147000000,Uttar Pradesh,AWADHESH PRASAD,AWADHESH PRASAD,False,False,False,FAIZABAD,False,False,general,FAIZABAD,uttar pradesh|awadhesh prasad|faizabad
61,61,West Bengal,AZAD KIRTI JHA,BARDHAMAN-DURGAPUR,179658399.98,179658399.98,West Bengal,AZAD KIRTI JHA,AZAD KIRTI JHA,False,False,False,BARDHAMAN-DURGAPUR,False,True,general,BARDHAMAN-DURGAPUR,west bengal|azad kirti jha|bardhaman-durgapur
62,62,Andhra Pradesh,B K PARTHASARATHI,HINDUPUR,160491894.11,160491894.11,Andhra Pradesh,B K PARTHASARATHI,B K PARTHASARATHI,False,False,False,HINDUPUR,False,True,general,HINDUPUR,andhra pradesh|b k parthasarathi|hindupur
63,63,Uttar Pradesh,BABU SINGH KUSHWAHA,JAUNPUR,147000000.0,147000000,Uttar Pradesh,BABU SINGH KUSHWAHA,BABU SINGH KUSHWAHA,False,False,False,JAUNPUR,False,False,general,JAUNPUR,uttar pradesh|babu singh kushwaha|jaunpur
64,64,Maharashtra,BACHHAV SHOBHA DINESH,DHULE,147000000.0,147000000,Maharashtra,BACHHAV SHOBHA DINESH,BACHHAV SHOBHA DINESH,False,False,False,DHULE,False,False,general,DHULE,maharashtra|bachhav shobha dinesh|dhule
65,65,West Bengal,BAG MITALI,ARAMBAG(SC),147000000.0,147000000,West Bengal,BAG MITALI,BAG MITALI,False,False,False,ARAMBAG(SC),False,False,sc,ARAMBAG,west bengal|bag mitali|arambag(sc)
66,66,Odisha,BAIJAYANT PANDA,KENDRAPARA,147000000.0,147000000,Odisha,BAIJAYANT PANDA,BAIJAYANT PANDA,False,False,False,KENDRAPARA,False,False,general,KENDRAPARA,odisha|baijayant panda|kendrapara
67,67,Maharashtra,BAJRANG MANOHAR SONWANE,BEED,165899107.19,165899107.19,Maharashtra,BAJRANG MANOHAR SONWANE,BAJRANG MANOHAR SONWANE,False,False,False,BEED,False,True,general,BEED,maharashtra|bajrang manohar sonwane|beed
68,68,Odisha,BALABHADRA MAJHI,NABARANGPUR(ST),147413962.11,147413962.11,Odisha,BALABHADRA MAJHI,BALABHADRA MAJHI,False,False,False,NABARANGPUR(ST),False,True,st,NABARANGPUR,odisha|balabhadra majhi|nabarangpur(st)
69,69,Andhra Pradesh,Balashowry Vallabbhaneni,MACHILIPATNAM,147000000.0,147000000,Andhra Pradesh,Balashowry Vallabbhaneni,Balashowry Vallabbhaneni,False,True,False,MACHILIPATNAM,False,False,general,MACHILIPATNAM,andhra pradesh|balashowry vallabbhaneni|machilipatnam
70,70,Telangana,BALRAM NAIK PORIKA,MAHABUBABAD,147000000.0,147000000,Telangana,BALRAM NAIK PORIKA,BALRAM NAIK PORIKA,False,False,False,MAHABUBABAD,False,False,general,MAHABUBABAD,telangana|balram naik porika|mahabubabad
71,71,Maharashtra,BALWANT BASWANT WANKHADE,AMRAVATI(SC),198293678.0,198293678,Maharashtra,BALWANT BASWANT WANKHADE,BALWANT BASWANT WANKHADE,False,False,False,AMRAVATI(SC),False,False,sc,AMRAVATI,maharashtra|balwant baswant wankhade|amravati(sc)
72,72,Maharashtra,BALYA MAMA SURESH GOPINATH MHATRE,BHIWANDI,147000000.0,147000000,Maharashtra,BALYA MAMA SURESH GOPINATH MHATRE,BALYA MAMA SURESH GOPINATH MHATRE,False,False,False,BHIWANDI,False,False,general,BHIWANDI,maharashtra|balya mama suresh gopinath mhatre|bhiwandi
73,73,Delhi,Bansuri Swaraj,NEW DELHI,154306950.0,154306950,Delhi,Bansuri Swaraj,Bansuri Swaraj,False,True,False,NEW DELHI,False,False,general,NEW DELHI,delhi|bansuri swaraj|new delhi
74,74,West Bengal,BAPI HALDAR,MATHURAPUR(SC),147000000.0,147000000,West Bengal,BAPI HALDAR,BAPI HALDAR,False,False,False,MATHURAPUR(SC),False,False,sc,MATHURAPUR,west bengal|bapi haldar|mathurapur(sc)
75,75,Karnataka,BASAVARAJ BOMMAI,HAVERI,147000000.0,147000000,Karnataka,BASAVARAJ BOMMAI,BASAVARAJ BOMMAI,False,False,False,HAVERI,False,False,general,HAVERI,karnataka|basavaraj bommai|haveri
76,76,Andhra Pradesh,BASTIPATI NAGARAJU PANCHALINGALA,KURNOOL,159998515.11,159998515.11,Andhra Pradesh,BASTIPATI NAGARAJU PANCHALINGALA,BASTIPATI NAGARAJU PANCHALINGALA,False,False,False,KURNOOL,False,True,general,KURNOOL,andhra pradesh|bastipati nagaraju panchalingala|kurnool
77,77,Rajasthan,Bhagirath Chaudhary,AJMER,147000000.0,147000000,Rajasthan,Bhagirath Chaudhary,Bhagirath Chaudhary,False,True,False,AJMER,False,False,general,AJMER,rajasthan|bhagirath chaudhary|ajmer
78,78,Rajasthan,BHAJAN LAL JATAV,KARAULI-DHOLPUR(SC),147000000.0,147000000,Rajasthan,BHAJAN LAL JATAV,BHAJAN LAL JATAV,False,False,False,KARAULI-DHOLPUR(SC),False,False,sc,KARAULI-DHOLPUR,rajasthan|bhajan lal jatav|karauli-dholpur(sc)
79,79,Madhya Pradesh,BHARAT SINGH KUSHWAH,GWALIOR,151455276.04,151455276.04,Madhya Pradesh,BHARAT SINGH KUSHWAH,BHARAT SINGH KUSHWAH,False,False,False,GWALIOR,False,True,general,GWALIOR,madhya pradesh|bharat singh kushwah|gwalior
80,80,Gujarat,BHARATBHAI MANUBHAI SUTARIYA,AMRELI,147000000.0,147000000,Gujarat,BHARATBHAI MANUBHAI SUTARIYA,BHARATBHAI MANUBHAI SUTARIYA,False,False,False,AMRELI,False,False,general,AMRELI,gujarat|bharatbhai manubhai sutariya|amreli
81,81,Gujarat,Bharatsinhji Shankarji Dabhi,PATAN,147000000.0,147000000,Gujarat,Bharatsinhji Shankarji Dabhi,Bharatsinhji Shankarji Dabhi,False,True,False,PATAN,False,False,general,PATAN,gujarat|bharatsinhji shankarji dabhi|patan
82,82,Madhya Pradesh,BHARTI PARDHI,BALAGHAT,154398389.01,154398389.01,Madhya Pradesh,BHARTI PARDHI,BHARTI PARDHI,False,False,False,BALAGHAT,False,True,general,BALAGHAT,madhya pradesh|bharti pardhi|balaghat
83,83,Maharashtra,BHASKAR MURLIDHAR BHAGARE,DINDORI(ST),147000000.0,147000000,Maharashtra,BHASKAR MURLIDHAR BHAGARE,BHASKAR MURLIDHAR BHAGARE,False,False,False,DINDORI(ST),False,False,st,DINDORI,maharashtra|bhaskar murlidhar bhagare|dindori(st)
84,84,Maharashtra,BHAUSAHEB RAJARAM WAKCHAURE,SHIRDI(SC),147000000.0,147000000,Maharashtra,BHAUSAHEB RAJARAM WAKCHAURE,BHAUSAHEB RAJARAM WAKCHAURE,False,False,False,SHIRDI(SC),False,False,sc,SHIRDI,maharashtra|bhausaheb rajaram wakchaure|shirdi(sc)
85,85,Chhattisgarh,BHOJRAJ NAG,KANKER(ST),164672734.11,164672734.11,Chhattisgarh,BHOJRAJ NAG,BHOJRAJ NAG,False,False,False,KANKER(ST),False,True,st,KANKER,chhattisgarh|bhojraj nag|kanker(st)
86,86,Uttar Pradesh,Bhola Singh,BULANDSHAHR(SC),147000000.0,147000000,Uttar Pradesh,Bhola Singh,Bhola Singh,False,True,False,BULANDSHAHR(SC),False,False,sc,BULANDSHAHR,uttar pradesh|bhola singh|bulandshahr(sc)
87,87,Maharashtra,BHUMARE SANDIPANRAO ASARAM,AURANGABAD_MH,147000000.0,147000000,Maharashtra,BHUMARE SANDIPANRAO ASARAM,BHUMARE SANDIPANRAO ASARAM,False,False,False,AURANGABAD_MH,False,False,general,AURANGABAD (MH),maharashtra|bhumare sandipanrao asaram|aurangabad_mh
88,88,Andhra Pradesh,Bhupathiraju Srinivasa varma,NARASAPURAM,147000000.0,147000000,Andhra Pradesh,Bhupathiraju Srinivasa varma,Bhupathiraju Srinivasa varma,False,True,False,NARASAPURAM,False,False,general,NARASAPURAM,andhra pradesh|bhupathiraju srinivasa varma|narasapuram
89,89,Rajasthan,BHUPENDER YADAV,ALWAR,147000000.0,147000000,Rajasthan,BHUPENDER YADAV,BHUPENDER YADAV,False,False,False,ALWAR,False,False,general,ALWAR,rajasthan|bhupender yadav|alwar
90,90,Odisha,BIBHU PRASAD TARAI,JAGATSINGHPUR(SC),147000000.0,147000000,Odisha,BIBHU PRASAD TARAI,BIBHU PRASAD TARAI,False,False,False,JAGATSINGHPUR(SC),False,False,sc,JAGATSINGHPUR,odisha|bibhu prasad tarai|jagatsinghpur(sc)
91,91,Jharkhand,Bidyut Baran Mahato,JAMSHEDPUR,147000000.0,147000000,Jharkhand,Bidyut Baran Mahato,Bidyut Baran Mahato,False,True,False,JAMSHEDPUR,False,False,general,JAMSHEDPUR,jharkhand|bidyut baran mahato|jamshedpur
92,92,Assam,BIJULI KALITA MEDHI,GUWAHATI,147000000.0,147000000,Assam,BIJULI KALITA MEDHI,BIJULI KALITA MEDHI,False,False,False,GUWAHATI,False,False,general,GUWAHATI,assam|bijuli kalita medhi|guwahati
93,93,Tripura,BIPLAB KUMAR DEB,TRIPURA WEST,147000000.0,147000000,Tripura,BIPLAB KUMAR DEB,BIPLAB KUMAR DEB,False,False,False,TRIPURA WEST,False,False,general,TRIPURA WEST,tripura|biplab kumar deb|tripura west
94,94,Andaman And Nicobar Islands,BISHNU PADA RAY,ANDAMAN AND NICOBAR ISLANDS,147000000.0,147000000,Andaman And Nicobar Islands,BISHNU PADA RAY,BISHNU PADA RAY,False,False,False,ANDAMAN AND NICOBAR ISLANDS,False,False,general,ANDAMAN AND NICOBAR ISLANDS,andaman and nicobar islands|bishnu pada ray|andaman and nicobar islands
95,95,Rajasthan,BRIJENDRA SINGH OLA,JHUNJHUNU,147000000.0,147000000,Rajasthan,BRIJENDRA SINGH OLA,BRIJENDRA SINGH OLA,False,False,False,JHUNJHUNU,False,False,general,JHUNJHUNU,rajasthan|brijendra singh ola|jhunjhunu
96,96,Chhattisgarh,BRIJMOHAN AGRAWAL,RAIPUR,153766451.11,153766451.11,Chhattisgarh,BRIJMOHAN AGRAWAL,BRIJMOHAN AGRAWAL,False,False,False,RAIPUR,False,True,general,RAIPUR,chhattisgarh|brijmohan agrawal|raipur
97,97,Madhya Pradesh,BUNTY VIVEK SAHU,CHHINDWARA,147000000.0,147000000,Madhya Pradesh,BUNTY VIVEK SAHU,BUNTY VIVEK SAHU,False,False,False,CHHINDWARA,False,False,general,CHHINDWARA,madhya pradesh|bunty vivek sahu|chhindwara
98,98,Gujarat,C R Patil,NAVSARI,158532494.36,158532494.36,Gujarat,C R Patil,C R Patil,False,True,False,NAVSARI,False,True,general,NAVSARI,gujarat|c r patil|navsari
99,99,Andhra Pradesh,C.M.RAMESH,ANAKAPALLE,202531656.11,202531656.11,Andhra Pradesh,C.M.RAMESH,C.M.RAMESH,False,False,False,ANAKAPALLE,False,True,general,ANAKAPALLE,andhra pradesh|c.m.ramesh|anakapalle
100,100,Karnataka,CAPTAIN BRIJESH CHOWTA,DAKSHINA KANNADA,147000000.0,147000000,Karnataka,CAPTAIN BRIJESH CHOWTA,BRIJESH CHOWTA,True,False,False,DAKSHINA KANNADA,False,False,general,DAKSHINA KANNADA,karnataka|brijesh chowta|dakshina kannada
101,101,Goa,CAPTAIN VIRIATO FERNANDES,SOUTH GOA,147000000.0,147000000,Goa,CAPTAIN VIRIATO FERNANDES,VIRIATO FERNANDES,True,False,False,SOUTH GOA,False,False,general,SOUTH GOA,goa|viriato fernandes|south goa
102,102,Telangana,CHAMALA KIRAN KUMAR REDDY,BHONGIR,147000000.0,147000000,Telangana,CHAMALA KIRAN KUMAR REDDY,CHAMALA KIRAN KUMAR REDDY,False,False,False,BHONGIR,False,False,general,BHONGIR,telangana|chamala kiran kumar reddy|bhongir
103,103,Uttar Pradesh,CHANDAN CHAUHAN,BIJNOR,147000000.0,147000000,Uttar Pradesh,CHANDAN CHAUHAN,CHANDAN CHAUHAN,False,False,False,BIJNOR,False,False,general,BIJNOR,uttar pradesh|chandan chauhan|bijnor
104,104,Rajasthan,Chandra Prakash Joshi,CHITTORGARH,147000000.0,147000000,Rajasthan,Chandra Prakash Joshi,Chandra Prakash Joshi,False,True,False,CHITTORGARH,False,False,general,CHITTORGARH,rajasthan|chandra prakash joshi|chittorgarh
105,105,Uttar Pradesh,CHANDRA SHEKHAR,NAGINA(SC),147000000.0,147000000,Uttar Pradesh,CHANDRA SHEKHAR,CHANDRA SHEKHAR,False,False,False,NAGINA(SC),False,False,sc,NAGINA,uttar pradesh|chandra shekhar|nagina(sc)
106,106,Gujarat,CHANDUBHAI CHHAGANBHAI SHIHORA,SURENDRANAGAR,147000000.0,147000000,Gujarat,CHANDUBHAI CHHAGANBHAI SHIHORA,CHANDUBHAI CHHAGANBHAI SHIHORA,False,False,False,SURENDRANAGAR,False,False,general,SURENDRANAGAR,gujarat|chandubhai chhaganbhai shihora|surendranagar
107,107,Punjab,CHARANJIT SINGH CHANNI,JALANDHAR(SC),147000000.0,147000000,Punjab,CHARANJIT SINGH CHANNI,CHARANJIT SINGH CHANNI,False,False,False,JALANDHAR(SC),False,False,sc,JALANDHAR,punjab|charanjit singh channi|jalandhar(sc)
108,108,Maharashtra,CHAVAN VASANTRAO BALWANTRAO,NANDED,,,Maharashtra,CHAVAN VASANTRAO BALWANTRAO,CHAVAN VASANTRAO BALWANTRAO,False,False,False,NANDED,True,False,general,NANDED,maharashtra|chavan vasantrao balwantrao|nanded
109,109,Uttar Pradesh,CHHATRA PAL SINGH GANGWAR,BAREILLY,147000000.0,147000000,Uttar Pradesh,CHHATRA PAL SINGH GANGWAR,CHHATRA PAL SINGH GANGWAR,False,False,False,BAREILLY,False,False,general,BAREILLY,uttar pradesh|chhatra pal singh gangwar|bareilly
110,110,Maharashtra,CHHATRAPATI SHAHU SHAHAJI,KOLHAPUR,147000000.0,147000000,Maharashtra,CHHATRAPATI SHAHU SHAHAJI,CHHATRAPATI SHAHU SHAHAJI,False,False,False,KOLHAPUR,False,False,general,KOLHAPUR,maharashtra|chhatrapati shahu shahaji|kolhapur
111,111,Uttar Pradesh,CHHOTELAL,ROBERTSGANJ(SC),147000000.0,147000000,Uttar Pradesh,CHHOTELAL,CHHOTELAL,False,False,False,ROBERTSGANJ(SC),False,False,sc,ROBERTSGANJ,uttar pradesh|chhotelal|robertsganj(sc)
112,112,Chhattisgarh,CHINTAMANI MAHARAJ,SARGUJA(ST),147000000.0,147000000,Chhattisgarh,CHINTAMANI MAHARAJ,CHINTAMANI MAHARAJ,False,False,False,SARGUJA(ST),False,False,st,SARGUJA,chhattisgarh|chintamani maharaj|sarguja(st)
113,113,Bihar,CHIRAG PASWAN,HAJIPUR(SC),147000000.0,147000000,Bihar,CHIRAG PASWAN,CHIRAG PASWAN,False,False,False,HAJIPUR(SC),False,False,sc,HAJIPUR,bihar|chirag paswan|hajipur(sc)
114,114,Tamil Nadu,CN Annadurai,TIRUVANNAMALAI,148579509.11,148579509.11,Tamil Nadu,CN Annadurai,CN Annadurai,False,True,False,TIRUVANNAMALAI,False,True,general,TIRUVANNAMALAI,tamil nadu|cn annadurai|tiruvannamalai
115,115,Tamil Nadu,D M Kathir Anand,VELLORE,160196941.11,160196941.11,Tamil Nadu,D M Kathir Anand,D M Kathir Anand,False,True,False,VELLORE,False,True,general,VELLORE,tamil nadu|d m kathir anand|vellore
116,116,Tamil Nadu,D Ravikumar,VILUPPURAM(SC),197598306.11,197598306.11,Tamil Nadu,D Ravikumar,D Ravikumar,False,True,False,VILUPPURAM(SC),False,True,sc,VILUPPURAM,tamil nadu|d ravikumar|viluppuram(sc)
117,117,Andhra Pradesh,Daggubati Purandeshwari,RAJAHMUNDRY,147000000.0,147000000,Andhra Pradesh,Daggubati Purandeshwari,Daggubati Purandeshwari,False,True,False,RAJAHMUNDRY,False,False,general,RAJAHMUNDRY,andhra pradesh|daggubati purandeshwari|rajahmundry
118,118,Andhra Pradesh,DAGGUMALLA PRASADA RAO,CHITTOOR,147000000.0,147000000,Andhra Pradesh,DAGGUMALLA PRASADA RAO,DAGGUMALLA PRASADA RAO,False,False,False,CHITTOOR,False,False,general,CHITTOOR,andhra pradesh|daggumalla prasada rao|chittoor
119,119,Rajasthan,DAMODAR AGARWAL,BHILWARA,147000000.0,147000000,Rajasthan,DAMODAR AGARWAL,DAMODAR AGARWAL,False,False,False,BHILWARA,False,False,general,BHILWARA,rajasthan|damodar agarwal|bhilwara
120,120,Uttar Pradesh,DAROGA PRASAD SAROJ,LALGANJ (SC),147000000.0,147000000,Uttar Pradesh,DAROGA PRASAD SAROJ,DAROGA PRASAD SAROJ,False,False,False,LALGANJ (SC),False,False,sc,LALGANJ,uttar pradesh|daroga prasad saroj|lalganj (sc)
121,121,Madhya Pradesh,DARSHAN SINGH CHOUDHARY,HOSHANGABAD,147000000.0,147000000,Madhya Pradesh,DARSHAN SINGH CHOUDHARY,DARSHAN SINGH CHOUDHARY,False,False,False,HOSHANGABAD,False,False,general,HOSHANGABAD,madhya pradesh|darshan singh choudhary|hoshangabad
122,122,Haryana,DEEPENDER SINGH HOODA,ROHTAK,147000000.0,147000000,Haryana,DEEPENDER SINGH HOODA,DEEPENDER SINGH HOODA,False,False,False,ROHTAK,False,False,general,ROHTAK,haryana|deepender singh hooda|rohtak
123,123,Uttar Pradesh,Devendra Alias Bhole Singh,AKBARPUR,147000000.0,147000000,Uttar Pradesh,Devendra Alias Bhole Singh,Devendra Alias Bhole Singh,False,True,False,AKBARPUR,False,False,general,AKBARPUR,uttar pradesh|devendra alias bhole singh|akbarpur
124,124,Bihar,DEVESH CHANDRA THAKUR,SITAMARHI,163809205.11,163809205.11,Bihar,DEVESH CHANDRA THAKUR,DEVESH CHANDRA THAKUR,False,False,False,SITAMARHI,False,True,general,SITAMARHI,bihar|devesh chandra thakur|sitamarhi
125,125,Uttar Pradesh,DEVESH SHAKYA,ETAH,147000000.0,147000000,Uttar Pradesh,DEVESH SHAKYA,DEVESH SHAKYA,False,False,False,ETAH,False,False,general,ETAH,uttar pradesh|devesh shakya|etah
126,126,Gujarat,Devusinh Jesingbhai Chauhan,KHEDA,147000000.0,147000000,Gujarat,Devusinh Jesingbhai Chauhan,Devusinh Jesingbhai Chauhan,False,True,False,KHEDA,False,False,general,KHEDA,gujarat|devusinh jesingbhai chauhan|kheda
127,127,Maharashtra,Dhairyasheel Sambhajirao Mane,HATKANANGLE,147000000.0,147000000,Maharashtra,Dhairyasheel Sambhajirao Mane,Dhairyasheel Sambhajirao Mane,False,True,False,HATKANANGLE,False,False,general,HATKANANGLE,maharashtra|dhairyasheel sambhajirao mane|hatkanangle
128,128,Maharashtra,DHANORKAR PRATIBHA SURESH ALIAS BALUBHAU,CHANDRAPUR,147000000.0,147000000,Maharashtra,DHANORKAR PRATIBHA SURESH ALIAS BALUBHAU,DHANORKAR PRATIBHA SURESH ALIAS BALUBHAU,False,False,False,CHANDRAPUR,False,False,general,CHANDRAPUR,maharashtra|dhanorkar pratibha suresh alias balubhau|chandrapur
129,129,Odisha,DHARMENDRA PRADHAN,SAMBALPUR,147000000.0,147000000,Odisha,DHARMENDRA PRADHAN,DHARMENDRA PRADHAN,False,False,False,SAMBALPUR,False,False,general,SAMBALPUR,odisha|dharmendra pradhan|sambalpur
130,130,Uttar Pradesh,DHARMENDRA YADAV,AZAMGARH,147000000.0,147000000,Uttar Pradesh,DHARMENDRA YADAV,DHARMENDRA YADAV,False,False,False,AZAMGARH,False,False,general,AZAMGARH,uttar pradesh|dharmendra yadav|azamgarh
131,131,Gujarat,DHAVAL LAXMANBHAI PATEL,VALSAD(ST),147000000.0,147000000,Gujarat,DHAVAL LAXMANBHAI PATEL,DHAVAL LAXMANBHAI PATEL,False,False,False,VALSAD(ST),False,False,st,VALSAD,gujarat|dhaval laxmanbhai patel|valsad(st)
132,132,Bihar,Dileshwar Kamait,SUPAUL,150450930.89,150450930.89,Bihar,Dileshwar Kamait,Dileshwar Kamait,False,True,False,SUPAUL,False,True,general,SUPAUL,bihar|dileshwar kamait|supaul
133,133,Assam,Dilip Saikia,Darrang-Udalguri,147000000.0,147000000,Assam,Dilip Saikia,Dilip Saikia,False,True,False,Darrang-Udalguri,False,False,general,Darrang-Udalguri,assam|dilip saikia|darrang-udalguri
134,134,Bihar,Dinesh Chandra Yadav,MADHEPURA,150070866.11,150070866.11,Bihar,Dinesh Chandra Yadav,Dinesh Chandra Yadav,False,True,False,MADHEPURA,False,True,general,MADHEPURA,bihar|dinesh chandra yadav|madhepura
135,135,Gujarat,DINESHBHAI MAKWANA,AHMEDABAD WEST(SC),160434965.11,160434965.11,Gujarat,DINESHBHAI MAKWANA,DINESHBHAI MAKWANA,False,False,False,AHMEDABAD WEST(SC),False,True,sc,AHMEDABAD WEST,gujarat|dineshbhai makwana|ahmedabad west(sc)
136,136,Andhra Pradesh,DR BYREDDY SHABARI,NANDYAL,150675889.11,150675889.11,Andhra Pradesh,DR BYREDDY SHABARI,BYREDDY SHABARI,True,False,False,NANDYAL,False,True,general,NANDYAL,andhra pradesh|byreddy shabari|nandyal
137,137,Karnataka,DR C N MANJUNATH,BANGALORE RURAL,147000000.0,147000000,Karnataka,DR C N MANJUNATH,C N MANJUNATH,True,False,False,BANGALORE RURAL,False,False,general,BANGALORE RURAL,karnataka|c n manjunath|bangalore rural
138,138,Andhra Pradesh,Dr Chandra Sekhar Pemmasani,GUNTUR,159774113.11,159774113.11,Andhra Pradesh,Dr Chandra Sekhar Pemmasani,Chandra Sekhar Pemmasani,True,True,False,GUNTUR,False,True,general,GUNTUR,andhra pradesh|chandra sekhar pemmasani|guntur
139,139,Punjab,DR DHARAMVIRA GANDHI,PATIALA,147000000.0,147000000,Punjab,DR DHARAMVIRA GANDHI,DHARAMVIRA GANDHI,True,False,False,PATIALA,False,False,general,PATIALA,punjab|dharamvira gandhi|patiala
140,140,West Bengal,Dr Jayanta Kumar Roy,JALPAIGURI(SC),147000000.0,147000000,West Bengal,Dr Jayanta Kumar Roy,Jayanta Kumar Roy,True,True,False,JALPAIGURI(SC),False,False,sc,JALPAIGURI,west bengal|jayanta kumar roy|jalpaiguri(sc)
141,141,Maharashtra,DR KALGE SHIVAJI BANDAPPA,LATUR(SC),147000000.0,147000000,Maharashtra,DR KALGE SHIVAJI BANDAPPA,KALGE SHIVAJI BANDAPPA,True,False,False,LATUR(SC),False,False,sc,LATUR,maharashtra|kalge shivaji bandappa|latur(sc)
142,142,Bihar,Dr Mohammad Jawed,KISHANGANJ,148669229.11,148669229.11,Bihar,Dr Mohammad Jawed,Mohammad Jawed,True,True,False,KISHANGANJ,False,True,general,KISHANGANJ,bihar|mohammad jawed|kishanganj
143,143,Uttar Pradesh,DR RAJKUMAR SANGWAN,BAGHPAT,147000000.0,147000000,Uttar Pradesh,DR RAJKUMAR SANGWAN,RAJKUMAR SANGWAN,True,False,False,BAGHPAT,False,False,general,BAGHPAT,uttar pradesh|rajkumar sangwan|baghpat
144,144,Tamil Nadu,DR RANI SRI KUMAR,TENKASI(SC),153060922.82,153060922.82,Tamil Nadu,DR RANI SRI KUMAR,RANI SRI KUMAR,True,False,False,TENKASI(SC),False,True,sc,TENKASI,tamil nadu|rani sri kumar|tenkasi(sc)
145,145,Kerala,Dr Shashi Tharoor,THIRUVANANTHAPURAM,147000000.0,147000000,Kerala,Dr Shashi Tharoor,Shashi Tharoor,True,True,False,THIRUVANANTHAPURAM,False,False,general,THIRUVANANTHAPURAM,kerala|shashi tharoor|thiruvananthapuram
146,146,West Bengal,Dr Sukanta Majumdar,BALURGHAT,157085364.9,157085364.9,West Bengal,Dr Sukanta Majumdar,Sukanta Majumdar,True,True,False,BALURGHAT,False,True,general,BALURGHAT,west bengal|sukanta majumdar|balurghat
147,147,Gujarat,DR. HEMANG JOSHI,VADODARA,147000000.0,147000000,Gujarat,DR. HEMANG JOSHI,HEMANG JOSHI,True,False,False,VADODARA,False,False,general,VADODARA,gujarat|hemang joshi|vadodara
148,148,Maharashtra,DR. HEMANT VISHNU SAVARA,PALGHAR(ST),147000000.0,147000000,Maharashtra,DR. HEMANT VISHNU SAVARA,HEMANT VISHNU SAVARA,True,False,False,PALGHAR(ST),False,False,st,PALGHAR,maharashtra|hemant vishnu savara|palghar(st)
149,149,Maharashtra,DR. KIRSAN NAMDEO,GADCHIROLI-CHIMUR(ST),147000000.0,147000000,Maharashtra,DR. KIRSAN NAMDEO,KIRSAN NAMDEO,True,False,False,GADCHIROLI-CHIMUR(ST),False,False,st,GADCHIROLI-CHIMUR,maharashtra|kirsan namdeo|gadchiroli-chimur(st)
150,150,Madhya Pradesh,DR. LATA WANKHEDE,SAGAR,147000000.0,147000000,Madhya Pradesh,DR. LATA WANKHEDE,LATA WANKHEDE,True,False,False,SAGAR,False,False,general,SAGAR,madhya pradesh|lata wankhede|sagar
151,151,Kerala,DR. M.P ABDUSSAMAD SAMADANI,PONNANI,170434031.11,170434031.11,Kerala,DR. M.P ABDUSSAMAD SAMADANI,M.P ABDUSSAMAD SAMADANI,True,False,False,PONNANI,False,True,general,PONNANI,kerala|m.p abdussamad samadani|ponnani
152,152,Gujarat,DR. MANSUKH MANDAVIYA,PORBANDAR,147000000.0,147000000,Gujarat,DR. MANSUKH MANDAVIYA,MANSUKH MANDAVIYA,True,False,False,PORBANDAR,False,False,general,PORBANDAR,gujarat|mansukh mandaviya|porbandar
153,153,Karnataka,DR. PRABHA MALLIKARJUN,DAVANAGERE,147000000.0,147000000,Karnataka,DR. PRABHA MALLIKARJUN,PRABHA MALLIKARJUN,True,False,False,DAVANAGERE,False,False,general,DAVANAGERE,karnataka|prabha mallikarjun|davanagere
154,154,Odisha,DR. PRADEEP KUMAR PANIGRAHY,BERHAMPUR,147000000.0,147000000,Odisha,DR. PRADEEP KUMAR PANIGRAHY,PRADEEP KUMAR PANIGRAHY,True,False,False,BERHAMPUR,False,False,general,BERHAMPUR,odisha|pradeep kumar panigrahy|berhampur
155,155,Maharashtra,DR. PRASHANT YADAORAO PADOLE,BHANDARA-GONDIYA,159680283.39,159680283.39,Maharashtra,DR. PRASHANT YADAORAO PADOLE,PRASHANT YADAORAO PADOLE,True,False,False,BHANDARA-GONDIYA,False,True,general,BHANDARA-GONDIYA,maharashtra|prashant yadaorao padole|bhandara-gondiya
156,156,Punjab,DR. RAJ KUMAR CHABBEWAL,HOSHIARPUR(SC),147000000.0,147000000,Punjab,DR. RAJ KUMAR CHABBEWAL,RAJ KUMAR CHABBEWAL,True,False,False,HOSHIARPUR(SC),False,False,sc,HOSHIARPUR,punjab|raj kumar chabbewal|hoshiarpur(sc)
157,157,Madhya Pradesh,DR. RAJESH MISHRA,SIDHI,262724510.35,262724510.35,Madhya Pradesh,DR. RAJESH MISHRA,RAJESH MISHRA,True,False,False,SIDHI,False,True,general,SIDHI,madhya pradesh|rajesh mishra|sidhi
158,158,Uttar Pradesh,DR. S P SINGH,PRATAPGARH,147000000.0,147000000,Uttar Pradesh,DR. S P SINGH,S P SINGH,True,False,False,PRATAPGARH,False,False,general,PRATAPGARH,uttar pradesh|s p singh|pratapgarh
159,159,West Bengal,DR. SHARMILA SARKAR,BARDHAMAN PURBA(SC),147000000.0,147000000,West Bengal,DR. SHARMILA SARKAR,SHARMILA SARKAR,True,False,False,BARDHAMAN PURBA(SC),False,False,sc,BARDHAMAN PURBA,west bengal|sharmila sarkar|bardhaman purba(sc)
160,160,Karnataka,DR.K.SUDHAKAR,CHIKBALLAPUR,147000000.0,147000000,Karnataka,DR.K.SUDHAKAR,DR.K.SUDHAKAR,False,False,False,CHIKBALLAPUR,False,False,general,CHIKBALLAPUR,karnataka|dr.k.sudhakar|chikballapur
161,161,Telangana,DR.MALLU RAVI,NAGARKURNOOL(SC),147000000.0,147000000,Telangana,DR.MALLU RAVI,DR.MALLU RAVI,False,False,False,NAGARKURNOOL(SC),False,False,sc,NAGARKURNOOL,telangana|dr.mallu ravi|nagarkurnool(sc)
162,162,Jharkhand,DULU MAHATO,DHANBAD,147000000.0,147000000,Jharkhand,DULU MAHATO,DULU MAHATO,False,False,False,DHANBAD,False,False,general,DHANBAD,jharkhand|dulu mahato|dhanbad
163,163,Tamil Nadu,DURAI VAIKO,TIRUCHIRAPPALLI,147000000.0,147000000,Tamil Nadu,DURAI VAIKO,DURAI VAIKO,False,False,False,TIRUCHIRAPPALLI,False,False,general,TIRUCHIRAPPALLI,tamil nadu|durai vaiko|tiruchirappalli
164,164,Madhya Pradesh,Durga Das Uikey,BETUL(ST),151569502.91,151569502.91,Madhya Pradesh,Durga Das Uikey,Durga Das Uikey,False,True,False,BETUL(ST),False,True,st,BETUL,madhya pradesh|durga das uikey|betul(st)
165,165,Rajasthan,Dushyant Singh,JHALAWAR-BARAN,147000000.0,147000000,Rajasthan,Dushyant Singh,Dushyant Singh,False,True,False,JHALAWAR-BARAN,False,False,general,JHALAWAR-BARAN,rajasthan|dushyant singh|jhalawar-baran
166,166,Karnataka,E. TUKARAM,BELLARY(ST),147000000.0,147000000,Karnataka,E. TUKARAM,E. TUKARAM,False,False,False,BELLARY(ST),False,False,st,BELLARY,karnataka|e. tukaram|bellary(st)
167,167,Kerala,E.T. MOHAMMED BASHEER,MALAPPURAM,163895872.11,163895872.11,Kerala,E.T. MOHAMMED BASHEER,E.T. MOHAMMED BASHEER,False,False,False,MALAPPURAM,False,True,general,MALAPPURAM,kerala|e.t. mohammed basheer|malappuram
168,168,Telangana,EATALA RAJENDER,MALKAJGIRI,327477390.86,327477390.86,Telangana,EATALA RAJENDER,EATALA RAJENDER,False,False,False,MALKAJGIRI,False,True,general,MALKAJGIRI,telangana|eatala rajender|malkajgiri
169,169,Tamil Nadu,ESWARASAMY K,POLLACHI,162315106.11,162315106.11,Tamil Nadu,ESWARASAMY K,ESWARASAMY K,False,False,False,POLLACHI,False,True,general,POLLACHI,tamil nadu|eswarasamy k|pollachi
170,170,Madhya Pradesh,Faggan Singh Kulaste,MANDLA(ST),151861648.41,151861648.41,Madhya Pradesh,Faggan Singh Kulaste,Faggan Singh Kulaste,False,True,False,MANDLA(ST),False,True,st,MANDLA,madhya pradesh|faggan singh kulaste|mandla(st)
171,171,Karnataka,G. KUMAR NAIK,RAICHUR(ST),147000000.0,147000000,Karnataka,G. KUMAR NAIK,G. KUMAR NAIK,False,False,False,RAICHUR(ST),False,False,st,RAICHUR,karnataka|g. kumar naik|raichur(st)
172,172,Maharashtra,GAIKWAD VARSHA EKNATH,MUMBAI NORTH-CENTRAL,147000000.0,147000000,Maharashtra,GAIKWAD VARSHA EKNATH,GAIKWAD VARSHA EKNATH,False,False,False,MUMBAI NORTH-CENTRAL,False,False,general,MUMBAI NORTH-CENTRAL,maharashtra|gaikwad varsha eknath|mumbai north-central
173,173,Madhya Pradesh,Gajendra Singh Patel,KHARGONE(ST),147000000.0,147000000,Madhya Pradesh,Gajendra Singh Patel,Gajendra Singh Patel,False,True,False,KHARGONE(ST),False,False,st,KHARGONE,madhya pradesh|gajendra singh patel|khargone(st)
174,174,Rajasthan,Gajendra Singh Shekhawat,JODHPUR,147000000.0,147000000,Rajasthan,Gajendra Singh Shekhawat,Gajendra Singh Shekhawat,False,True,False,JODHPUR,False,False,general,JODHPUR,rajasthan|gajendra singh shekhawat|jodhpur
175,175,Tamil Nadu,GANAPATHY RAJKUMAR P,COIMBATORE,147370490.11,147370490.11,Tamil Nadu,GANAPATHY RAJKUMAR P,GANAPATHY RAJKUMAR P,False,False,False,COIMBATORE,False,True,general,COIMBATORE,tamil nadu|ganapathy rajkumar p|coimbatore
176,176,Tamil Nadu,Ganesan Selvam,KANCHEEPURAM(SC),186508749.11,186508749.11,Tamil Nadu,Ganesan Selvam,Ganesan Selvam,False,True,False,KANCHEEPURAM(SC),False,True,sc,KANCHEEPURAM,tamil nadu|ganesan selvam|kancheepuram(sc)
177,177,Madhya Pradesh,Ganesh Singh,SATNA,147000000.0,147000000,Madhya Pradesh,Ganesh Singh,Ganesh Singh,False,True,False,SATNA,False,False,general,SATNA,madhya pradesh|ganesh singh|satna
178,178,Assam,GAURAV GOGOI,JORHAT,147000000.0,147000000,Assam,GAURAV GOGOI,GAURAV GOGOI,False,False,False,JORHAT,False,False,general,JORHAT,assam|gaurav gogoi|jorhat
179,179,Gujarat,GENIBEN NAGAJI THAKOR,BANASKANTHA,147000000.0,147000000,Gujarat,GENIBEN NAGAJI THAKOR,GENIBEN NAGAJI THAKOR,False,False,False,BANASKANTHA,False,False,general,BANASKANTHA,gujarat|geniben nagaji thakor|banaskantha
180,180,Bihar,Giridhari Yadav,BANKA,147000000.0,147000000,Bihar,Giridhari Yadav,Giridhari Yadav,False,True,False,BANKA,False,False,general,BANKA,bihar|giridhari yadav|banka
181,181,Bihar,Giriraj Singh,BEGUSARAI,147000000.0,147000000,Bihar,Giriraj Singh,Giriraj Singh,False,True,False,BEGUSARAI,False,False,general,BEGUSARAI,bihar|giriraj singh|begusarai
182,182,Andhra Pradesh,GM Harish Balayogi,AMALAPURAM(SC),147000000.0,147000000,Andhra Pradesh,GM Harish Balayogi,GM Harish Balayogi,False,True,False,AMALAPURAM(SC),False,False,sc,AMALAPURAM,andhra pradesh|gm harish balayogi|amalapuram(sc)
183,183,Telangana,GODAM NAGESH,ADILABAD(ST),147000000.0,147000000,Telangana,GODAM NAGESH,GODAM NAGESH,False,False,False,ADILABAD(ST),False,False,st,ADILABAD,telangana|godam nagesh|adilabad(st)
184,184,Tamil Nadu,GOPINATH K,KRISHNAGIRI,147000000.0,147000000,Tamil Nadu,GOPINATH K,GOPINATH K,False,False,False,KRISHNAGIRI,False,False,general,KRISHNAGIRI,tamil nadu|gopinath k|krishnagiri
185,185,Karnataka,GOVIND MAKTHAPPA KARJOL,CHITRADURGA(SC),147000000.0,147000000,Karnataka,GOVIND MAKTHAPPA KARJOL,GOVIND MAKTHAPPA KARJOL,False,False,False,CHITRADURGA(SC),False,False,sc,CHITRADURGA,karnataka|govind makthappa karjol|chitradurga(sc)
186,186,Andhra Pradesh,Gumma Thanuja Rani,ARAKU(ST),149458905.11,149458905.11,Andhra Pradesh,Gumma Thanuja Rani,Gumma Thanuja Rani,False,True,False,ARAKU(ST),False,True,st,ARAKU,andhra pradesh|gumma thanuja rani|araku(st)
187,187,Punjab,GURMEET SINGH MEET HAYER,SANGRUR,147000000.0,147000000,Punjab,GURMEET SINGH MEET HAYER,GURMEET SINGH MEET HAYER,False,False,False,SANGRUR,False,False,general,SANGRUR,punjab|gurmeet singh meet hayer|sangrur
188,188,Madhya Pradesh,Gyaneshwar Patil,KHANDWA,155690684.77,155690684.77,Madhya Pradesh,Gyaneshwar Patil,Gyaneshwar Patil,False,True,False,KHANDWA,False,True,general,KHANDWA,madhya pradesh|gyaneshwar patil|khandwa
189,189,Karnataka,H.D. KUMARASWAMY,MANDYA,147000000.0,147000000,Karnataka,H.D. KUMARASWAMY,H.D. KUMARASWAMY,False,False,False,MANDYA,False,False,general,MANDYA,karnataka|h.d. kumaraswamy|mandya
190,190,Uttar Pradesh,HARENDRA SINGH MALIK,MUZAFFARNAGAR,147000000.0,147000000,Uttar Pradesh,HARENDRA SINGH MALIK,HARENDRA SINGH MALIK,False,False,False,MUZAFFARNAGAR,False,False,general,MUZAFFARNAGAR,uttar pradesh|harendra singh malik|muzaffarnagar
191,191,Gujarat,HARIBHAI PATEL,MAHESANA,147000000.0,147000000,Gujarat,HARIBHAI PATEL,HARIBHAI PATEL,False,False,False,MAHESANA,False,False,general,MAHESANA,gujarat|haribhai patel|mahesana
192,192,Rajasthan,HARISH CHANDRA MEENA,TONK-SAWAI MADHOPUR,147000000.0,147000000,Rajasthan,HARISH CHANDRA MEENA,HARISH CHANDRA MEENA,False,False,False,TONK-SAWAI MADHOPUR,False,False,general,TONK-SAWAI MADHOPUR,rajasthan|harish chandra meena|tonk-sawai madhopur
193,193,Delhi,Harsh Malhotra,EAST DELHI,147134131.0,147134131,Delhi,Harsh Malhotra,Harsh Malhotra,False,True,False,EAST DELHI,False,False,general,EAST DELHI,delhi|harsh malhotra|east delhi
194,194,Gujarat,Hasmukh Bhai Soma Bhai Patel,AHMEDABAD EAST,147000000.0,147000000,Gujarat,Hasmukh Bhai Soma Bhai Patel,Hasmukh Bhai Soma Bhai Patel,False,True,False,AHMEDABAD EAST,False,False,general,AHMEDABAD EAST,gujarat|hasmukh bhai soma bhai patel|ahmedabad east
195,195,Uttar Pradesh,IMRAN MASOOD,SAHARANPUR,147000000.0,147000000,Uttar Pradesh,IMRAN MASOOD,IMRAN MASOOD,False,False,False,SAHARANPUR,False,False,general,SAHARANPUR,uttar pradesh|imran masood|saharanpur
196,196,Sikkim,Indra Hang Subba,SIKKIM,152003923.11,152003923.11,Sikkim,Indra Hang Subba,Indra Hang Subba,False,True,False,SIKKIM,False,True,general,SIKKIM,sikkim|indra hang subba|sikkim
197,197,Uttar Pradesh,IQRA CHOUDHARY,KAIRANA,147000000.0,147000000,Uttar Pradesh,IQRA CHOUDHARY,IQRA CHOUDHARY,False,False,False,KAIRANA,False,False,general,KAIRANA,uttar pradesh|iqra choudhary|kairana
198,198,West Bengal,ISHA KHAN CHOUDHURY,MALDAHA DAKSHIN,147000000.0,147000000,West Bengal,ISHA KHAN CHOUDHURY,ISHA KHAN CHOUDHURY,False,False,False,MALDAHA DAKSHIN,False,False,general,MALDAHA DAKSHIN,west bengal|isha khan choudhury|maldaha dakshin
199,199,West Bengal,JAGADISH CHANDRA BARMA BASUNIA,COOCHBEHAR(SC),168604641.11,168604641.11,West Bengal,JAGADISH CHANDRA BARMA BASUNIA,JAGADISH CHANDRA BARMA BASUNIA,False,False,False,COOCHBEHAR(SC),False,True,sc,COOCHBEHAR,west bengal|jagadish chandra barma basunia|coochbehar(sc)
200,200,Karnataka,JAGADISH SHETTAR,BELGAUM,147000000.0,147000000,Karnataka,JAGADISH SHETTAR,JAGADISH SHETTAR,False,False,False,BELGAUM,False,False,general,BELGAUM,karnataka|jagadish shettar|belgaum
201,201,West Bengal,Jagannath Sarkar,RANAGHAT(SC),147000000.0,147000000,West Bengal,Jagannath Sarkar,Jagannath Sarkar,False,True,False,RANAGHAT(SC),False,False,sc,RANAGHAT,west bengal|jagannath sarkar|ranaghat(sc)
202,202,Uttar Pradesh,Jagdambika Pal,DOMARIYAGANJ,160643957.11,160643957.11,Uttar Pradesh,Jagdambika Pal,Jagdambika Pal,False,True,False,DOMARIYAGANJ,False,True,general,DOMARIYAGANJ,uttar pradesh|jagdambika pal|domariyaganj
203,203,Haryana,JAI PARKASH,HISAR,147000000.0,147000000,Haryana,JAI PARKASH,JAI PARKASH,False,False,False,HISAR,False,False,general,HISAR,haryana|jai parkash|hisar
204,204,Uttar Pradesh,Jai Prakash,HARDOI (SC),147000000.0,147000000,Uttar Pradesh,Jai Prakash,Jai Prakash,False,True,False,HARDOI (SC),False,False,sc,HARDOI,uttar pradesh|jai prakash|hardoi (sc)
205,205,Madhya Pradesh,Janardan Mishra,REWA,147000000.0,147000000,Madhya Pradesh,Janardan Mishra,Janardan Mishra,False,True,False,REWA,False,False,general,REWA,madhya pradesh|janardan mishra|rewa
206,206,Gujarat,JASHUBHAI BHILUBHAI RATHVA,CHHOTA UDAIPUR(ST),147000000.0,147000000,Gujarat,JASHUBHAI BHILUBHAI RATHVA,JASHUBHAI BHILUBHAI RATHVA,False,False,False,CHHOTA UDAIPUR(ST),False,False,st,CHHOTA UDAIPUR,gujarat|jashubhai bhilubhai rathva|chhota udaipur(st)
207,207,Gujarat,Jaswantsinh Sumanbhai Bhabhor,DAHOD(ST),147000000.0,147000000,Gujarat,Jaswantsinh Sumanbhai Bhabhor,Jaswantsinh Sumanbhai Bhabhor,False,True,False,DAHOD(ST),False,False,st,DAHOD,gujarat|jaswantsinh sumanbhai bhabhor|dahod(st)
208,208,Bihar,JITAN RAM MANJHI,GAYA (SC),147000000.0,147000000,Bihar,JITAN RAM MANJHI,JITAN RAM MANJHI,False,False,False,GAYA (SC),False,False,sc,GAYA,bihar|jitan ram manjhi|gaya (sc)
209,209,Uttar Pradesh,JITENDRA KUMAR DOHARE,ETAWAH(SC),188747306.26,188747306.26,Uttar Pradesh,JITENDRA KUMAR DOHARE,JITENDRA KUMAR DOHARE,False,False,False,ETAWAH(SC),False,True,sc,ETAWAH,uttar pradesh|jitendra kumar dohare|etawah(sc)
210,210,Jammu And Kashmir,Jitendra Singh,UDHAMPUR,147000000.0,147000000,Jammu And Kashmir,Jitendra Singh,Jitendra Singh,False,True,False,UDHAMPUR,False,False,general,UDHAMPUR,jammu and kashmir|jitendra singh|udhampur
211,211,Uttar Pradesh,JITIN PRASADA,PILIBHIT,147000000.0,147000000,Uttar Pradesh,JITIN PRASADA,JITIN PRASADA,False,False,False,PILIBHIT,False,False,general,PILIBHIT,uttar pradesh|jitin prasada|pilibhit
212,212,Jharkhand,JOBA MAJHI,SINGHBHUM(ST),147000000.0,147000000,Jharkhand,JOBA MAJHI,JOBA MAJHI,False,False,False,SINGHBHUM(ST),False,False,st,SINGHBHUM,jharkhand|joba majhi|singhbhum(st)
213,213,Assam,JOYANTA BASUMATARY,KOKRAJHAR (ST),147000000.0,147000000,Assam,JOYANTA BASUMATARY,JOYANTA BASUMATARY,False,False,False,KOKRAJHAR (ST),False,False,st,KOKRAJHAR,assam|joyanta basumatary|kokrajhar (st)
214,214,West Bengal,JUNE MALIAH,MEDINIPUR,147000000.0,147000000,West Bengal,JUNE MALIAH,JUNE MALIAH,False,False,False,MEDINIPUR,False,False,general,MEDINIPUR,west bengal|june maliah|medinipur
215,215,Madhya Pradesh,JYOTIRADITYA M. SCINDIA,GUNA,147000000.0,147000000,Madhya Pradesh,JYOTIRADITYA M. SCINDIA,JYOTIRADITYA M. SCINDIA,False,False,False,GUNA,False,False,general,GUNA,madhya pradesh|jyotiraditya m. scindia|guna
216,216,Chhattisgarh,Jyotsna Charandas Mahant,KORBA,155153738.11,155153738.11,Chhattisgarh,Jyotsna Charandas Mahant,Jyotsna Charandas Mahant,False,True,False,KORBA,False,True,general,KORBA,chhattisgarh|jyotsna charandas mahant|korba
217,217,Tamil Nadu,K E PRAKASH,ERODE,147000000.0,147000000,Tamil Nadu,K E PRAKASH,K E PRAKASH,False,False,False,ERODE,False,False,general,ERODE,tamil nadu|k e prakash|erode
218,218,Kerala,K RADHAKRISHNAN,ALATHUR(SC),147000000.0,147000000,Kerala,K RADHAKRISHNAN,K RADHAKRISHNAN,False,False,False,ALATHUR(SC),False,False,sc,ALATHUR,kerala|k radhakrishnan|alathur(sc)
219,219,Tamil Nadu,K Subbarayan,TIRUPPUR,147000000.0,147000000,Tamil Nadu,K Subbarayan,K Subbarayan,False,True,False,TIRUPPUR,False,False,general,TIRUPPUR,tamil nadu|k subbarayan|tiruppur
220,220,Kerala,K. C VENUGOPAL,ALAPPUZHA,147000000.0,147000000,Kerala,K. C VENUGOPAL,K. C VENUGOPAL,False,False,False,ALAPPUZHA,False,False,general,ALAPPUZHA,kerala|k. c venugopal|alappuzha
221,221,Karnataka,K. RAJASHEKAR BASAVARAJ HITNAL,KOPPAL,147000000.0,147000000,Karnataka,K. RAJASHEKAR BASAVARAJ HITNAL,K. RAJASHEKAR BASAVARAJ HITNAL,False,False,False,KOPPAL,False,False,general,KOPPAL,karnataka|k. rajashekar basavaraj hitnal|koppal
222,222,Telangana,KADIYAM KAVYA,WARANGEL(SC),147000000.0,147000000,Telangana,KADIYAM KAVYA,KADIYAM KAVYA,False,False,False,WARANGEL(SC),False,False,sc,WARANGEL,telangana|kadiyam kavya|warangel(sc)
223,223,West Bengal,Kakoli Ghosh Dastidar,BARASAT,147000000.0,147000000,West Bengal,Kakoli Ghosh Dastidar,Kakoli Ghosh Dastidar,False,True,False,BARASAT,False,False,general,BARASAT,west bengal|kakoli ghosh dastidar|barasat
224,224,The Dadra And Nagar Haveli And Daman And Diu,Kalaben Mohanbhai Delkar,DADRA & NAGAR HAVELI (ST),147000000.0,147000000,The Dadra And Nagar Haveli And Daman And Diu,Kalaben Mohanbhai Delkar,Kalaben Mohanbhai Delkar,False,True,False,DADRA & NAGAR HAVELI (ST),False,False,st,DADRA & NAGAR HAVELI,the dadra and nagar haveli and daman and diu|kalaben mohanbhai delkar|dadra & nagar haveli (st)
225,225,Tamil Nadu,Kalanidhi Veeraswamy,CHENNAI NORTH,171500000.0,171500000,Tamil Nadu,Kalanidhi Veeraswamy,Kalanidhi Veeraswamy,False,True,False,CHENNAI NORTH,False,False,general,CHENNAI NORTH,tamil nadu|kalanidhi veeraswamy|chennai north
226,226,Jharkhand,KALI CHARAN MUNDA,KHUNTI(ST),147000000.0,147000000,Jharkhand,KALI CHARAN MUNDA,KALI CHARAN MUNDA,False,False,False,KHUNTI(ST),False,False,st,KHUNTI,jharkhand|kali charan munda|khunti(st)
227,227,Jharkhand,KALI CHARAN SINGH,CHATRA,147000000.0,147000000,Jharkhand,KALI CHARAN SINGH,KALI CHARAN SINGH,False,False,False,CHATRA,False,False,general,CHATRA,jharkhand|kali charan singh|chatra
228,228,West Bengal,KALIPADA SAREN,JHARGRAM(ST),147000000.0,147000000,West Bengal,KALIPADA SAREN,KALIPADA SAREN,False,False,False,JHARGRAM(ST),False,False,st,JHARGRAM,west bengal|kalipada saren|jhargram(st)
229,229,West Bengal,Kalyan Banerjee,SREERAMPUR,147000000.0,147000000,West Bengal,Kalyan Banerjee,Kalyan Banerjee,False,True,False,SREERAMPUR,False,False,general,SREERAMPUR,west bengal|kalyan banerjee|sreerampur
230,230,Maharashtra,KALYAN VAIJINATHRAO KALE,JALNA,147000000.0,147000000,Maharashtra,KALYAN VAIJINATHRAO KALE,KALYAN VAIJINATHRAO KALE,False,False,False,JALNA,False,False,general,JALNA,maharashtra|kalyan vaijinathrao kale|jalna
231,231,Assam,KAMAKHYA PRASAD TASA,Kaziranga,147000000.0,147000000,Assam,KAMAKHYA PRASAD TASA,KAMAKHYA PRASAD TASA,False,False,False,Kaziranga,False,False,general,Kaziranga,assam|kamakhya prasad tasa|kaziranga
232,232,Delhi,Kamaljeet Sehrawat,WEST DELHI,147000000.0,147000000,Delhi,Kamaljeet Sehrawat,Kamaljeet Sehrawat,False,True,False,WEST DELHI,False,False,general,WEST DELHI,delhi|kamaljeet sehrawat|west delhi
233,233,Chhattisgarh,KAMLESH JANGDE,JANJGIR CHAMPA(SC),150384382.11,150384382.11,Chhattisgarh,KAMLESH JANGDE,KAMLESH JANGDE,False,False,False,JANJGIR CHAMPA(SC),False,True,sc,JANJGIR CHAMPA,chhattisgarh|kamlesh jangde|janjgir champa(sc)
234,234,Uttar Pradesh,Kamlesh Paswan,BANSGAON(SC),147000000.0,147000000,Uttar Pradesh,Kamlesh Paswan,Kamlesh Paswan,False,True,False,BANSGAON(SC),False,False,sc,BANSGAON,uttar pradesh|kamlesh paswan|bansgaon(sc)
235,235,Himachal Pradesh,Kangana Ranaut,MANDI,147000000.0,147000000,Himachal Pradesh,Kangana Ranaut,Kangana Ranaut,False,True,False,MANDI,False,False,general,MANDI,himachal pradesh|kangana ranaut|mandi
236,236,Tamil Nadu,Kani K Navas,RAMANATHAPURAM,147000000.0,147000000,Tamil Nadu,Kani K Navas,Kani K Navas,False,True,False,RAMANATHAPURAM,False,False,general,RAMANATHAPURAM,tamil nadu|kani k navas|ramanathapuram
237,237,Tamil Nadu,Kanimozhi Karunanidhi,THOOTHUKKUDI,147000000.0,147000000,Tamil Nadu,Kanimozhi Karunanidhi,Kanimozhi Karunanidhi,False,True,False,THOOTHUKKUDI,False,False,general,THOOTHUKKUDI,tamil nadu|kanimozhi karunanidhi|thoothukkudi
238,238,Uttar Pradesh,KANWAR SINGH TANWAR,AMROHA,147000000.0,147000000,Uttar Pradesh,KANWAR SINGH TANWAR,KANWAR SINGH TANWAR,False,False,False,AMROHA,False,False,general,AMROHA,uttar pradesh|kanwar singh tanwar|amroha
239,239,Uttar Pradesh,KARAN BHUSHAN SINGH,KAISERGANJ,147000000.0,147000000,Uttar Pradesh,KARAN BHUSHAN SINGH,KARAN BHUSHAN SINGH,False,False,False,KAISERGANJ,False,False,general,KAISERGANJ,uttar pradesh|karan bhushan singh|kaiserganj
240,240,West Bengal,KARTICK CHANDRA PAUL,RAIGANJ,202677986.56,202677986.56,West Bengal,KARTICK CHANDRA PAUL,KARTICK CHANDRA PAUL,False,False,False,RAIGANJ,False,True,general,RAIGANJ,west bengal|kartick chandra paul|raiganj
241,241,Bihar,Kaushalendra Kumar,NALANDA,147000000.0,147000000,Bihar,Kaushalendra Kumar,Kaushalendra Kumar,False,True,False,NALANDA,False,False,general,NALANDA,bihar|kaushalendra kumar|nalanda
242,242,West Bengal,Khagen Murmu,MALDAHA UTTAR,147000000.0,147000000,West Bengal,Khagen Murmu,Khagen Murmu,False,True,False,MALDAHA UTTAR,False,False,general,MALDAHA UTTAR,west bengal|khagen murmu|maldaha uttar
243,243,West Bengal,Khalilur Rahaman,JANGIPUR,147000000.0,147000000,West Bengal,Khalilur Rahaman,Khalilur Rahaman,False,True,False,JANGIPUR,False,False,general,JANGIPUR,west bengal|khalilur rahaman|jangipur
244,244,Andhra Pradesh,Kinjarapu Ram Mohan Naidu,SRIKAKULAM,171200630.11,171200630.11,Andhra Pradesh,Kinjarapu Ram Mohan Naidu,Kinjarapu Ram Mohan Naidu,False,True,False,SRIKAKULAM,False,True,general,SRIKAKULAM,andhra pradesh|kinjarapu ram mohan naidu|srikakulam
245,245,Arunachal Pradesh,Kiren Rijiju,ARUNACHAL WEST,147000000.0,147000000,Arunachal Pradesh,Kiren Rijiju,Kiren Rijiju,False,True,False,ARUNACHAL WEST,False,False,general,ARUNACHAL WEST,arunachal pradesh|kiren rijiju|arunachal west
246,246,Uttar Pradesh,Kirti Vardhan Singh,GONDA,147000000.0,147000000,Uttar Pradesh,Kirti Vardhan Singh,Kirti Vardhan Singh,False,True,False,GONDA,False,False,general,GONDA,uttar pradesh|kirti vardhan singh|gonda
247,247,Telangana,Kishan Reddy Gangapuram,SECUNDERABAD,147000000.0,147000000,Telangana,Kishan Reddy Gangapuram,Kishan Reddy Gangapuram,False,True,False,SECUNDERABAD,False,False,general,SECUNDERABAD,telangana|kishan reddy gangapuram|secunderabad
248,248,Uttar Pradesh,KISHORI LAL,AMETHI,171500000.0,171500000,Uttar Pradesh,KISHORI LAL,KISHORI LAL,False,False,False,AMETHI,False,False,general,AMETHI,uttar pradesh|kishori lal|amethi
249,249,Telangana,KONDA VISHWESHWAR REDDY,CHELVELLA,186441916.11,186441916.11,Telangana,KONDA VISHWESHWAR REDDY,KONDA VISHWESHWAR REDDY,False,False,False,CHELVELLA,False,True,general,CHELVELLA,telangana|konda vishweshwar reddy|chelvella
250,250,Karnataka,KOTA SRINIVAS POOJARY,UDUPI CHIKMAGALUR,147000000.0,147000000,Karnataka,KOTA SRINIVAS POOJARY,KOTA SRINIVAS POOJARY,False,False,False,UDUPI CHIKMAGALUR,False,False,general,UDUPI CHIKMAGALUR,karnataka|kota srinivas poojary|udupi chikmagalur
251,251,Assam,Kripanath Mallah,KARIMGANJ (SC),147000000.0,147000000,Assam,Kripanath Mallah,Kripanath Mallah,False,True,False,KARIMGANJ (SC),False,False,sc,KARIMGANJ,assam|kripanath mallah|karimganj (sc)
252,252,Haryana,Krishan Pal Gurjar,FARIDABAD,147000000.0,147000000,Haryana,Krishan Pal Gurjar,Krishan Pal Gurjar,False,True,False,FARIDABAD,False,False,general,FARIDABAD,haryana|krishan pal gurjar|faridabad
253,253,Uttar Pradesh,KRISHNA DEVI SHIVSHANKER PATEL,BANDA,147000000.0,147000000,Uttar Pradesh,KRISHNA DEVI SHIVSHANKER PATEL,KRISHNA DEVI SHIVSHANKER PATEL,False,False,False,BANDA,False,False,general,BANDA,uttar pradesh|krishna devi shivshanker patel|banda
254,254,Andhra Pradesh,Krishna Prasad Tenneti,BAPATLA,167796849.11,167796849.11,Andhra Pradesh,Krishna Prasad Tenneti,Krishna Prasad Tenneti,False,True,False,BAPATLA,False,True,general,BAPATLA,andhra pradesh|krishna prasad tenneti|bapatla
255,255,Tripura,KRITI DEVI DEBBARMAN,TRIPURA EAST(ST),147000000.0,147000000,Tripura,KRITI DEVI DEBBARMAN,KRITI DEVI DEBBARMAN,False,False,False,TRIPURA EAST(ST),False,False,st,TRIPURA EAST,tripura|kriti devi debbarman|tripura east(st)
256,256,Rajasthan,KULDEEP INDORA,GANGANAGAR(SC),147000000.0,147000000,Rajasthan,KULDEEP INDORA,KULDEEP INDORA,False,False,False,GANGANAGAR(SC),False,False,sc,GANGANAGAR,rajasthan|kuldeep indora|ganganagar(sc)
257,257,Telangana,KUNDURU RAGHUVEER,NALGONDA,162952022.0,162952022,Telangana,KUNDURU RAGHUVEER,KUNDURU RAGHUVEER,False,False,False,NALGONDA,False,False,general,NALGONDA,telangana|kunduru raghuveer|nalgonda
258,258,Uttar Pradesh,LALJI VERMA,AMBEDKAR NAGAR,147000000.0,147000000,Uttar Pradesh,LALJI VERMA,LALJI VERMA,False,False,False,AMBEDKAR NAGAR,False,False,general,AMBEDKAR NAGAR,uttar pradesh|lalji verma|ambedkar nagar
259,259,Andhra Pradesh,Lavu Sri Krishna Devarayalu,NARASARAOPET,174009663.11,174009663.11,Andhra Pradesh,Lavu Sri Krishna Devarayalu,Lavu Sri Krishna Devarayalu,False,True,False,NARASARAOPET,False,True,general,NARASARAOPET,andhra pradesh|lavu sri krishna devarayalu|narasaraopet
260,260,Uttar Pradesh,LAXMIKANT PAPPU NISHAD,SANT KABIR NAGAR,147000000.0,147000000,Uttar Pradesh,LAXMIKANT PAPPU NISHAD,LAXMIKANT PAPPU NISHAD,False,False,False,SANT KABIR NAGAR,False,False,general,SANT KABIR NAGAR,uttar pradesh|laxmikant pappu nishad|sant kabir nagar
261,261,Bihar,LOVELY ANAND,SHEOHAR,147000000.0,147000000,Bihar,LOVELY ANAND,LOVELY ANAND,False,False,False,SHEOHAR,False,False,general,SHEOHAR,bihar|lovely anand|sheohar
262,262,Rajasthan,LUMBARAM,JALORE,147000000.0,147000000,Rajasthan,LUMBARAM,LUMBARAM,False,False,False,JALORE,False,False,general,JALORE,rajasthan|lumbaram|jalore
263,263,Karnataka,M. MALLESH BABU,KOLAR(SC),147065957.11,147065957.11,Karnataka,M. MALLESH BABU,M. MALLESH BABU,False,False,False,KOLAR(SC),False,True,sc,KOLAR,karnataka|m. mallesh babu|kolar(sc)
264,264,Tamil Nadu,M.K. VISHNUPRASAD,CUDDALORE,147000000.0,147000000,Tamil Nadu,M.K. VISHNUPRASAD,M.K. VISHNUPRASAD,False,False,False,CUDDALORE,False,False,general,CUDDALORE,tamil nadu|m.k. vishnuprasad|cuddalore
265,265,Andhra Pradesh,Maddila Gurumoorthy,TIRUPATI(SC),180399007.0,180399007,Andhra Pradesh,Maddila Gurumoorthy,Maddila Gurumoorthy,False,True,False,TIRUPATI(SC),False,False,sc,TIRUPATI,andhra pradesh|maddila gurumoorthy|tirupati(sc)
266,266,Telangana,MADHAVANENI RAGHUNANDAN RAO,MEDAK,147000000.0,147000000,Telangana,MADHAVANENI RAGHUNANDAN RAO,MADHAVANENI RAGHUNANDAN RAO,False,False,False,MEDAK,False,False,general,MEDAK,telangana|madhavaneni raghunandan rao|medak
267,267,Andhra Pradesh,Magunta Sreenivasulu Reddy,ONGOLE,147000000.0,147000000,Andhra Pradesh,Magunta Sreenivasulu Reddy,Magunta Sreenivasulu Reddy,False,True,False,ONGOLE,False,False,general,ONGOLE,andhra pradesh|magunta sreenivasulu reddy|ongole
268,268,Madhya Pradesh,Mahendra Singh Solanky,DEWAS(SC),147000000.0,147000000,Madhya Pradesh,Mahendra Singh Solanky,Mahendra Singh Solanky,False,True,False,DEWAS(SC),False,False,sc,DEWAS,madhya pradesh|mahendra singh solanky|dewas(sc)
269,269,Chhattisgarh,MAHESH KASHYAP,BASTAR(ST),147000000.0,147000000,Chhattisgarh,MAHESH KASHYAP,MAHESH KASHYAP,False,False,False,BASTAR(ST),False,False,st,BASTAR,chhattisgarh|mahesh kashyap|bastar(st)
270,270,Uttar Pradesh,Mahesh Sharma,GAUTAM BUDDHA NAGAR,148816284.11,148816284.11,Uttar Pradesh,Mahesh Sharma,Mahesh Sharma,False,True,False,GAUTAM BUDDHA NAGAR,False,True,general,GAUTAM BUDDHA NAGAR,uttar pradesh|mahesh sharma|gautam buddha nagar
271,271,Rajasthan,MAHIMA KUMARI MEWAR,RAJSAMAND,183892143.0,183892143,Rajasthan,MAHIMA KUMARI MEWAR,MAHIMA KUMARI MEWAR,False,False,False,RAJSAMAND,False,False,general,RAJSAMAND,rajasthan|mahima kumari mewar|rajsamand
272,272,Uttarakhand,Mala Rajya Laxmi Shah,TEHRI GARHWAL,147000000.0,147000000,Uttarakhand,Mala Rajya Laxmi Shah,Mala Rajya Laxmi Shah,False,True,False,TEHRI GARHWAL,False,False,general,TEHRI GARHWAL,uttarakhand|mala rajya laxmi shah|tehri garhwal
273,273,West Bengal,Mala Roy,KOLKATA DAKSHIN,147000000.0,147000000,West Bengal,Mala Roy,Mala Roy,False,True,False,KOLKATA DAKSHIN,False,False,general,KOLKATA DAKSHIN,west bengal|mala roy|kolkata dakshin
274,274,Tamil Nadu,MALAIYARASAN D,KALLAKURICHI,176686299.0,176686299,Tamil Nadu,MALAIYARASAN D,MALAIYARASAN D,False,False,False,KALLAKURICHI,False,False,general,KALLAKURICHI,tamil nadu|malaiyarasan d|kallakurichi
275,275,Odisha,MALVIKA DEVI,KALAHANDI,147000000.0,147000000,Odisha,MALVIKA DEVI,MALVIKA DEVI,False,False,False,KALAHANDI,False,False,general,KALAHANDI,odisha|malvika devi|kalahandi
276,276,Punjab,MALVINDER SINGH KANG,ANANDPUR SAHIB,147000000.0,147000000,Punjab,MALVINDER SINGH KANG,MALVINDER SINGH KANG,False,False,False,ANANDPUR SAHIB,False,False,general,ANANDPUR SAHIB,punjab|malvinder singh kang|anandpur sahib
277,277,Tamil Nadu,MANI. A.,DHARAMAPURI,164515071.11,164515071.11,Tamil Nadu,MANI. A.,MANI. A.,False,False,False,DHARAMAPURI,False,True,general,DHARAMAPURI,tamil nadu|mani. a.|dharamapuri
278,278,Tamil Nadu,Manickam Tagore B,VIRUDHUNAGAR,147000000.0,147000000,Tamil Nadu,Manickam Tagore B,Manickam Tagore B,False,True,False,VIRUDHUNAGAR,False,False,general,VIRUDHUNAGAR,tamil nadu|manickam tagore b|virudhunagar
279,279,Jharkhand,MANISH JAISWAL,HAZARIBAGH,147000000.0,147000000,Jharkhand,MANISH JAISWAL,MANISH JAISWAL,False,False,False,HAZARIBAGH,False,False,general,HAZARIBAGH,jharkhand|manish jaiswal|hazaribagh
280,280,Chandigarh,MANISH TEWARI,CHANDIGARH,178351443.75,178351443.75,Chandigarh,MANISH TEWARI,MANISH TEWARI,False,False,False,CHANDIGARH,False,True,general,CHANDIGARH,chandigarh|manish tewari|chandigarh
281,281,Rajasthan,MANJU SHARMA,JAIPUR,167082901.11,167082901.11,Rajasthan,MANJU SHARMA,MANJU SHARMA,False,False,False,JAIPUR,False,True,general,JAIPUR,rajasthan|manju sharma|jaipur
282,282,Rajasthan,MANNA LAL RAWAT,UDAIPUR(ST),147000000.0,147000000,Rajasthan,MANNA LAL RAWAT,MANNA LAL RAWAT,False,False,False,UDAIPUR(ST),False,False,st,UDAIPUR,rajasthan|manna lal rawat|udaipur(st)
283,283,Haryana,MANOHAR LAL,KARNAL,147000000.0,147000000,Haryana,MANOHAR LAL,MANOHAR LAL,False,False,False,KARNAL,False,False,general,KARNAL,haryana|manohar lal|karnal
284,284,Bihar,MANOJ KUMAR,SASARAM(SC),147000000.0,147000000,Bihar,MANOJ KUMAR,MANOJ KUMAR,False,False,False,SASARAM(SC),False,False,sc,SASARAM,bihar|manoj kumar|sasaram(sc)
285,285,West Bengal,MANOJ TIGGA,ALIPURDUARS(ST),147000000.0,147000000,West Bengal,MANOJ TIGGA,MANOJ TIGGA,False,False,False,ALIPURDUARS(ST),False,False,st,ALIPURDUARS,west bengal|manoj tigga|alipurduars(st)
286,286,Delhi,Manoj Tiwari,NORTH EAST DELHI,225843858.0,225843858,Delhi,Manoj Tiwari,Manoj Tiwari,False,True,False,NORTH EAST DELHI,False,False,general,NORTH EAST DELHI,delhi|manoj tiwari|north east delhi
287,287,Gujarat,Mansukhbhai Dhanjibhai Vasava,BHARUCH,147000000.0,147000000,Gujarat,Mansukhbhai Dhanjibhai Vasava,Mansukhbhai Dhanjibhai Vasava,False,True,False,BHARUCH,False,False,general,BHARUCH,gujarat|mansukhbhai dhanjibhai vasava|bharuch
288,288,Jammu And Kashmir,MIAN ALTAF AHMAD,ANANTNAG,147000000.0,147000000,Jammu And Kashmir,MIAN ALTAF AHMAD,MIAN ALTAF AHMAD,False,False,False,ANANTNAG,False,False,general,ANANTNAG,jammu and kashmir|mian altaf ahmad|anantnag
289,289,Andhra Pradesh,Midhun Reddy,RAJAMPET,178951477.11,178951477.11,Andhra Pradesh,Midhun Reddy,Midhun Reddy,False,True,False,RAJAMPET,False,True,general,RAJAMPET,andhra pradesh|midhun reddy|rajampet
290,290,Bihar,MISHA BHARTI,PATALIPUTRA,147000000.0,147000000,Bihar,MISHA BHARTI,MISHA BHARTI,False,False,False,PATALIPUTRA,False,False,general,PATALIPUTRA,bihar|misha bharti|pataliputra
291,291,Gujarat,Mitesh Rameshbhai Bakabhai Patel,ANAND,147000000.0,147000000,Gujarat,Mitesh Rameshbhai Bakabhai Patel,Mitesh Rameshbhai Bakabhai Patel,False,True,False,ANAND,False,False,general,ANAND,gujarat|mitesh rameshbhai bakabhai patel|anand
292,292,Ladakh,Mohamed Haneefa,LADAKH,161114542.0,161114542,Ladakh,Mohamed Haneefa,Mohamed Haneefa,False,True,False,LADAKH,False,False,general,LADAKH,ladakh|mohamed haneefa|ladakh
293,293,Uttar Pradesh,MOHIBBULLAH,RAMPUR,147000000.0,147000000,Uttar Pradesh,MOHIBBULLAH,MOHIBBULLAH,False,False,False,RAMPUR,False,False,general,RAMPUR,uttar pradesh|mohibbullah|rampur
294,294,Maharashtra,MOHITE PATIL DHAIRYASHEEL RAJSINH,MADHA,195613601.7,195613601.7,Maharashtra,MOHITE PATIL DHAIRYASHEEL RAJSINH,MOHITE PATIL DHAIRYASHEEL RAJSINH,False,False,False,MADHA,False,True,general,MADHA,maharashtra|mohite patil dhairyasheel rajsinh|madha
295,295,Bihar,Mr Gopal Jee Thakur,DARBHANGA,147000000.0,147000000,Bihar,Mr Gopal Jee Thakur,Gopal Jee Thakur,True,True,False,DARBHANGA,False,False,general,DARBHANGA,bihar|gopal jee thakur|darbhanga
296,296,West Bengal,Ms Mahua Moitra,KRISHNANAGAR,159865046.0,159865046,West Bengal,Ms Mahua Moitra,Mahua Moitra,True,True,False,KRISHNANAGAR,False,False,general,KRISHNANAGAR,west bengal|mahua moitra|krishnanagar
297,297,Lakshadweep,MUHAMMED HAMDULLAH SAYEED,LAKSHADWEEP(ST),153942460.41,153942460.41,Lakshadweep,MUHAMMED HAMDULLAH SAYEED,MUHAMMED HAMDULLAH SAYEED,False,False,False,LAKSHADWEEP(ST),False,True,st,LAKSHADWEEP,lakshadweep|muhammed hamdullah sayeed|lakshadweep(st)
298,298,Uttar Pradesh,Mukesh Rajput,FARRUKHABAD,147000000.0,147000000,Uttar Pradesh,Mukesh Rajput,Mukesh Rajput,False,True,False,FARRUKHABAD,False,False,general,FARRUKHABAD,uttar pradesh|mukesh rajput|farrukhabad
299,299,Gujarat,MUKESHKUMAR CHANDRAKAANT DALAL,SURAT,147000000.0,147000000,Gujarat,MUKESHKUMAR CHANDRAKAANT DALAL,MUKESHKUMAR CHANDRAKAANT DALAL,False,False,False,SURAT,False,False,general,SURAT,gujarat|mukeshkumar chandrakaant dalal|surat
300,300,Rajasthan,MURARI LAL MEENA,DAUSA(ST),147000000.0,147000000,Rajasthan,MURARI LAL MEENA,MURARI LAL MEENA,False,False,False,DAUSA(ST),False,False,st,DAUSA,rajasthan|murari lal meena|dausa(st)
301,301,Tamil Nadu,MURASOLI S,THANJAVUR,147000000.0,147000000,Tamil Nadu,MURASOLI S,MURASOLI S,False,False,False,THANJAVUR,False,False,general,THANJAVUR,tamil nadu|murasoli s|thanjavur
302,302,Maharashtra,MURLIDHAR MOHOL,PUNE,147000000.0,147000000,Maharashtra,MURLIDHAR MOHOL,MURLIDHAR MOHOL,False,False,False,PUNE,False,False,general,PUNE,maharashtra|murlidhar mohol|pune
303,303,Odisha,NABA CHARAN MAJHI,MAYURBHANJ (ST),147563957.11,147563957.11,Odisha,NABA CHARAN MAJHI,NABA CHARAN MAJHI,False,False,False,MAYURBHANJ (ST),False,True,st,MAYURBHANJ,odisha|naba charan majhi|mayurbhanj (st)
304,304,Jharkhand,NALIN SOREN,DUMKA(ST),147364097.11,147364097.11,Jharkhand,NALIN SOREN,NALIN SOREN,False,False,False,DUMKA(ST),False,True,st,DUMKA,jharkhand|nalin soren|dumka(st)
305,305,Uttar Pradesh,NARAYAN DAS AHIRWAR,JALAUN(SC),147000000.0,147000000,Uttar Pradesh,NARAYAN DAS AHIRWAR,NARAYAN DAS AHIRWAR,False,False,False,JALAUN(SC),False,False,sc,JALAUN,uttar pradesh|narayan das ahirwar|jalaun(sc)
306,306,Maharashtra,NARAYAN TATU RANE,RATNAGIRI-SINDHUDURG,147000000.0,147000000,Maharashtra,NARAYAN TATU RANE,NARAYAN TATU RANE,False,False,False,RATNAGIRI-SINDHUDURG,False,False,general,RATNAGIRI-SINDHUDURG,maharashtra|narayan tatu rane|ratnagiri-sindhudurg
307,307,Uttar Pradesh,NARESH CHANDRA UTTAM PATEL,FATEHPUR,147000000.0,147000000,Uttar Pradesh,NARESH CHANDRA UTTAM PATEL,NARESH CHANDRA UTTAM PATEL,False,False,False,FATEHPUR,False,False,general,FATEHPUR,uttar pradesh|naresh chandra uttam patel|fatehpur
308,308,Maharashtra,NARESH GANPAT MHASKE,THANE,147000000.0,147000000,Maharashtra,NARESH GANPAT MHASKE,NARESH GANPAT MHASKE,False,False,False,THANE,False,False,general,THANE,maharashtra|naresh ganpat mhaske|thane
309,309,Haryana,NAVEEN JINDAL,KURUKSHETRA,147000000.0,147000000,Haryana,NAVEEN JINDAL,NAVEEN JINDAL,False,False,False,KURUKSHETRA,False,False,general,KURUKSHETRA,haryana|naveen jindal|kurukshetra
310,310,Uttar Pradesh,NEERAJ MAURYA,AONLA,147000000.0,147000000,Uttar Pradesh,NEERAJ MAURYA,NEERAJ MAURYA,False,False,False,AONLA,False,False,general,AONLA,uttar pradesh|neeraj maurya|aonla
311,311,Maharashtra,NILESH DNYANDEV LANKE,AHMEDNAGAR,147000000.0,147000000,Maharashtra,NILESH DNYANDEV LANKE,NILESH DNYANDEV LANKE,False,False,False,AHMEDNAGAR,False,False,general,AHMEDNAGAR,maharashtra|nilesh dnyandev lanke|ahmednagar
312,312,Gujarat,NIMUBEN JAYANTIBHAI BAMBHANIYA,BHAVNAGAR,147000000.0,147000000,Gujarat,NIMUBEN JAYANTIBHAI BAMBHANIYA,NIMUBEN JAYANTIBHAI BAMBHANIYA,False,False,False,BHAVNAGAR,False,False,general,BHAVNAGAR,gujarat|nimuben jayantibhai bambhaniya|bhavnagar
313,313,Jharkhand,Nishikant Dubey,GODDA,147000000.0,147000000,Jharkhand,Nishikant Dubey,Nishikant Dubey,False,True,False,GODDA,False,False,general,GODDA,jharkhand|nishikant dubey|godda
314,314,Maharashtra,Nitin Jairam Gadkari,NAGPUR,168195086.11,168195086.11,Maharashtra,Nitin Jairam Gadkari,Nitin Jairam Gadkari,False,True,False,NAGPUR,False,True,general,NAGPUR,maharashtra|nitin jairam gadkari|nagpur
315,315,Bihar,Nityanand Rai,UJJARPUR,147000000.0,147000000,Bihar,Nityanand Rai,Nityanand Rai,False,True,False,UJJARPUR,False,False,general,UJJARPUR,bihar|nityanand rai|ujjarpur
316,316,Rajasthan,Om Birla,KOTA,163906956.6,163906956.6,Rajasthan,Om Birla,Om Birla,False,True,False,KOTA,False,True,general,KOTA,rajasthan|om birla|kota
317,317,Maharashtra,Omprakash Bhupalsinh Alias Pawan Rajenimbalkar,OSMANABAD,184758519.11,184758519.11,Maharashtra,Omprakash Bhupalsinh Alias Pawan Rajenimbalkar,Omprakash Bhupalsinh Alias Pawan Rajenimbalkar,False,True,False,OSMANABAD,False,True,general,OSMANABAD,maharashtra|omprakash bhupalsinh alias pawan rajenimbalkar|osmanabad
318,318,Karnataka,P C Mohan,BANGALORE CENTRAL,159995711.11,159995711.11,Karnataka,P C Mohan,P C Mohan,False,True,False,BANGALORE CENTRAL,False,True,general,BANGALORE CENTRAL,karnataka|p c mohan|bangalore central
319,319,Uttar Pradesh,Pankaj Chowdhary,MAHARAJGANJ_UP,147000000.0,147000000,Uttar Pradesh,Pankaj Chowdhary,Pankaj Chowdhary,False,True,False,MAHARAJGANJ_UP,False,False,general,MAHARAJGANJ (UP),uttar pradesh|pankaj chowdhary|maharajganj_up
320,320,Assam,PARIMAL SUKLABAIDYA,SILCHAR,148300157.11,148300157.11,Assam,PARIMAL SUKLABAIDYA,PARIMAL SUKLABAIDYA,False,False,False,SILCHAR,False,True,general,SILCHAR,assam|parimal suklabaidya|silchar
321,321,Gujarat,PARSHOTTAMBHAI RUPALA,RAJKOT,147000000.0,147000000,Gujarat,PARSHOTTAMBHAI RUPALA,PARSHOTTAMBHAI RUPALA,False,False,False,RAJKOT,False,False,general,RAJKOT,gujarat|parshottambhai rupala|rajkot
322,322,West Bengal,PARTHA BHOWMICK,BARRACKPUR,147000000.0,147000000,West Bengal,PARTHA BHOWMICK,PARTHA BHOWMICK,False,False,False,BARRACKPUR,False,False,general,BARRACKPUR,west bengal|partha bhowmick|barrackpur
323,323,Karnataka,Parvatagouda Chandanagouda Gaddigoudar,BAGALKOT,167541747.11,167541747.11,Karnataka,Parvatagouda Chandanagouda Gaddigoudar,Parvatagouda Chandanagouda Gaddigoudar,False,True,False,BAGALKOT,False,True,general,BAGALKOT,karnataka|parvatagouda chandanagouda gaddigoudar|bagalkot
324,324,The Dadra And Nagar Haveli And Daman And Diu,PATEL UMESHBHAI BABUBHAI,DAMAN and DIU,245063957.0,245063957,The Dadra And Nagar Haveli And Daman And Diu,PATEL UMESHBHAI BABUBHAI,PATEL UMESHBHAI BABUBHAI,False,False,False,DAMAN and DIU,False,False,general,DAMAN and DIU,the dadra and nagar haveli and daman and diu|patel umeshbhai babubhai|daman and diu
325,325,West Bengal,PATHAN YUSUF,BAHARAMPUR,147000000.0,147000000,West Bengal,PATHAN YUSUF,PATHAN YUSUF,False,False,False,BAHARAMPUR,False,False,general,BAHARAMPUR,west bengal|pathan yusuf|baharampur
326,326,Assam,PHANI BHUSAN CHOUDHURY,BARPETA,147000000.0,147000000,Assam,PHANI BHUSAN CHOUDHURY,PHANI BHUSAN CHOUDHURY,False,False,False,BARPETA,False,False,general,BARPETA,assam|phani bhusan choudhury|barpeta
327,327,Maharashtra,Piyush Vedprakash Goyal,MUMBAI NORTH,147000000.0,147000000,Maharashtra,Piyush Vedprakash Goyal,Piyush Vedprakash Goyal,False,True,False,MUMBAI NORTH,False,False,general,MUMBAI NORTH,maharashtra|piyush vedprakash goyal|mumbai north
328,328,Andhra Pradesh,PRABHAKAR REDDY VEMIREDDY,NELLORE(SC),147000000.0,147000000,Andhra Pradesh,PRABHAKAR REDDY VEMIREDDY,PRABHAKAR REDDY VEMIREDDY,False,False,False,NELLORE(SC),False,False,sc,NELLORE,andhra pradesh|prabhakar reddy vemireddy|nellore(sc)
329,329,Gujarat,Prabhubhai Nagarbhai Vasava,BARDOLI(ST),147000000.0,147000000,Gujarat,Prabhubhai Nagarbhai Vasava,Prabhubhai Nagarbhai Vasava,False,True,False,BARDOLI(ST),False,False,st,BARDOLI,gujarat|prabhubhai nagarbhai vasava|bardoli(st)
330,330,Assam,Pradan Baruah,LAKHIMPUR,147000000.0,147000000,Assam,Pradan Baruah,Pradan Baruah,False,True,False,LAKHIMPUR,False,False,general,LAKHIMPUR,assam|pradan baruah|lakhimpur
331,331,Bihar,Pradeep Kumar Singh,ARARIA,147000000.0,147000000,Bihar,Pradeep Kumar Singh,Pradeep Kumar Singh,False,True,False,ARARIA,False,False,general,ARARIA,bihar|pradeep kumar singh|araria
332,332,Odisha,PRADEEP PUROHIT,BARGARH,147000000.0,147000000,Odisha,PRADEEP PUROHIT,PRADEEP PUROHIT,False,False,False,BARGARH,False,False,general,BARGARH,odisha|pradeep purohit|bargarh
333,333,Assam,Pradyut Bordoloi,NOWGONG,98000000.0,98000000,Assam,Pradyut Bordoloi,Pradyut Bordoloi,False,True,False,NOWGONG,False,False,general,NOWGONG,assam|pradyut bordoloi|nowgong
334,334,Karnataka,Pralhad Venkatesh Joshi,DHARWAD,147000000.0,147000000,Karnataka,Pralhad Venkatesh Joshi,Pralhad Venkatesh Joshi,False,True,False,DHARWAD,False,False,general,DHARWAD,karnataka|pralhad venkatesh joshi|dharwad
335,335,Maharashtra,PRANITI SUSHILKUMAR SHINDE,SOLAPUR(SC),147000000.0,147000000,Maharashtra,PRANITI SUSHILKUMAR SHINDE,PRANITI SUSHILKUMAR SHINDE,False,False,False,SOLAPUR(SC),False,False,sc,SOLAPUR,maharashtra|praniti sushilkumar shinde|solapur(sc)
336,336,West Bengal,Prasun Banerjee,HOWRAH,147000000.0,147000000,West Bengal,Prasun Banerjee,Prasun Banerjee,False,True,False,HOWRAH,False,False,general,HOWRAH,west bengal|prasun banerjee|howrah
337,337,Odisha,Pratap Chandra Sarangi,BALASORE,147064254.11,147064254.11,Odisha,Pratap Chandra Sarangi,Pratap Chandra Sarangi,False,True,False,BALASORE,False,True,general,BALASORE,odisha|pratap chandra sarangi|balasore
338,338,Maharashtra,Prataprao Jadhav,BULDHANA,147000000.0,147000000,Maharashtra,Prataprao Jadhav,Prataprao Jadhav,False,True,False,BULDHANA,False,False,general,BULDHANA,maharashtra|prataprao jadhav|buldhana
339,339,West Bengal,Pratima Mondal,JOYNAGAR(SC),147000000.0,147000000,West Bengal,Pratima Mondal,Pratima Mondal,False,True,False,JOYNAGAR(SC),False,False,sc,JOYNAGAR,west bengal|pratima mondal|joynagar(sc)
340,340,Delhi,Praveen Khandelwal,CHANDINI CHOWK,147470276.0,147470276,Delhi,Praveen Khandelwal,Praveen Khandelwal,False,True,False,CHANDINI CHOWK,False,False,general,CHANDINI CHOWK,delhi|praveen khandelwal|chandini chowk
341,341,Uttar Pradesh,PRAVEEN PATEL,PHULPUR,151559884.09,151559884.09,Uttar Pradesh,PRAVEEN PATEL,PRAVEEN PATEL,False,False,False,PHULPUR,False,True,general,PHULPUR,uttar pradesh|praveen patel|phulpur
342,342,Uttar Pradesh,PRIYA SAROJ,MACHHLISHAHR(SC),147000000.0,147000000,Uttar Pradesh,PRIYA SAROJ,PRIYA SAROJ,False,False,False,MACHHLISHAHR(SC),False,False,sc,MACHHLISHAHR,uttar pradesh|priya saroj|machhlishahr(sc)
343,343,Kerala,Priyanka Gandhi Vadra,WAYANAD,122500000.0,122500000,Kerala,Priyanka Gandhi Vadra,Priyanka Gandhi Vadra,False,True,False,WAYANAD,False,False,general,WAYANAD,kerala|priyanka gandhi vadra|wayanad
344,344,Karnataka,PRIYANKA SATISH JARKIHOLI,CHIKKODI,147000000.0,147000000,Karnataka,PRIYANKA SATISH JARKIHOLI,PRIYANKA SATISH JARKIHOLI,False,False,False,CHIKKODI,False,False,general,CHIKKODI,karnataka|priyanka satish jarkiholi|chikkodi
345,345,West Bengal,Prof Sougata Ray,DUM DUM,147000000.0,147000000,West Bengal,Prof Sougata Ray,Sougata Ray,True,True,False,DUM DUM,False,False,general,DUM DUM,west bengal|sougata ray|dum dum
346,346,Uttar Pradesh,Prof SP Singh Baghel,AGRA(SC),147000000.0,147000000,Uttar Pradesh,Prof SP Singh Baghel,SP Singh Baghel,True,True,False,AGRA(SC),False,False,sc,AGRA,uttar pradesh|sp singh baghel|agra(sc)
347,347,Uttar Pradesh,PUSHPENDRA SAROJ,KAUSHAMBI(SC),147000000.0,147000000,Uttar Pradesh,PUSHPENDRA SAROJ,PUSHPENDRA SAROJ,False,False,False,KAUSHAMBI(SC),False,False,sc,KAUSHAMBI,uttar pradesh|pushpendra saroj|kaushambi(sc)
348,348,Andhra Pradesh,Putta Mahesh Kumar,ELURU,147000000.0,147000000,Andhra Pradesh,Putta Mahesh Kumar,Putta Mahesh Kumar,False,True,False,ELURU,False,False,general,ELURU,andhra pradesh|putta mahesh kumar|eluru
349,349,Uttar Pradesh,R.K. CHAUDHARY,MOHANLALGANJ(SC),147000000.0,147000000,Uttar Pradesh,R.K. CHAUDHARY,R.K. CHAUDHARY,False,False,False,MOHANLALGANJ(SC),False,False,sc,MOHANLALGANJ,uttar pradesh|r.k. chaudhary|mohanlalganj(sc)
350,350,Odisha,RABINDRA NARAYAN BEHERA,JAJPUR(SC),147064617.11,147064617.11,Odisha,RABINDRA NARAYAN BEHERA,RABINDRA NARAYAN BEHERA,False,False,False,JAJPUR(SC),False,True,sc,JAJPUR,odisha|rabindra narayan behera|jajpur(sc)
351,351,West Bengal,RACHNA BANERJEE,HOOGHLY,147000000.0,147000000,West Bengal,RACHNA BANERJEE,RACHNA BANERJEE,False,False,False,HOOGHLY,False,False,general,HOOGHLY,west bengal|rachna banerjee|hooghly
352,352,Bihar,Radha Mohan Singh,PURVI CHAMPARAN,147000000.0,147000000,Bihar,Radha Mohan Singh,Radha Mohan Singh,False,True,False,PURVI CHAMPARAN,False,False,general,PURVI CHAMPARAN,bihar|radha mohan singh|purvi champaran
353,353,Karnataka,RADHAKRISHNA,GULBARGA(SC),147000000.0,147000000,Karnataka,RADHAKRISHNA,RADHAKRISHNA,False,False,False,GULBARGA(SC),False,False,sc,GULBARGA,karnataka|radhakrishna|gulbarga(sc)
354,354,Chhattisgarh,RADHE SHYAM RATHIYA,RAIGARH(ST),159706972.09,159706972.09,Chhattisgarh,RADHE SHYAM RATHIYA,RADHE SHYAM RATHIYA,False,False,False,RAIGARH(ST),False,True,st,RAIGARH,chhattisgarh|radhe shyam rathiya|raigarh(st)
355,355,Uttar Pradesh,RAHUL GANDHI,RAE BARELI,147000000.0,147000000,Uttar Pradesh,RAHUL GANDHI,RAHUL GANDHI,False,False,False,RAE BARELI,False,False,general,RAE BARELI,uttar pradesh|rahul gandhi|rae bareli
356,356,Rajasthan,Rahul Kaswan,CHURU,147000000.0,147000000,Rajasthan,Rahul Kaswan,Rahul Kaswan,False,True,False,CHURU,False,False,general,CHURU,rajasthan|rahul kaswan|churu
357,357,Madhya Pradesh,RAHUL SINGH LODHI,DAMOH,163058785.37,163058785.37,Madhya Pradesh,RAHUL SINGH LODHI,RAHUL SINGH LODHI,False,False,False,DAMOH,False,True,general,DAMOH,madhya pradesh|rahul singh lodhi|damoh
358,358,Bihar,RAJ BHUSHAN CHOUDHARY,MUZAFFARPUR,147000000.0,147000000,Bihar,RAJ BHUSHAN CHOUDHARY,RAJ BHUSHAN CHOUDHARY,False,False,False,MUZAFFARPUR,False,False,general,MUZAFFARPUR,bihar|raj bhushan choudhary|muzaffarpur
359,359,Rajasthan,RAJ KUMAR ROAT,BANSWARA(ST),147000000.0,147000000,Rajasthan,RAJ KUMAR ROAT,RAJ KUMAR ROAT,False,False,False,BANSWARA(ST),False,False,st,BANSWARA,rajasthan|raj kumar roat|banswara(st)
360,360,Bihar,RAJA RAM SINGH,KARAKAT,147000000.0,147000000,Bihar,RAJA RAM SINGH,RAJA RAM SINGH,False,False,False,KARAKAT,False,False,general,KARAKAT,bihar|raja ram singh|karakat
361,361,Maharashtra,RAJABHAU,NASHIK,152878682.11,152878682.11,Maharashtra,RAJABHAU,RAJABHAU,False,False,False,NASHIK,False,True,general,NASHIK,maharashtra|rajabhau|nashik
362,362,Himachal Pradesh,RAJEEV BHARDWAJ,KANGRA,179388967.11,179388967.11,Himachal Pradesh,RAJEEV BHARDWAJ,RAJEEV BHARDWAJ,False,False,False,KANGRA,False,True,general,KANGRA,himachal pradesh|rajeev bhardwaj|kangra
363,363,Uttar Pradesh,RAJEEV RAI,GHOSI,147000000.0,147000000,Uttar Pradesh,RAJEEV RAI,RAJEEV RAI,False,False,False,GHOSI,False,False,general,GHOSI,uttar pradesh|rajeev rai|ghosi
364,364,Bihar,RAJESH RANJAN ALIAS PAPPU YADAV,PURNEA,147000000.0,147000000,Bihar,RAJESH RANJAN ALIAS PAPPU YADAV,RAJESH RANJAN ALIAS PAPPU YADAV,False,False,False,PURNEA,False,False,general,PURNEA,bihar|rajesh ranjan alias pappu yadav|purnea
365,365,Bihar,RAJESH VERMA,KHAGARIA,147000000.0,147000000,Bihar,RAJESH VERMA,RAJESH VERMA,False,False,False,KHAGARIA,False,False,general,KHAGARIA,bihar|rajesh verma|khagaria
366,366,Gujarat,Rajeshbhai Naranbhai Chudasama,JUNAGADH,147000000.0,147000000,Gujarat,Rajeshbhai Naranbhai Chudasama,Rajeshbhai Naranbhai Chudasama,False,True,False,JUNAGADH,False,False,general,JUNAGADH,gujarat|rajeshbhai naranbhai chudasama|junagadh
367,367,Bihar,Rajiv Pratap Rudy,SARAN,147000000.0,147000000,Bihar,Rajiv Pratap Rudy,Rajiv Pratap Rudy,False,True,False,SARAN,False,False,general,SARAN,bihar|rajiv pratap rudy|saran
368,368,Bihar,Rajiv Ranjan (Lalan) Singh,MUNGER,147000000.0,147000000,Bihar,Rajiv Ranjan (Lalan) Singh,Rajiv Ranjan (Lalan) Singh,False,True,False,MUNGER,False,False,general,MUNGER,bihar|rajiv ranjan (lalan) singh|munger
369,369,Uttar Pradesh,Rajkumar Chahar,FATEHPUR SIKRI,147000000.0,147000000,Uttar Pradesh,Rajkumar Chahar,Rajkumar Chahar,False,True,False,FATEHPUR SIKRI,False,False,general,FATEHPUR SIKRI,uttar pradesh|rajkumar chahar|fatehpur sikri
370,370,Uttar Pradesh,Rajnath Singh,LUCKNOW,154808797.11,154808797.11,Uttar Pradesh,Rajnath Singh,Rajnath Singh,False,True,False,LUCKNOW,False,True,general,LUCKNOW,uttar pradesh|rajnath singh|lucknow
371,371,Gujarat,RAJPALSINH MAHENDRASINH JADAV,PANCHMAHAL,147000000.0,147000000,Gujarat,RAJPALSINH MAHENDRASINH JADAV,RAJPALSINH MAHENDRASINH JADAV,False,False,False,PANCHMAHAL,False,False,general,PANCHMAHAL,gujarat|rajpalsinh mahendrasinh jadav|panchmahal
372,372,West Bengal,Raju Bista,DARJEELING,147000000.0,147000000,West Bengal,Raju Bista,Raju Bista,False,True,False,DARJEELING,False,False,general,DARJEELING,west bengal|raju bista|darjeeling
373,373,Uttar Pradesh,RAKESH RATHOR,SITAPUR,147000000.0,147000000,Uttar Pradesh,RAKESH RATHOR,RAKESH RATHOR,False,False,False,SITAPUR,False,False,general,SITAPUR,uttar pradesh|rakesh rathor|sitapur
374,374,Assam,RAKIBUL HUSSAIN,DHUBRI,147000000.0,147000000,Assam,RAKIBUL HUSSAIN,RAKIBUL HUSSAIN,False,False,False,DHUBRI,False,False,general,DHUBRI,assam|rakibul hussain|dhubri
375,375,Uttar Pradesh,RAM PRASAD CHAUDHARY,BASTI,204176957.11,204176957.11,Uttar Pradesh,RAM PRASAD CHAUDHARY,RAM PRASAD CHAUDHARY,False,False,False,BASTI,False,True,general,BASTI,uttar pradesh|ram prasad chaudhary|basti
376,376,Uttar Pradesh,Ram Shiromani,SHRAWASTI,151746878.11,151746878.11,Uttar Pradesh,Ram Shiromani,Ram Shiromani,False,True,False,SHRAWASTI,False,True,general,SHRAWASTI,uttar pradesh|ram shiromani|shrawasti
377,377,Telangana,RAMASAHAYAM RAGHURAM REDDY,KHAMMAM,147000000.0,147000000,Telangana,RAMASAHAYAM RAGHURAM REDDY,RAMASAHAYAM RAGHURAM REDDY,False,False,False,KHAMMAM,False,False,general,KHAMMAM,telangana|ramasahayam raghuram reddy|khammam
378,378,Uttar Pradesh,RAMASHANKAR RAJBHAR,SALEMPUR,160056927.07,160056927.07,Uttar Pradesh,RAMASHANKAR RAJBHAR,RAMASHANKAR RAJBHAR,False,False,False,SALEMPUR,False,True,general,SALEMPUR,uttar pradesh|ramashankar rajbhar|salempur
379,379,Uttar Pradesh,RAMBHUAL NISHAD,SULTANPUR,151231957.11,151231957.11,Uttar Pradesh,RAMBHUAL NISHAD,RAMBHUAL NISHAD,False,False,False,SULTANPUR,False,True,general,SULTANPUR,uttar pradesh|rambhual nishad|sultanpur
380,380,Uttar Pradesh,RAMESH AWASTHI,KANPUR,147000000.0,147000000,Uttar Pradesh,RAMESH AWASTHI,RAMESH AWASTHI,False,False,False,KANPUR,False,False,general,KANPUR,uttar pradesh|ramesh awasthi|kanpur
381,381,Karnataka,Ramesh Chandappa Jigajinagi,BIJAPUR(SC),269500000.0,269500000,Karnataka,Ramesh Chandappa Jigajinagi,Ramesh Chandappa Jigajinagi,False,True,False,BIJAPUR(SC),False,False,sc,BIJAPUR,karnataka|ramesh chandappa jigajinagi|bijapur(sc)
382,382,Bihar,Ramprit Mandal,JHANJHARPUR,147000000.0,147000000,Bihar,Ramprit Mandal,Ramprit Mandal,False,True,False,JHANJHARPUR,False,False,general,JHANJHARPUR,bihar|ramprit mandal|jhanjharpur
383,383,Delhi,Ramvir Singh Bidhuri,SOUTH DELHI,147559100.0,147559100,Delhi,Ramvir Singh Bidhuri,Ramvir Singh Bidhuri,False,True,False,SOUTH DELHI,False,False,general,SOUTH DELHI,delhi|ramvir singh bidhuri|south delhi
384,384,Assam,RANJIT DUTTA,Sonitpur,147000000.0,147000000,Assam,RANJIT DUTTA,RANJIT DUTTA,False,False,False,Sonitpur,False,False,general,Sonitpur,assam|ranjit dutta|sonitpur
385,385,Haryana,Rao Inderjit Singh,GURGAON,147000000.0,147000000,Haryana,Rao Inderjit Singh,Rao Inderjit Singh,False,True,False,GURGAON,False,False,general,GURGAON,haryana|rao inderjit singh|gurgaon
386,386,Rajasthan,Rao Rajendra Singh,JAIPUR RURAL,147000000.0,147000000,Rajasthan,Rao Rajendra Singh,Rao Rajendra Singh,False,True,False,JAIPUR RURAL,False,False,general,JAIPUR RURAL,rajasthan|rao rajendra singh|jaipur rural
387,387,Bihar,Ravi Shankar Prasad,PATNA SAHIB,147000000.0,147000000,Bihar,Ravi Shankar Prasad,Ravi Shankar Prasad,False,True,False,PATNA SAHIB,False,False,general,PATNA SAHIB,bihar|ravi shankar prasad|patna sahib
388,388,Maharashtra,RAVINDRA DATTARAM WAIKAR,MUMBAI NORTH WEST,147000000.0,147000000,Maharashtra,RAVINDRA DATTARAM WAIKAR,RAVINDRA DATTARAM WAIKAR,False,False,False,MUMBAI NORTH WEST,False,False,general,MUMBAI NORTH WEST,maharashtra|ravindra dattaram waikar|mumbai north west
389,389,Uttar Pradesh,Ravindra Shyamnarayan Alias Ravi Kishan Shukla,GORAKHPUR,147000000.0,147000000,Uttar Pradesh,Ravindra Shyamnarayan Alias Ravi Kishan Shukla,Ravindra Shyamnarayan Alias Ravi Kishan Shukla,False,True,False,GORAKHPUR,False,False,general,GORAKHPUR,uttar pradesh|ravindra shyamnarayan alias ravi kishan shukla|gorakhpur
390,390,Maharashtra,Ravindra Vasantrao Chavan,NANDED,147000000.0,147000000,Maharashtra,Ravindra Vasantrao Chavan,Ravindra Vasantrao Chavan,False,True,False,NANDED,False,False,general,NANDED,maharashtra|ravindra vasantrao chavan|nanded
391,391,Mizoram,RICHARD VANLALHMANGAIHA,MIZORAM (ST),147000000.0,147000000,Mizoram,RICHARD VANLALHMANGAIHA,RICHARD VANLALHMANGAIHA,False,False,False,MIZORAM (ST),False,False,st,MIZORAM,mizoram|richard vanlalhmangaiha|mizoram (st)
392,392,Tamil Nadu,ROBERT BRUCE C,TIRUNELVELI,147475440.11,147475440.11,Tamil Nadu,ROBERT BRUCE C,ROBERT BRUCE C,False,False,False,TIRUNELVELI,False,True,general,TIRUNELVELI,tamil nadu|robert bruce c|tirunelveli
393,393,Madhya Pradesh,Rodmal Nagar,RAJGARH,147000000.0,147000000,Madhya Pradesh,Rodmal Nagar,Rodmal Nagar,False,True,False,RAJGARH,False,False,general,RAJGARH,madhya pradesh|rodmal nagar|rajgarh
394,394,Chhattisgarh,ROOP KUMARI CHOUDHARY,MAHASAMUND,153035414.0,153035414,Chhattisgarh,ROOP KUMARI CHOUDHARY,ROOP KUMARI CHOUDHARY,False,False,False,MAHASAMUND,False,False,general,MAHASAMUND,chhattisgarh|roop kumari choudhary|mahasamund
395,395,Uttar Pradesh,RUCHI VIRA,MORADABAD,147000000.0,147000000,Uttar Pradesh,RUCHI VIRA,RUCHI VIRA,False,False,False,MORADABAD,False,False,general,MORADABAD,uttar pradesh|ruchi vira|moradabad
396,396,Odisha,RUDRA NARAYAN PANY,DHENKANAL,155013957.11,155013957.11,Odisha,RUDRA NARAYAN PANY,RUDRA NARAYAN PANY,False,False,False,DHENKANAL,False,True,general,DHENKANAL,odisha|rudra narayan pany|dhenkanal
397,397,Nagaland,S SUPONGMEREN JAMIR,NAGALAND,147000000.0,147000000,Nagaland,S SUPONGMEREN JAMIR,S SUPONGMEREN JAMIR,False,False,False,NAGALAND,False,False,general,NAGALAND,nagaland|s supongmeren jamir|nagaland
398,398,Tamil Nadu,S Venkatesan,MADURAI,147000000.0,147000000,Tamil Nadu,S Venkatesan,S Venkatesan,False,True,False,MADURAI,False,False,general,MADURAI,tamil nadu|s venkatesan|madurai
399,399,Tamil Nadu,S. Jagathrakshakan,ARAKKONAM,180589332.34,180589332.34,Tamil Nadu,S. Jagathrakshakan,S. Jagathrakshakan,False,True,False,ARAKKONAM,False,True,general,ARAKKONAM,tamil nadu|s. jagathrakshakan|arakkonam
400,400,Tamil Nadu,SACHITHANANTHAM R,DINDIGUL,147000000.0,147000000,Tamil Nadu,SACHITHANANTHAM R,SACHITHANANTHAM R,False,False,False,DINDIGUL,False,False,general,DINDIGUL,tamil nadu|sachithanantham r|dindigul
401,401,Karnataka,SAGAR ESHWAR KHANDRE,BIDAR,147000000.0,147000000,Karnataka,SAGAR ESHWAR KHANDRE,SAGAR ESHWAR KHANDRE,False,False,False,BIDAR,False,False,general,BIDAR,karnataka|sagar eshwar khandre|bidar
402,402,Meghalaya,SALENG A SANGMA,TURA,147000000.0,147000000,Meghalaya,SALENG A SANGMA,SALENG A SANGMA,False,False,False,TURA,False,False,general,TURA,meghalaya|saleng a sangma|tura
403,403,Odisha,SAMBIT PATRA,PURI,147000000.0,147000000,Odisha,SAMBIT PATRA,SAMBIT PATRA,False,False,False,PURI,False,False,general,PURI,odisha|sambit patra|puri
404,404,Uttar Pradesh,SANATAN PANDEY,BALLIA,180420041.4,180420041.4,Uttar Pradesh,SANATAN PANDEY,SANATAN PANDEY,False,False,False,BALLIA,False,True,general,BALLIA,uttar pradesh|sanatan pandey|ballia
405,405,Maharashtra,SANJAY DINA PATIL,MUMBAI NORTH EAST,147000000.0,147000000,Maharashtra,SANJAY DINA PATIL,SANJAY DINA PATIL,False,False,False,MUMBAI NORTH EAST,False,False,general,MUMBAI NORTH EAST,maharashtra|sanjay dina patil|mumbai north east
406,406,Maharashtra,Sanjay Haribhau Jadhav,PARBHANI,147000000.0,147000000,Maharashtra,Sanjay Haribhau Jadhav,Sanjay Haribhau Jadhav,False,True,False,PARBHANI,False,False,general,PARBHANI,maharashtra|sanjay haribhau jadhav|parbhani
407,407,Bihar,Sanjay Jaiswal,PASCHIM CHAMPARAN,147000000.0,147000000,Bihar,Sanjay Jaiswal,Sanjay Jaiswal,False,True,False,PASCHIM CHAMPARAN,False,False,general,PASCHIM CHAMPARAN,bihar|sanjay jaiswal|paschim champaran
408,408,Telangana,Sanjay Kumar Bandi,KARIMNAGAR,172775317.11,172775317.11,Telangana,Sanjay Kumar Bandi,Sanjay Kumar Bandi,False,True,False,KARIMNAGAR,False,True,general,KARIMNAGAR,telangana|sanjay kumar bandi|karimnagar
409,409,Jharkhand,Sanjay Seth,RANCHI,147064357.11,147064357.11,Jharkhand,Sanjay Seth,Sanjay Seth,False,True,False,RANCHI,False,True,general,RANCHI,jharkhand|sanjay seth|ranchi
410,410,Maharashtra,Sanjay Uttamrao Deshmukh,YAVATMAL-WASHIM,185640423.0,185640423,Maharashtra,Sanjay Uttamrao Deshmukh,Sanjay Uttamrao Deshmukh,False,True,False,YAVATMAL-WASHIM,False,False,general,YAVATMAL-WASHIM,maharashtra|sanjay uttamrao deshmukh|yavatmal-washim
411,411,Rajasthan,SANJNA JATAV,BHARATPUR(SC),147000000.0,147000000,Rajasthan,SANJNA JATAV,SANJNA JATAV,False,False,False,BHARATPUR(SC),False,False,sc,BHARATPUR,rajasthan|sanjna jatav|bharatpur(sc)
412,412,Chhattisgarh,Santosh Pandey,RAJNANDGAON,147000000.0,147000000,Chhattisgarh,Santosh Pandey,Santosh Pandey,False,True,False,RAJNANDGAON,False,False,general,RAJNANDGAON,chhattisgarh|santosh pandey|rajnandgaon
413,413,Odisha,Saptagiri Sankar Ulaka,KORAPUT(ST),269500000.0,269500000,Odisha,Saptagiri Sankar Ulaka,Saptagiri Sankar Ulaka,False,True,False,KORAPUT(ST),False,False,st,KORAPUT,odisha|saptagiri sankar ulaka|koraput(st)
414,414,Punjab,SARABJEET SINGH KHALSA,FARIDKOT(SC),150850348.15,150850348.15,Punjab,SARABJEET SINGH KHALSA,SARABJEET SINGH KHALSA,False,False,False,FARIDKOT(SC),False,True,sc,FARIDKOT,punjab|sarabjeet singh khalsa|faridkot(sc)
415,415,Tamil Nadu,Sasikanth Senthil,TIRUVALLUR(SC),171500000.0,171500000,Tamil Nadu,Sasikanth Senthil,Sasikanth Senthil,False,True,False,TIRUVALLUR(SC),False,False,sc,TIRUVALLUR,tamil nadu|sasikanth senthil|tiruvallur(sc)
416,416,Haryana,SATPAL BRAHAMCHARI,SONEPAT,147000000.0,147000000,Haryana,SATPAL BRAHAMCHARI,SATPAL BRAHAMCHARI,False,False,False,SONEPAT,False,False,general,SONEPAT,haryana|satpal brahamchari|sonepat
417,417,West Bengal,Saumitra khan,BISHNUPUR(SC),147000000.0,147000000,West Bengal,Saumitra khan,Saumitra khan,False,True,False,BISHNUPUR(SC),False,False,sc,BISHNUPUR,west bengal|saumitra khan|bishnupur(sc)
418,418,Madhya Pradesh,SAVITRI THAKUR,DHAR(ST),147000000.0,147000000,Madhya Pradesh,SAVITRI THAKUR,SAVITRI THAKUR,False,False,False,DHAR(ST),False,False,st,DHAR,madhya pradesh|savitri thakur|dhar(st)
419,419,West Bengal,SAYANI GHOSH,JADAVPUR,147000000.0,147000000,West Bengal,SAYANI GHOSH,SAYANI GHOSH,False,False,False,JADAVPUR,False,False,general,JADAVPUR,west bengal|sayani ghosh|jadavpur
420,420,Haryana,SELJA,SIRSA(SC),147000000.0,147000000,Haryana,SELJA,SELJA,False,False,False,SIRSA(SC),False,False,sc,SIRSA,haryana|selja|sirsa(sc)
421,421,Tamil Nadu,SELVAGANAPATHI T M,SALEM,147000000.0,147000000,Tamil Nadu,SELVAGANAPATHI T M,SELVAGANAPATHI T M,False,False,False,SALEM,False,False,general,SALEM,tamil nadu|selvaganapathi t m|salem
422,422,Tamil Nadu,SELVARAJ V,NAGAPATTINAM(SC),147000000.0,147000000,Tamil Nadu,SELVARAJ V,SELVARAJ V,False,False,False,NAGAPATTINAM(SC),False,False,sc,NAGAPATTINAM,tamil nadu|selvaraj v|nagapattinam(sc)
423,423,Kerala,SHAFI PARAMBIL,VADAKARA,147000000.0,147000000,Kerala,SHAFI PARAMBIL,SHAFI PARAMBIL,False,False,False,VADAKARA,False,False,general,VADAKARA,kerala|shafi parambil|vadakara
424,424,Bihar,SHAMBHAVI,SAMASTIPUR(SC),147000000.0,147000000,Bihar,SHAMBHAVI,SHAMBHAVI,False,False,False,SAMASTIPUR(SC),False,False,sc,SAMASTIPUR,bihar|shambhavi|samastipur(sc)
425,425,Madhya Pradesh,Shankar Lalwani,INDORE,147000000.0,147000000,Madhya Pradesh,Shankar Lalwani,Shankar Lalwani,False,True,False,INDORE,False,False,general,INDORE,madhya pradesh|shankar lalwani|indore
426,426,Uttar Pradesh,SHASHANK MANI,DEORIA,147000000.0,147000000,Uttar Pradesh,SHASHANK MANI,SHASHANK MANI,False,False,False,DEORIA,False,False,general,DEORIA,uttar pradesh|shashank mani|deoria
427,427,West Bengal,Shatrughan Sinha,ASANSOL,147000000.0,147000000,West Bengal,Shatrughan Sinha,Shatrughan Sinha,False,True,False,ASANSOL,False,False,general,ASANSOL,west bengal|shatrughan sinha|asansol
428,428,Punjab,SHER SINGH GHUBAYA,FIROZPUR,147000000.0,147000000,Punjab,SHER SINGH GHUBAYA,SHER SINGH GHUBAYA,False,False,False,FIROZPUR,False,False,general,FIROZPUR,punjab|sher singh ghubaya|firozpur
429,429,Madhya Pradesh,SHIVMANGAL SINGH TOMAR,MORENA,147000000.0,147000000,Madhya Pradesh,SHIVMANGAL SINGH TOMAR,SHIVMANGAL SINGH TOMAR,False,False,False,MORENA,False,False,general,MORENA,madhya pradesh|shivmangal singh tomar|morena
430,430,Madhya Pradesh,SHIVRAJ SINGH CHOUHAN,VIDISHA,147000000.0,147000000,Madhya Pradesh,SHIVRAJ SINGH CHOUHAN,SHIVRAJ SINGH CHOUHAN,False,False,False,VIDISHA,False,False,general,VIDISHA,madhya pradesh|shivraj singh chouhan|vidisha
431,431,Karnataka,SHOBHA KARANDLAJE,BANGALORE NORTH,147000000.0,147000000,Karnataka,SHOBHA KARANDLAJE,SHOBHA KARANDLAJE,False,False,False,BANGALORE NORTH,False,False,general,BANGALORE NORTH,karnataka|shobha karandlaje|bangalore north
432,432,Gujarat,SHOBHANABEN MAHENDRASINH BARAIYA,SABARKANTHA,147000000.0,147000000,Gujarat,SHOBHANABEN MAHENDRASINH BARAIYA,SHOBHANABEN MAHENDRASINH BARAIYA,False,False,False,SABARKANTHA,False,False,general,SABARKANTHA,gujarat|shobhanaben mahendrasinh baraiya|sabarkantha
433,433,Karnataka,SHREYAS. M. PATEL,HASSAN,147000000.0,147000000,Karnataka,SHREYAS. M. PATEL,SHREYAS. M. PATEL,False,False,False,HASSAN,False,False,general,HASSAN,karnataka|shreyas. m. patel|hassan
434,434,Haryana,Shri  Dharambir Singh,BHIWANI MAHENDRAGARH,147000000.0,147000000,Haryana,Shri Dharambir Singh,Dharambir Singh,True,True,True,BHIWANI MAHENDRAGARH,False,False,general,BHIWANI MAHENDRAGARH,haryana|dharambir singh|bhiwani mahendragarh
435,435,West Bengal,Shri Abhishek Banerjee,DIAMOND HARBOUR,147000000.0,147000000,West Bengal,Shri Abhishek Banerjee,Abhishek Banerjee,True,True,False,DIAMOND HARBOUR,False,False,general,DIAMOND HARBOUR,west bengal|abhishek banerjee|diamond harbour
436,436,Punjab,Shri Amar Singh,FATEHGARH SAHIB(SC),147000000.0,147000000,Punjab,Shri Amar Singh,Amar Singh,True,True,False,FATEHGARH SAHIB(SC),False,False,sc,FATEHGARH SAHIB,punjab|amar singh|fatehgarh sahib(sc)
437,437,Gujarat,Shri Amit Shah,GANDHINAGAR,147000000.0,147000000,Gujarat,Shri Amit Shah,Amit Shah,True,True,False,GANDHINAGAR,False,False,general,GANDHINAGAR,gujarat|amit shah|gandhinagar
438,438,Madhya Pradesh,Shri Anil Firojiya,UJJAIN(SC),147000000.0,147000000,Madhya Pradesh,Shri Anil Firojiya,Anil Firojiya,True,True,False,UJJAIN(SC),False,False,sc,UJJAIN,madhya pradesh|anil firojiya|ujjain(sc)
439,439,Rajasthan,Shri Arjun Ram Meghwal,BIKANER(SC),147000000.0,147000000,Rajasthan,Shri Arjun Ram Meghwal,Arjun Ram Meghwal,True,True,False,BIKANER(SC),False,False,sc,BIKANER,rajasthan|arjun ram meghwal|bikaner(sc)
440,440,Uttar Pradesh,Shri Arun Kumar Sagar,SHAHJAHANPUR(SC),147000000.0,147000000,Uttar Pradesh,Shri Arun Kumar Sagar,Arun Kumar Sagar,True,True,False,SHAHJAHANPUR(SC),False,False,sc,SHAHJAHANPUR,uttar pradesh|arun kumar sagar|shahjahanpur(sc)
441,441,Karnataka,Shri B Y Raghavendra,SHIMOGA,147000000.0,147000000,Karnataka,Shri B Y Raghavendra,B Y Raghavendra,True,True,False,SHIMOGA,False,False,general,SHIMOGA,karnataka|b y raghavendra|shimoga
442,442,Kerala,Shri Benny Behanan,CHALAKUDY,147000000.0,147000000,Kerala,Shri Benny Behanan,Benny Behanan,True,True,False,CHALAKUDY,False,False,general,CHALAKUDY,kerala|benny behanan|chalakudy
443,443,Odisha,Shri Bhartruhari Mahtab,CUTTACK,147000000.0,147000000,Odisha,Shri Bhartruhari Mahtab,Bhartruhari Mahtab,True,True,False,CUTTACK,False,False,general,CUTTACK,odisha|bhartruhari mahtab|cuttack
444,444,Jharkhand,Shri Chandra Prakash Choudhary,GIRIDIH,147000000.0,147000000,Jharkhand,Shri Chandra Prakash Choudhary,Chandra Prakash Choudhary,True,True,False,GIRIDIH,False,False,general,GIRIDIH,jharkhand|chandra prakash choudhary|giridih
445,445,West Bengal,Shri Deepak (Dev) Adhikari,GHATAL,200747364.0,200747364,West Bengal,Shri Deepak (Dev) Adhikari,Deepak (Dev) Adhikari,True,True,False,GHATAL,False,False,general,GHATAL,west bengal|deepak (dev) adhikari|ghatal
446,446,Punjab,Shri Gurjeet Singh Aujla,AMRITSAR,147000000.0,147000000,Punjab,Shri Gurjeet Singh Aujla,Gurjeet Singh Aujla,True,True,False,AMRITSAR,False,False,general,AMRITSAR,punjab|gurjeet singh aujla|amritsar
447,447,Rajasthan,Shri Hanuman Beniwal,NAGAUR,147000000.0,147000000,Rajasthan,Shri Hanuman Beniwal,Hanuman Beniwal,True,True,False,NAGAUR,False,False,general,NAGAUR,rajasthan|hanuman beniwal|nagaur
448,448,Kerala,Shri Hibi Eden,ERNAKULAM,162177260.11,162177260.11,Kerala,Shri Hibi Eden,Hibi Eden,True,True,False,ERNAKULAM,False,True,general,ERNAKULAM,kerala|hibi eden|ernakulam
449,449,Bihar,Shri Janardan Singh Sigriwal,MAHARAJGANJ_BR,147000000.0,147000000,Bihar,Shri Janardan Singh Sigriwal,Janardan Singh Sigriwal,True,True,False,MAHARAJGANJ_BR,False,False,general,MAHARAJGANJ (BR),bihar|janardan singh sigriwal|maharajganj_br
450,450,Odisha,Shri Jual Oram,SUNDARGARH (ST),173096756.91,173096756.91,Odisha,Shri Jual Oram,Jual Oram,True,True,False,SUNDARGARH (ST),False,True,st,SUNDARGARH,odisha|jual oram|sundargarh (st)
451,451,Jammu And Kashmir,Shri Jugal Kishore Sharma,JAMMU,147000000.0,147000000,Jammu And Kashmir,Shri Jugal Kishore Sharma,Jugal Kishore Sharma,True,True,False,JAMMU,False,False,general,JAMMU,jammu and kashmir|jugal kishore sharma|jammu
452,452,West Bengal,Shri Jyotirmay Singh Mahato,PURULIA,147000000.0,147000000,West Bengal,Shri Jyotirmay Singh Mahato,Jyotirmay Singh Mahato,True,True,False,PURULIA,False,False,general,PURULIA,west bengal|jyotirmay singh mahato|purulia
453,453,Tamil Nadu,Shri Karti P Chidambaram,SIVAGANGA,159049284.11,159049284.11,Tamil Nadu,Shri Karti P Chidambaram,Karti P Chidambaram,True,True,False,SIVAGANGA,False,True,general,SIVAGANGA,tamil nadu|karti p chidambaram|sivaganga
454,454,Kerala,Shri Kumbakudi Sudhakaran,KANNUR,147000000.0,147000000,Kerala,Shri Kumbakudi Sudhakaran,Kumbakudi Sudhakaran,True,True,False,KANNUR,False,False,general,KANNUR,kerala|kumbakudi sudhakaran|kannur
455,455,Karnataka,Shri LS Tejasvi Surya,BANGALORE SOUTH,147000000.0,147000000,Karnataka,Shri LS Tejasvi Surya,LS Tejasvi Surya,True,True,False,BANGALORE SOUTH,False,False,general,BANGALORE SOUTH,karnataka|ls tejasvi surya|bangalore south
456,456,Kerala,Shri M K Raghavan,KOZHIKODE,147000000.0,147000000,Kerala,Shri M K Raghavan,M K Raghavan,True,True,False,KOZHIKODE,False,False,general,KOZHIKODE,kerala|m k raghavan|kozhikode
457,457,Uttar Pradesh,Shri Narendra Modi,VARANASI,162070276.11,162070276.11,Uttar Pradesh,Shri Narendra Modi,Narendra Modi,True,True,False,VARANASI,False,True,general,VARANASI,uttar pradesh|narendra modi|varanasi
458,458,Kerala,Shri NK Premachandran,KOLLAM,171477994.11,171477994.11,Kerala,Shri NK Premachandran,NK Premachandran,True,True,False,KOLLAM,False,True,general,KOLLAM,kerala|nk premachandran|kollam
459,459,Rajasthan,Shri PP Chaudhary,PALI,147000000.0,147000000,Rajasthan,Shri PP Chaudhary,PP Chaudhary,True,True,False,PALI,False,False,general,PALI,rajasthan|pp chaudhary|pali
460,460,Kerala,Shri Rajmohan Unnithan,KASARAGOD,156754633.11,156754633.11,Kerala,Shri Rajmohan Unnithan,Rajmohan Unnithan,True,True,False,KASARAGOD,False,True,general,KASARAGOD,kerala|rajmohan unnithan|kasaragod
461,461,Assam,Shri Sarbananda Sonowal (18LS),DIBRUGARH,147000000.0,147000000,Assam,Shri Sarbananda Sonowal (18LS),Sarbananda Sonowal (18LS),True,True,False,DIBRUGARH,False,False,general,DIBRUGARH,assam|sarbananda sonowal (18ls)|dibrugarh
462,462,Uttar Pradesh,Shri Satish Kumar Gautam,ALIGARH,147000000.0,147000000,Uttar Pradesh,Shri Satish Kumar Gautam,Satish Kumar Gautam,True,True,False,ALIGARH,False,False,general,ALIGARH,uttar pradesh|satish kumar gautam|aligarh
463,463,West Bengal,Shri Shantanu Thakur,BANGAON(SC),147000000.0,147000000,West Bengal,Shri Shantanu Thakur,Shantanu Thakur,True,True,False,BANGAON(SC),False,False,sc,BANGAON,west bengal|shantanu thakur|bangaon(sc)
464,464,Madhya Pradesh,Shri Sudheer Gupta,MANDSOUR,148988014.83,148988014.83,Madhya Pradesh,Shri Sudheer Gupta,Sudheer Gupta,True,True,False,MANDSOUR,False,True,general,MANDSOUR,madhya pradesh|sudheer gupta|mandsour
465,465,Kerala,Shri Suresh Kodikunnil,MAVELIKKARA(SC),172429519.11,172429519.11,Kerala,Shri Suresh Kodikunnil,Suresh Kodikunnil,True,True,False,MAVELIKKARA(SC),False,True,sc,MAVELIKKARA,kerala|suresh kodikunnil|mavelikkara(sc)
466,466,Arunachal Pradesh,Shri Tapir Gao,ARUNACHAL EAST,147000000.0,147000000,Arunachal Pradesh,Shri Tapir Gao,Tapir Gao,True,True,False,ARUNACHAL EAST,False,False,general,ARUNACHAL EAST,arunachal pradesh|tapir gao|arunachal east
467,467,Tamil Nadu,Shri vijayakumar Vasanth,KANNIYAKUMARI,171500000.0,171500000,Tamil Nadu,Shri vijayakumar Vasanth,vijayakumar Vasanth,True,True,False,KANNIYAKUMARI,False,False,general,KANNIYAKUMARI,tamil nadu|vijayakumar vasanth|kanniyakumari
468,468,Maharashtra,Shrikant Eknath Shinde,KALYAN,147000000.0,147000000,Maharashtra,Shrikant Eknath Shinde,Shrikant Eknath Shinde,False,True,False,KALYAN,False,False,general,KALYAN,maharashtra|shrikant eknath shinde|kalyan
469,469,Maharashtra,SHRIMANT CHH UDAYANRAJE PRATAPSINHAMAHARAJ BHONSLE,SATARA,147000000.0,147000000,Maharashtra,SHRIMANT CHH UDAYANRAJE PRATAPSINHAMAHARAJ BHONSLE,SHRIMANT CHH UDAYANRAJE PRATAPSINHAMAHARAJ BHONSLE,False,False,False,SATARA,False,False,general,SATARA,maharashtra|shrimant chh udayanraje pratapsinhamaharaj bhonsle|satara
470,470,Goa,Shripad Yesso Naik,NORTH GOA,147000000.0,147000000,Goa,Shripad Yesso Naik,Shripad Yesso Naik,False,True,False,NORTH GOA,False,False,general,NORTH GOA,goa|shripad yesso naik|north goa
471,471,Maharashtra,Shrirang Appa Barne,MAVAL,147000000.0,147000000,Maharashtra,Shrirang Appa Barne,Shrirang Appa Barne,False,True,False,MAVAL,False,False,general,MAVAL,maharashtra|shrirang appa barne|maval
472,472,Maharashtra,Shyamkumar,RAMTEK(SC),147000000.0,147000000,Maharashtra,Shyamkumar,Shyamkumar,False,True,False,RAMTEK(SC),False,False,sc,RAMTEK,maharashtra|shyamkumar|ramtek(sc)
473,473,Andhra Pradesh,Sivanath Kesineni,VIJAYAWADA,147000000.0,147000000,Andhra Pradesh,Sivanath Kesineni,Sivanath Kesineni,False,True,False,VIJAYAWADA,False,False,general,VIJAYAWADA,andhra pradesh|sivanath kesineni|vijayawada
474,474,West Bengal,SK NURUL ISLAM,BASIRHAT,49000000.0,49000000,West Bengal,SK NURUL ISLAM,SK NURUL ISLAM,False,False,False,BASIRHAT,False,False,general,BASIRHAT,west bengal|sk nurul islam|basirhat
475,475,Maharashtra,SMITA UDAY WAGH,JALGAON,148107373.11,148107373.11,Maharashtra,SMITA UDAY WAGH,SMITA UDAY WAGH,False,False,False,JALGAON,False,True,general,JALGAON,maharashtra|smita uday wagh|jalgaon
476,476,Uttar Pradesh,Smt Anupriya Patel,MIRZAPUR,147000000.0,147000000,Uttar Pradesh,Smt Anupriya Patel,Anupriya Patel,True,True,False,MIRZAPUR,False,False,general,MIRZAPUR,uttar pradesh|anupriya patel|mirzapur
477,477,Odisha,Smt Aparajita Sarangi,BHUBANESWAR,147420861.41,147420861.41,Odisha,Smt Aparajita Sarangi,Aparajita Sarangi,True,True,False,BHUBANESWAR,False,True,general,BHUBANESWAR,odisha|aparajita sarangi|bhubaneswar
478,478,Uttar Pradesh,Smt Dimple Yadav,MAINPURI,192042469.11,192042469.11,Uttar Pradesh,Smt Dimple Yadav,Dimple Yadav,True,True,False,MAINPURI,False,True,general,MAINPURI,uttar pradesh|dimple yadav|mainpuri
479,479,Punjab,Smt Harsimrat Kaur Badal,BHATINDA,159775982.39,159775982.39,Punjab,Smt Harsimrat Kaur Badal,Harsimrat Kaur Badal,True,True,False,BHATINDA,False,True,general,BHATINDA,punjab|harsimrat kaur badal|bhatinda
480,480,Uttar Pradesh,Smt Hema Malini,MATHURA,147000000.0,147000000,Uttar Pradesh,Smt Hema Malini,Hema Malini,True,True,False,MATHURA,False,False,general,MATHURA,uttar pradesh|hema malini|mathura
481,481,Madhya Pradesh,Smt Himadri Singh,SHAHDOL (ST),150724861.11,150724861.11,Madhya Pradesh,Smt Himadri Singh,Himadri Singh,True,True,False,SHAHDOL (ST),False,True,st,SHAHDOL,madhya pradesh|himadri singh|shahdol (st)
482,482,Gujarat,Smt Poonamben Hematbhai Maadam,JAMNAGAR,147000000.0,147000000,Gujarat,Smt Poonamben Hematbhai Maadam,Poonamben Hematbhai Maadam,True,True,False,JAMNAGAR,False,False,general,JAMNAGAR,gujarat|poonamben hematbhai maadam|jamnagar
483,483,Maharashtra,Smt Raksha Nikhil Khadse,RAVER,153112586.11,153112586.11,Maharashtra,Smt Raksha Nikhil Khadse,Raksha Nikhil Khadse,True,True,False,RAVER,False,True,general,RAVER,maharashtra|raksha nikhil khadse|raver
484,484,Tamil Nadu,Smt S Jothimani,KARUR,147000000.0,147000000,Tamil Nadu,Smt S Jothimani,S Jothimani,True,True,False,KARUR,False,False,general,KARUR,tamil nadu|s jothimani|karur
485,485,West Bengal,Smt Sajda Ahmed,ULUBERIA,147000000.0,147000000,West Bengal,Smt Sajda Ahmed,Sajda Ahmed,True,True,False,ULUBERIA,False,False,general,ULUBERIA,west bengal|sajda ahmed|uluberia
486,486,Madhya Pradesh,Smt Sandhya Ray,BHIND(SC),147000000.0,147000000,Madhya Pradesh,Smt Sandhya Ray,Sandhya Ray,True,True,False,BHIND(SC),False,False,sc,BHIND,madhya pradesh|sandhya ray|bhind(sc)
487,487,Odisha,Smt Sangeeta Kumari Singh Deo,BOLANGIR,147000000.0,147000000,Odisha,Smt Sangeeta Kumari Singh Deo,Sangeeta Kumari Singh Deo,True,True,False,BOLANGIR,False,False,general,BOLANGIR,odisha|sangeeta kumari singh deo|bolangir
488,488,West Bengal,Smt Satabdi Roy (Banerjee),BIRBHUM,147000000.0,147000000,West Bengal,Smt Satabdi Roy (Banerjee),Satabdi Roy (Banerjee),True,True,False,BIRBHUM,False,False,general,BIRBHUM,west bengal|satabdi roy (banerjee)|birbhum
489,489,Maharashtra,Smt Supriya Sadanand Sule,BARAMATI,147000000.0,147000000,Maharashtra,Smt Supriya Sadanand Sule,Supriya Sadanand Sule,True,True,False,BARAMATI,False,False,general,BARAMATI,maharashtra|supriya sadanand sule|baramati
490,490,Bihar,Smt Veena Devi,VAISHALI,147000000.0,147000000,Bihar,Smt Veena Devi,Veena Devi,True,True,False,VAISHALI,False,False,general,VAISHALI,bihar|veena devi|vaishali
491,491,Andhra Pradesh,Sribharat MathuKumli,VISAKHAPATNAM,164841922.0,164841922,Andhra Pradesh,Sribharat MathuKumli,Sribharat MathuKumli,False,True,False,VISAKHAPATNAM,False,False,general,VISAKHAPATNAM,andhra pradesh|sribharat mathukumli|visakhapatnam
492,492,Bihar,SUDAMA PRASAD,ARRAH,147000000.0,147000000,Bihar,SUDAMA PRASAD,SUDAMA PRASAD,False,False,False,ARRAH,False,False,general,ARRAH,bihar|sudama prasad|arrah
493,493,Tamil Nadu,SUDHA R,MAYILADUTHURAI,147332315.11,147332315.11,Tamil Nadu,SUDHA R,SUDHA R,False,False,False,MAYILADUTHURAI,False,True,general,MAYILADUTHURAI,tamil nadu|sudha r|mayiladuthurai
494,494,Bihar,SUDHAKAR SINGH,BUXAR,185211956.54,185211956.54,Bihar,SUDHAKAR SINGH,SUDHAKAR SINGH,False,False,False,BUXAR,False,True,general,BUXAR,bihar|sudhakar singh|buxar
495,495,West Bengal,Sudip Bandyopadhyay,KOLKATA UTTAR,147000000.0,147000000,West Bengal,Sudip Bandyopadhyay,Sudip Bandyopadhyay,False,True,False,KOLKATA UTTAR,False,False,general,KOLKATA UTTAR,west bengal|sudip bandyopadhyay|kolkata uttar
496,496,Odisha,SUKANTA KUMAR PANIGRAHI,KANDHAMAL,190712424.11,190712424.11,Odisha,SUKANTA KUMAR PANIGRAHI,SUKANTA KUMAR PANIGRAHI,False,False,False,KANDHAMAL,False,True,general,KANDHAMAL,odisha|sukanta kumar panigrahi|kandhamal
497,497,Jharkhand,SUKHDEO BHAGAT,LOHARDAGA(ST),171821957.11,171821957.11,Jharkhand,SUKHDEO BHAGAT,SUKHDEO BHAGAT,False,False,False,LOHARDAGA(ST),False,True,st,LOHARDAGA,jharkhand|sukhdeo bhagat|lohardaga(st)
498,498,Punjab,SUKHJINDER SINGH RANDHAWA,GURDASPUR,147000000.0,147000000,Punjab,SUKHJINDER SINGH RANDHAWA,SUKHJINDER SINGH RANDHAWA,False,False,False,GURDASPUR,False,False,general,GURDASPUR,punjab|sukhjinder singh randhawa|gurdaspur
499,499,Karnataka,SUNIL BOSE,CHAMARAJANAGAR(SC),147000000.0,147000000,Karnataka,SUNIL BOSE,SUNIL BOSE,False,False,False,CHAMARAJANAGAR(SC),False,False,sc,CHAMARAJANAGAR,karnataka|sunil bose|chamarajanagar(sc)
500,500,Maharashtra,Sunil Dattatray Tatkare,RAIGAD,147000000.0,147000000,Maharashtra,Sunil Dattatray Tatkare,Sunil Dattatray Tatkare,False,True,False,RAIGAD,False,False,general,RAIGAD,maharashtra|sunil dattatray tatkare|raigad
501,501,Bihar,Sunil Kumar,VALMIKI NAGAR,147000000.0,147000000,Bihar,Sunil Kumar,Sunil Kumar,False,True,False,VALMIKI NAGAR,False,False,general,VALMIKI NAGAR,bihar|sunil kumar|valmiki nagar
502,502,Bihar,SURENDRA PRASAD YADAV,JAHANABAD,155325714.0,155325714,Bihar,SURENDRA PRASAD YADAV,SURENDRA PRASAD YADAV,False,False,False,JAHANABAD,False,False,general,JAHANABAD,bihar|surendra prasad yadav|jahanabad
503,503,Kerala,SURESH GOPI,THRISSUR,147000000.0,147000000,Kerala,SURESH GOPI,SURESH GOPI,False,False,False,THRISSUR,False,False,general,THRISSUR,kerala|suresh gopi|thrissur
504,504,Himachal Pradesh,Suresh Kumar Kashyap,SHIMLA (SC),153563957.11,153563957.11,Himachal Pradesh,Suresh Kumar Kashyap,Suresh Kumar Kashyap,False,True,False,SHIMLA (SC),False,True,sc,SHIMLA,himachal pradesh|suresh kumar kashyap|shimla (sc)
505,505,Telangana,SURESH KUMAR SHETKAR,ZAHIRABAD,147000000.0,147000000,Telangana,SURESH KUMAR SHETKAR,SURESH KUMAR SHETKAR,False,False,False,ZAHIRABAD,False,False,general,ZAHIRABAD,telangana|suresh kumar shetkar|zahirabad
506,506,Uttar Pradesh,Swami Sachchidanandhari Sakshi ji Maharaj,UNNAO,147000000.0,147000000,Uttar Pradesh,Swami Sachchidanandhari Sakshi ji Maharaj,Sachchidanandhari Sakshi ji Maharaj,True,True,False,UNNAO,False,False,general,UNNAO,uttar pradesh|sachchidanandhari sakshi ji maharaj|unnao
507,507,Tamil Nadu,T Sumathy (A) Thamizhachi Thangapandian,CHENNAI SOUTH,147000000.0,147000000,Tamil Nadu,T Sumathy (A) Thamizhachi Thangapandian,T Sumathy (A) Thamizhachi Thangapandian,False,True,False,CHENNAI SOUTH,False,False,general,CHENNAI SOUTH,tamil nadu|t sumathy (a) thamizhachi thangapandian|chennai south
508,508,Andhra Pradesh,TANGELLA UDAY SRINIVAS,KAKINADA,199417886.76,199417886.76,Andhra Pradesh,TANGELLA UDAY SRINIVAS,TANGELLA UDAY SRINIVAS,False,False,False,KAKINADA,False,True,general,KAKINADA,andhra pradesh|tangella uday srinivas|kakinada
509,509,Uttar Pradesh,TANUJ PUNIA,BARABANKI(SC),148198170.11,148198170.11,Uttar Pradesh,TANUJ PUNIA,TANUJ PUNIA,False,False,False,BARABANKI(SC),False,True,sc,BARABANKI,uttar pradesh|tanuj punia|barabanki(sc)
510,510,Bihar,TARIQ ANWAR,KATIHAR,147000000.0,147000000,Bihar,TARIQ ANWAR,TARIQ ANWAR,False,False,False,KATIHAR,False,False,general,KATIHAR,bihar|tariq anwar|katihar
511,511,Tamil Nadu,Thalikkottai Rajuthevar Baalu,SRIPERUMBUDUR,196905535.11,196905535.11,Tamil Nadu,Thalikkottai Rajuthevar Baalu,Thalikkottai Rajuthevar Baalu,False,True,False,SRIPERUMBUDUR,False,True,general,SRIPERUMBUDUR,tamil nadu|thalikkottai rajuthevar baalu|sriperumbudur
512,512,Tamil Nadu,THANGA TAMILSELVAN,THENI,147000000.0,147000000,Tamil Nadu,THANGA TAMILSELVAN,THANGA TAMILSELVAN,False,False,False,THENI,False,False,general,THENI,tamil nadu|thanga tamilselvan|theni
513,513,Tamil Nadu,THARANIVENTHAN M S,ARANI,168337124.35,168337124.35,Tamil Nadu,THARANIVENTHAN M S,THARANIVENTHAN M S,False,False,False,ARANI,False,True,general,ARANI,tamil nadu|tharaniventhan m s|arani
514,514,Tamil Nadu,Thiru Dayanidhi Maran,CHENNAI CENTRAL,147000000.0,147000000,Tamil Nadu,Thiru Dayanidhi Maran,Thiru Dayanidhi Maran,False,True,False,CHENNAI CENTRAL,False,False,general,CHENNAI CENTRAL,tamil nadu|thiru dayanidhi maran|chennai central
515,515,Tamil Nadu,Thirumaa Valavan Thol,CHIDAMBARAM(SC),147000000.0,147000000,Tamil Nadu,Thirumaa Valavan Thol,Thirumaa Valavan Thol,False,True,False,CHIDAMBARAM(SC),False,False,sc,CHIDAMBARAM,tamil nadu|thirumaa valavan thol|chidambaram(sc)
516,516,Chhattisgarh,TOKHAN SAHU,BILASPUR,147000000.0,147000000,Chhattisgarh,TOKHAN SAHU,TOKHAN SAHU,False,False,False,BILASPUR,False,False,general,BILASPUR,chhattisgarh|tokhan sahu|bilaspur
517,517,Uttarakhand,TRIVENDRA SINGH RAWAT,HARDWAR,147000000.0,147000000,Uttarakhand,TRIVENDRA SINGH RAWAT,TRIVENDRA SINGH RAWAT,False,False,False,HARDWAR,False,False,general,HARDWAR,uttarakhand|trivendra singh rawat|hardwar
518,518,Uttar Pradesh,UJJWAL RAMAN SINGH,ALLAHABAD,147000000.0,147000000,Uttar Pradesh,UJJWAL RAMAN SINGH,UJJWAL RAMAN SINGH,False,False,False,ALLAHABAD,False,False,general,ALLAHABAD,uttar pradesh|ujjwal raman singh|allahabad
519,519,Rajasthan,UMMEDA RAM BENIWAL,BARMER,147000000.0,147000000,Rajasthan,UMMEDA RAM BENIWAL,UMMEDA RAM BENIWAL,False,False,False,BARMER,False,False,general,BARMER,rajasthan|ummeda ram beniwal|barmer
520,520,Uttar Pradesh,UTKARSH VERMA MADHUR,KHERI,147000000.0,147000000,Uttar Pradesh,UTKARSH VERMA MADHUR,UTKARSH VERMA MADHUR,False,False,False,KHERI,False,False,general,KHERI,uttar pradesh|utkarsh verma madhur|kheri
521,521,Tamil Nadu,V S Matheswaran,NAMAKKAL,162539930.11,162539930.11,Tamil Nadu,V S Matheswaran,V S Matheswaran,False,True,False,NAMAKKAL,False,True,general,NAMAKKAL,tamil nadu|v s matheswaran|namakkal
522,522,Karnataka,V. SOMANNA,TUMKUR,147000000.0,147000000,Karnataka,V. SOMANNA,V. SOMANNA,False,False,False,TUMKUR,False,False,general,TUMKUR,karnataka|v. somanna|tumkur
523,523,Puducherry,Vaithilingam Ve,Puducherry,209368972.11,209368972.11,Puducherry,Vaithilingam Ve,Vaithilingam Ve,False,True,False,Puducherry,False,True,general,Puducherry,puducherry|vaithilingam ve|puducherry
524,524,Telangana,VAMSI KRISHNA GADDAM,PEDDAPALLE,148451721.11,148451721.11,Telangana,VAMSI KRISHNA GADDAM,VAMSI KRISHNA GADDAM,False,False,False,PEDDAPALLE,False,True,general,PEDDAPALLE,telangana|vamsi krishna gaddam|peddapalle
525,525,Haryana,VARUN CHAUDHRY,AMBALA (SC),255454264.0,255454264,Haryana,VARUN CHAUDHRY,VARUN CHAUDHRY,False,False,False,AMBALA (SC),False,False,sc,AMBALA,haryana|varun chaudhry|ambala (sc)
526,526,Kerala,Vellalath Kochukrishnan Nair Sreekandan,PALAKKAD,147000000.0,147000000,Kerala,Vellalath Kochukrishnan Nair Sreekandan,Vellalath Kochukrishnan Nair Sreekandan,False,True,False,PALAKKAD,False,False,general,PALAKKAD,kerala|vellalath kochukrishnan nair sreekandan|palakkad
527,527,Chhattisgarh,Vijay Baghel,DURG,147000000.0,147000000,Chhattisgarh,Vijay Baghel,Vijay Baghel,False,True,False,DURG,False,False,general,DURG,chhattisgarh|vijay baghel|durg
528,528,Uttar Pradesh,Vijay Kumar Dubey,KUSHI NAGAR,148900000.0,148900000,Uttar Pradesh,Vijay Kumar Dubey,Vijay Kumar Dubey,False,True,False,KUSHI NAGAR,False,False,general,KUSHI NAGAR,uttar pradesh|vijay kumar dubey|kushi nagar
529,529,Jharkhand,Vijay Kumar Hansdak,RAJMAHAL(ST),147223957.11,147223957.11,Jharkhand,Vijay Kumar Hansdak,Vijay Kumar Hansdak,False,True,False,RAJMAHAL(ST),False,True,st,RAJMAHAL,jharkhand|vijay kumar hansdak|rajmahal(st)
530,530,Bihar,VIJAYLAKSHMI DEVI,SIWAN,147000000.0,147000000,Bihar,VIJAYLAKSHMI DEVI,VIJAYLAKSHMI DEVI,False,False,False,SIWAN,False,False,general,SIWAN,bihar|vijaylakshmi devi|siwan
531,531,Gujarat,Vinod Chavda,KACHCHH(SC),147000000.0,147000000,Gujarat,Vinod Chavda,Vinod Chavda,False,True,False,KACHCHH(SC),False,False,sc,KACHCHH,gujarat|vinod chavda|kachchh(sc)
532,532,Uttar Pradesh,VINOD KUMAR BIND,BHADOHI,147000000.0,147000000,Uttar Pradesh,VINOD KUMAR BIND,VINOD KUMAR BIND,False,False,False,BHADOHI,False,False,general,BHADOHI,uttar pradesh|vinod kumar bind|bhadohi
533,533,Madhya Pradesh,Virendra Kumar,TIKAMGARH(SC),147000000.0,147000000,Madhya Pradesh,Virendra Kumar,Virendra Kumar,False,True,False,TIKAMGARH(SC),False,False,sc,TIKAMGARH,madhya pradesh|virendra kumar|tikamgarh(sc)
534,534,Uttar Pradesh,VIRENDRA SINGH,CHANDAULI,147000000.0,147000000,Uttar Pradesh,VIRENDRA SINGH,VIRENDRA SINGH,False,False,False,CHANDAULI,False,False,general,CHANDAULI,uttar pradesh|virendra singh|chandauli
535,535,Maharashtra,VISHAL,SANGLI,147000000.0,147000000,Maharashtra,VISHAL,VISHAL,False,False,False,SANGLI,False,False,general,SANGLI,maharashtra|vishal|sangli
536,536,Jharkhand,Vishnu Dayal Ram,PALAMU(SC),158176083.11,158176083.11,Jharkhand,Vishnu Dayal Ram,Vishnu Dayal Ram,False,True,False,PALAMU(SC),False,True,sc,PALAMU,jharkhand|vishnu dayal ram|palamu(sc)
537,537,Madhya Pradesh,Vishnu Dutt Sharma,KHAJURAHO,147000000.0,147000000,Madhya Pradesh,Vishnu Dutt Sharma,Vishnu Dutt Sharma,False,True,False,KHAJURAHO,False,False,general,KHAJURAHO,madhya pradesh|vishnu dutt sharma|khajuraho
538,538,Karnataka,VISHWESHWAR HEGDE KAGERI,UTTARA KANNADA,147000000.0,147000000,Karnataka,VISHWESHWAR HEGDE KAGERI,VISHWESHWAR HEGDE KAGERI,False,False,False,UTTARA KANNADA,False,False,general,UTTARA KANNADA,karnataka|vishweshwar hegde kageri|uttara kannada
539,539,Bihar,VIVEK THAKUR,NAWADA,147000000.0,147000000,Bihar,VIVEK THAKUR,VIVEK THAKUR,False,False,False,NAWADA,False,False,general,NAWADA,bihar|vivek thakur|nawada
540,540,Andhra Pradesh,Y S Avinash Reddy,KADAPA,156430260.11,156430260.11,Andhra Pradesh,Y S Avinash Reddy,Y S Avinash Reddy,False,True,False,KADAPA,False,True,general,KADAPA,andhra pradesh|y s avinash reddy|kadapa
541,541,Karnataka,YADUVEER KRISHNADATTA CHAMARAJA WADIYAR,MYSORE,147000000.0,147000000,Karnataka,YADUVEER KRISHNADATTA CHAMARAJA WADIYAR,YADUVEER KRISHNADATTA CHAMARAJA WADIYAR,False,False,False,MYSORE,False,False,general,MYSORE,karnataka|yaduveer krishnadatta chamaraja wadiyar|mysore
542,542,Delhi,Yogendra Chandoliya,NORTH WEST DELHI(SC),147876307.0,147876307,Delhi,Yogendra Chandoliya,Yogendra Chandoliya,False,True,False,NORTH WEST DELHI(SC),False,False,sc,NORTH WEST DELHI,delhi|yogendra chandoliya|north west delhi(sc)
543,543,Uttar Pradesh,ZIA UR REHMAN,SAMBHAL,147000000.0,147000000,Uttar Pradesh,ZIA UR REHMAN,ZIA UR REHMAN,False,False,False,SAMBHAL,False,False,general,SAMBHAL,uttar pradesh|zia ur rehman|sambhal
