member_id,risk_score,risk_level,risk_escalated,financial_risk,data_quality_risk,duplicate_risk,interest_risk,max_duplicate_similarity,flagged_duplicate_pair,anomaly_reasons,ensemble_score,anomaly_votes,state,mp_name,constituency,allocated_amount,benchmark_amount,deviation_from_benchmark_pct,paise_component,amount_missing,name_quality_score,risk_factors,recommended_actions,lofo_attribution
1,31.0,MEDIUM,False,70.0,12.0,0.0,0.0,0.0,False,['Allocation is 29% above the ₹14.7 cr full-entitlement benchmark'],0.2329,1,Maharashtra,AASHTIKAR PATIL NAGESH BAPURAO,HINGOLI,190289442.0,147000000.0,29.448600000000003,0.0,False,0.75,"[{'factor': 'Allocation 29% above entitlement benchmark', 'contribution_points': 28.0, 'support': '₹19.03 cr vs benchmark ₹14.7 cr (1/3 methods agree)'}]",['Review sanction ledger for carry-forward/unspent balances explaining the excess'],"{'benchmark_ratio': 0.0049, 'log_amount': 0.0139, 'excess_over_benchmark_cr': 0.0183, 'shortfall_ratio': 0.0009, 'paise_component': 0.0111, 'state_deviation_pct': 0.0076, 'state_percentile': 0.0038, 'amount_missing_ind': 0.0109, 'name_quality_score': -0.0107}"
2,3.4,LOW,False,0.9,12.0,0.0,0.0,0.0,False,[],0.0148,0,Jammu And Kashmir,ABDUL RASHID SHEIKH,BARAMULLAH,147000000.0,147000000.0,0.0,0.0,False,0.75,[],['No investigative action indicated by current signals'],{}
3,3.0,LOW,False,0.0,12.0,0.0,0.0,0.0,False,[],0.0,0,Bihar,ABHAY KUMAR SINHA,AURANGABAD_BR,147000000.0,147000000.0,0.0,0.0,False,0.75,[],['No investigative action indicated by current signals'],{}
4,3.0,LOW,False,0.0,12.0,0.0,0.0,0.0,False,[],0.0,0,West Bengal,ABHIJIT GANGOPADHYAY,TAMLUK,147000000.0,147000000.0,0.0,0.0,False,0.75,[],['No investigative action indicated by current signals'],{}
5,0.3,LOW,False,0.8,0.0,0.0,0.0,0.0,False,[],0.0132,0,West Bengal,Abu Taher Khan,MURSHIDABAD,147000000.0,147000000.0,0.0,0.0,False,1.0,[],['No investigative action indicated by current signals'],{}
6,3.0,LOW,False,0.0,12.0,0.0,0.0,0.0,False,[],0.0,0,West Bengal,ADHIKARI SOUMENDU,KANTHI,147000000.0,147000000.0,0.0,0.0,False,0.75,[],['No investigative action indicated by current signals'],{}
7,3.0,LOW,False,0.0,12.0,0.0,0.0,0.0,False,[],0.0004,0,Uttar Pradesh,ADITYA YADAV,BADAUN,147000000.0,147000000.0,0.0,0.0,False,0.75,[],['No investigative action indicated by current signals'],{}
8,5.6,LOW,False,1.1,12.0,10.8,0.0,0.2693,False,[],0.0186,0,Kerala,Adv Adoor Prakash,ATTINGAL,147000000.0,147000000.0,0.0,0.0,False,0.85,[],['No investigative action indicated by current signals'],{}
9,3.4,LOW,False,1.1,12.0,0.0,0.0,0.0,False,[],0.0186,0,Kerala,Adv Dean Kuriakose,IDUKKI,147000000.0,147000000.0,0.0,0.0,False,0.85,[],['No investigative action indicated by current signals'],{}
10,13.6,LOW,False,7.2,25.0,0.0,30.1,0.0,False,['Non-round allocation (₹11.00 paise component) suggests interest-bearing balance accrual'],0.1205,1,Maharashtra,ADV GOWAAL KAGADA PADAVI,NANDURBAR(ST),147816309.11,147000000.0,0.5553123197278964,11.0,False,0.6,"[{'factor': 'Member name formatting defects', 'contribution_points': 6.2, 'support': 'name hygiene score 0.60 (title prefixes / casing / spacing hinder record matching)'}, {'factor': 'Non-round allocation (interest component)', 'contribution_points': 4.5, 'support': '₹11.00 paise part implies interest-bearing balance accrual'}]",['Reconcile interest accrual on unspent balance with agency bank statements'],{}
11,39.4,MEDIUM,False,70.0,25.0,0.0,34.2,0.0,False,"['Allocation is 28% above the ₹14.7 cr full-entitlement benchmark', 'Non-round allocation (₹11.00 paise component) suggests interest-bearing balance accrual', '2/3 anomaly methods agree (ensemble score 0.26)']",0.2643,2,Kerala,ADV K FRANCIS GEORGE,KOTTAYAM,188722256.11,147000000.0,28.382487149659873,11.0,False,0.6,"[{'factor': 'Allocation 28% above entitlement benchmark', 'contribution_points': 28.0, 'support': '₹18.87 cr vs benchmark ₹14.7 cr (2/3 methods agree)'}, {'factor': 'Member name formatting defects', 'contribution_points': 6.2, 'support': 'name hygiene score 0.60 (title prefixes / casing / spacing hinder record matching)'}, {'factor': 'Non-round allocation (interest component)', 'contribution_points': 5.1, 'support': '₹11.00 paise part implies interest-bearing balance accrual'}]","['Review sanction ledger for carry-forward/unspent balances explaining the excess', 'Reconcile interest accrual on unspent balance with agency bank statements']","{'benchmark_ratio': -0.0192, 'log_amount': -0.0168, 'excess_over_benchmark_cr': -0.0006, 'shortfall_ratio': -0.021, 'paise_component': -0.0395, 'state_deviation_pct': -0.0319, 'state_percentile': -0.0068, 'amount_missing_ind': 0.0092, 'name_quality_score': 0.1275}"
12,39.0,MEDIUM,False,90.0,12.0,0.0,0.0,0.0,False,"['Allocation is 50% above the ₹14.7 cr full-entitlement benchmark', '2/3 anomaly methods agree (ensemble score 0.36)']",0.3607,2,Uttar Pradesh,AFZAL ANSARI,GHAZIPUR,220500000.0,147000000.0,50.0,0.0,False,0.75,"[{'factor': 'Allocation 50% above entitlement benchmark', 'contribution_points': 36.0, 'support': '₹22.05 cr vs benchmark ₹14.7 cr (2/3 methods agree)'}]",['Review sanction ledger for carry-forward/unspent balances explaining the excess'],"{'benchmark_ratio': 0.0153, 'log_amount': 0.0063, 'excess_over_benchmark_cr': 0.0593, 'shortfall_ratio': 0.005, 'paise_component': -0.0164, 'state_deviation_pct': 0.0304, 'state_percentile': 0.0033, 'amount_missing_ind': 0.0162, 'name_quality_score': -0.0047}"
13,3.4,LOW,False,0.9,12.0,0.0,0.0,0.0,False,[],0.0148,0,Jammu And Kashmir,AGA SYED RUHULLAH MEHDI,SRINAGAR,147000000.0,147000000.0,0.0,0.0,False,0.75,[],['No investigative action indicated by current signals'],{}
14,3.7,LOW,False,1.9,0.0,14.5,0.0,0.3613,False,[],0.0313,0,Uttarakhand,Ajay Bhatt,NAINITAL UDHAM SINGH NAG.,147000000.0,147000000.0,0.0,0.0,False,1.0,[],['No investigative action indicated by current signals'],{}
15,0.3,LOW,False,0.8,0.0,0.0,0.0,0.0,False,[],0.0135,0,Bihar,Ajay Kumar Mandal,BHAGALPUR,147000000.0,147000000.0,0.0,0.0,False,1.0,[],['No investigative action indicated by current signals'],{}
16,3.7,LOW,False,1.9,0.0,14.5,0.0,0.3613,False,[],0.0313,0,Uttarakhand,Ajay Tamta,ALMORA(SC),147000000.0,147000000.0,0.0,0.0,False,1.0,[],['No investigative action indicated by current signals'],{}
17,5.6,LOW,False,0.0,12.0,12.9,0.0,0.3237,False,[],0.0004,0,Uttar Pradesh,AJENDRA SINGH LODHI,HAMIRPUR_UP,147000000.0,147000000.0,0.0,0.0,False,0.75,[],['No investigative action indicated by current signals'],{}
18,3.0,LOW,False,0.0,12.0,0.0,0.0,0.0,False,[],0.0004,0,Uttar Pradesh,AKHILESH YADAV,KANNAUJ,147000000.0,147000000.0,0.0,0.0,False,0.75,[],['No investigative action indicated by current signals'],{}
19,3.0,LOW,False,0.0,12.0,0.0,0.0,0.0,False,[],0.0004,0,Uttar Pradesh,AKSHAYA YADAV,FIROZABAD,147000000.0,147000000.0,0.0,0.0,False,0.75,[],['No investigative action indicated by current signals'],{}
20,3.7,LOW,False,1.7,12.0,0.0,0.0,0.0,False,[],0.0284,0,Manipur,ALFRED KANNGAM S ARTHUR,OUTER MANIPUR(ST),147000000.0,147000000.0,0.0,0.0,False,0.75,[],['No investigative action indicated by current signals'],{}
21,0.3,LOW,False,0.8,0.0,0.0,0.0,0.0,False,[],0.0135,0,Bihar,Alok Kumar Suman,GOPALGANJ (SC),147000000.0,147000000.0,0.0,0.0,False,1.0,[],['No investigative action indicated by current signals'],{}
22,5.1,LOW,False,0.3,12.0,9.7,0.0,0.2436,False,[],0.0046,0,Madhya Pradesh,ALOK SHARMA,BHOPAL,147000000.0,147000000.0,0.0,0.0,False,0.75,[],['No investigative action indicated by current signals'],{}
23,3.0,LOW,False,0.1,12.0,0.0,0.0,0.0,False,[],0.0014,0,Maharashtra,AMAR SHARADRAO KALE,WARDHA,147000000.0,147000000.0,0.0,0.0,False,0.75,[],['No investigative action indicated by current signals'],{}
24,3.2,LOW,False,0.5,12.0,0.0,0.0,0.0,False,[],0.0083,0,Assam,AMARSING TISSO,Diphu (ST),147000000.0,147000000.0,0.0,0.0,False,0.75,[],['No investigative action indicated by current signals'],{}
25,36.3,MEDIUM,False,70.0,12.0,0.0,35.5,0.0,False,"['Allocation is 37% above the ₹14.7 cr full-entitlement benchmark', 'Non-round allocation (₹11.00 paise component) suggests interest-bearing balance accrual']",0.2709,1,Andhra Pradesh,AMBICA G LAKSHMINARAYANA VALMIKI,ANANTAPUR,201899064.11,147000000.0,37.34630211564627,11.0,False,0.75,"[{'factor': 'Allocation 37% above entitlement benchmark', 'contribution_points': 28.0, 'support': '₹20.19 cr vs benchmark ₹14.7 cr (1/3 methods agree)'}, {'factor': 'Non-round allocation (interest component)', 'contribution_points': 5.3, 'support': '₹11.00 paise part implies interest-bearing balance accrual'}]","['Review sanction ledger for carry-forward/unspent balances explaining the excess', 'Reconcile interest accrual on unspent balance with agency bank statements']","{'benchmark_ratio': 0.0142, 'log_amount': 0.0234, 'excess_over_benchmark_cr': 0.0378, 'shortfall_ratio': -0.0051, 'paise_component': -0.0109, 'state_deviation_pct': -0.0001, 'state_percentile': 0.0024, 'amount_missing_ind': 0.0222, 'name_quality_score': -0.0022}"
26,0.4,LOW,False,1.0,0.0,0.0,0.0,0.0,False,[],0.0159,0,Maharashtra,Amol Ramsing Kolhe,SHIRUR,147000000.0,147000000.0,0.0,0.0,False,1.0,[],['No investigative action indicated by current signals'],{}
27,27.8,MEDIUM,False,50.0,12.0,0.0,31.9,0.0,False,['Non-round allocation (₹11.00 paise component) suggests interest-bearing balance accrual'],0.1357,1,Rajasthan,AMRARAM,SIKAR,165691544.11,147000000.0,12.715336129251709,11.0,False,0.75,"[{'factor': 'Allocation 13% above entitlement benchmark', 'contribution_points': 20.0, 'support': '₹16.57 cr vs benchmark ₹14.7 cr (1/3 methods agree)'}, {'factor': 'Non-round allocation (interest component)', 'contribution_points': 4.8, 'support': '₹11.00 paise part implies interest-bearing balance accrual'}]",['Reconcile interest accrual on unspent balance with agency bank statements'],"{'benchmark_ratio': -0.0066, 'log_amount': -0.0002, 'excess_over_benchmark_cr': 0.0044, 'shortfall_ratio': -0.0094, 'paise_component': -0.045, 'state_deviation_pct': -0.0063, 'state_percentile': 0.0163, 'amount_missing_ind': 0.0038, 'name_quality_score': -0.0102}"
28,4.9,LOW,False,0.1,12.0,9.5,0.0,0.2371,False,[],0.0014,0,Punjab,AMRINDER SINGH RAJA WARRING,LUDHIANA,147000000.0,147000000.0,0.0,0.0,False,0.75,[],['No investigative action indicated by current signals'],{}
29,6.0,LOW,False,0.0,12.0,14.8,0.0,0.3693,False,[],0.0004,0,Uttar Pradesh,ANAND BHADAURIYA,DHAURAHRA,147000000.0,147000000.0,0.0,0.0,False,0.75,[],['No investigative action indicated by current signals'],{}
30,6.0,LOW,False,0.0,12.0,14.8,0.0,0.3693,False,[],0.0004,0,Uttar Pradesh,ANAND KUMAR,BAHRAICH(SC),147000000.0,147000000.0,0.0,0.0,False,0.75,[],['No investigative action indicated by current signals'],{}
31,3.3,LOW,False,0.8,12.0,0.0,0.0,0.0,False,[],0.0128,0,Odisha,ANANTA NAYAK,KEONJHAR(ST),147000000.0,147000000.0,0.0,0.0,False,0.75,[],['No investigative action indicated by current signals'],{}
32,0.8,LOW,False,2.0,0.0,0.0,0.0,0.0,False,[],0.0332,0,Tamil Nadu,Andimuthu Raja,NILGIRIS(SC),147000000.0,147000000.0,0.0,0.0,False,1.0,[],['No investigative action indicated by current signals'],{}
33,17.0,LOW,False,35.0,12.0,0.0,0.0,0.0,False,"['Allocation is 33% below the full-entitlement benchmark (possible pro-rated term — verify membership dates)', '3/3 anomaly methods agree (ensemble score 0.50)']",0.4954,3,Meghalaya,ANDREW J. SYNGKON,SHILLONG,98000000.0,147000000.0,-33.333333333333336,0.0,False,0.75,"[{'factor': 'Allocation 33% below entitlement benchmark', 'contribution_points': 14.0, 'support': '₹9.80 cr vs benchmark ₹14.7 cr (3/3 methods agree)'}]",['Verify membership start date (by-election / replaced member) to confirm pro-rating'],{}
34,3.7,LOW,False,1.7,12.0,0.0,0.0,0.0,False,[],0.0284,0,Manipur,ANGOMCHA BIMOL AKOIJAM,INNER MANIPUR,147000000.0,147000000.0,0.0,0.0,False,0.75,[],['No investigative action indicated by current signals'],{}
35,3.4,LOW,False,0.9,12.0,0.0,0.0,0.0,False,[],0.0148,0,Uttarakhand,ANIL BALUNI,GARHWAL,147000000.0,147000000.0,0.0,0.0,False,0.75,[],['No investigative action indicated by current signals'],{}
36,3.0,LOW,False,0.1,12.0,0.0,0.0,0.0,False,[],0.0014,0,Maharashtra,ANIL YESHWANT DESAI,MUMBAI SOUTH CENTRAL,147000000.0,147000000.0,0.0,0.0,False,0.75,[],['No investigative action indicated by current signals'],{}
37,3.1,LOW,False,0.3,12.0,0.0,0.0,0.0,False,[],0.0046,0,Madhya Pradesh,ANITA NAGARSINGH CHOUHAN,RATLAM(ST),147000000.0,147000000.0,0.0,0.0,False,0.75,[],['No investigative action indicated by current signals'],{}
38,3.3,LOW,False,0.8,12.0,0.0,0.0,0.0,False,[],0.0128,0,Odisha,ANITA SUBHADARSHINI,ASKA,147000000.0,147000000.0,0.0,0.0,False,0.75,[],['No investigative action indicated by current signals'],{}
39,24.8,LOW,False,50.0,0.0,0.0,32.0,0.0,False,['Non-round allocation (₹80.00 paise component) suggests interest-bearing balance accrual'],0.2137,1,Jharkhand,Annpurna Devi,KODARMA,166665931.8,147000000.0,13.378184897959189,80.0,False,1.0,"[{'factor': 'Allocation 13% above entitlement benchmark', 'contribution_points': 20.0, 'support': '₹16.67 cr vs benchmark ₹14.7 cr (1/3 methods agree)'}, {'factor': 'Non-round allocation (interest component)', 'contribution_points': 4.8, 'support': '₹80.00 paise part implies interest-bearing balance accrual'}]",['Reconcile interest accrual on unspent balance with agency bank statements'],"{'benchmark_ratio': -0.0678, 'log_amount': -0.068, 'excess_over_benchmark_cr': -0.0372, 'shortfall_ratio': -0.0279, 'paise_component': 0.1381, 'state_deviation_pct': -0.0811, 'state_percentile': -0.064, 'amount_missing_ind': -0.0417, 'name_quality_score': -0.0103}"
40,3.0,LOW,False,0.0,12.0,0.0,0.0,0.0,False,[],0.0004,0,Uttar Pradesh,ANOOP PRADHAN BALMIKI,HATHRAS (SC),147000000.0,147000000.0,0.0,0.0,False,0.75,[],['No investigative action indicated by current signals'],{}
41,0.4,LOW,False,1.0,0.0,0.0,0.0,0.0,False,[],0.0165,0,Kerala,Anto Antony,PATHANAMTHITTA,147000000.0,147000000.0,0.0,0.0,False,1.0,[],['No investigative action indicated by current signals'],{}
42,3.0,LOW,False,0.1,12.0,0.0,0.0,0.0,False,[],0.0014,0,Maharashtra,ANUP SANJAY DHOTRE,AKOLA,147000000.0,147000000.0,0.0,0.0,False,0.75,[],['No investigative action indicated by current signals'],{}
43,3.4,LOW,False,0.9,0.0,15.1,0.0,0.3775,False,[],0.0151,0,Uttar Pradesh,Anurag Sharma,JHANSI,147000000.0,147000000.0,0.0,0.0,False,1.0,[],['No investigative action indicated by current signals'],{}
44,9.7,LOW,False,8.1,0.0,9.6,30.3,0.2391,False,"['Non-round allocation (₹11.00 paise component) suggests interest-bearing balance accrual', '2/3 anomaly methods agree (ensemble score 0.14)']",0.135,2,Himachal Pradesh,Anurag Singh Thakur,HAMIRPUR_HP,149570117.11,147000000.0,1.748378986394572,11.0,False,1.0,"[{'factor': 'Non-round allocation (interest component)', 'contribution_points': 4.5, 'support': '₹11.00 paise part implies interest-bearing balance accrual'}]",['Reconcile interest accrual on unspent balance with agency bank statements'],{}
45,2.8,LOW,False,7.1,0.0,0.0,0.0,0.0,False,[],0.1182,1,Andhra Pradesh,Appalanaidu Kalisetti,VIZIANAGARAM,147000000.0,147000000.0,0.0,0.0,False,1.0,[],['No investigative action indicated by current signals'],{}
46,39.6,MEDIUM,False,70.0,12.0,16.7,34.8,0.4163,False,"['Allocation is 33% above the ₹14.7 cr full-entitlement benchmark', 'Non-round allocation (₹11.00 paise component) suggests interest-bearing balance accrual']",0.2428,1,Bihar,ARUN BHARTI,JAMUI(SC),194924621.11,147000000.0,32.60178306802721,11.0,False,0.75,"[{'factor': 'Allocation 33% above entitlement benchmark', 'contribution_points': 28.0, 'support': '₹19.49 cr vs benchmark ₹14.7 cr (1/3 methods agree)'}, {'factor': 'Non-round allocation (interest component)', 'contribution_points': 5.2, 'support': '₹11.00 paise part implies interest-bearing balance accrual'}]","['Review sanction ledger for carry-forward/unspent balances explaining the excess', 'Reconcile interest accrual on unspent balance with agency bank statements']","{'benchmark_ratio': -0.0017, 'log_amount': 0.0092, 'excess_over_benchmark_cr': 0.0288, 'shortfall_ratio': -0.0188, 'paise_component': -0.0191, 'state_deviation_pct': 0.0077, 'state_percentile': -0.0005, 'amount_missing_ind': 0.0091, 'name_quality_score': 0.0001}"
47,4.7,LOW,False,0.0,12.0,8.5,0.0,0.2129,False,[],0.0004,0,Uttar Pradesh,ARUN GOVIL,MEERUT,147000000.0,147000000.0,0.0,0.0,False,0.75,[],['No investigative action indicated by current signals'],{}
48,3.6,LOW,False,1.4,12.0,0.0,0.0,0.0,False,[],0.0238,0,Tamil Nadu,ARUN NEHRU,PERAMBALUR,147000000.0,147000000.0,0.0,0.0,False,0.75,[],['No investigative action indicated by current signals'],{}
49,3.2,LOW,False,0.5,12.0,0.0,0.0,0.0,False,[],0.0077,0,Telangana,ARUNA. D. K,MAHABUBNAGAR,147000000.0,147000000.0,0.0,0.0,False,0.75,[],['No investigative action indicated by current signals'],{}
50,3.0,LOW,False,0.0,12.0,0.0,0.0,0.0,False,[],0.0,0,West Bengal,ARUP CHAKRABORTY,BANKURA,147000000.0,147000000.0,0.0,0.0,False,0.75,[],['No investigative action indicated by current signals'],{}
51,42.5,MEDIUM,False,90.0,0.0,0.0,43.4,0.0,False,"['Allocation is 91% above the ₹14.7 cr full-entitlement benchmark', 'Non-round allocation (₹11.00 paise component) suggests interest-bearing balance accrual', '2/3 anomaly methods agree (ensemble score 0.55)']",0.5466,2,Telangana,Arvind Dharmapuri,NIZAMABAD,281396355.11,147000000.0,91.42609191156464,11.0,False,1.0,"[{'factor': 'Allocation 91% above entitlement benchmark', 'contribution_points': 36.0, 'support': '₹28.14 cr vs benchmark ₹14.7 cr (2/3 methods agree)'}, {'factor': 'Non-round allocation (interest component)', 'contribution_points': 6.5, 'support': '₹11.00 paise part implies interest-bearing balance accrual'}]","['Review sanction ledger for carry-forward/unspent balances explaining the excess', 'Reconcile interest accrual on unspent balance with agency bank statements']","{'benchmark_ratio': -0.0021, 'log_amount': 0.006, 'excess_over_benchmark_cr': 0.047, 'shortfall_ratio': -0.0071, 'paise_component': -0.0308, 'state_deviation_pct': -0.0089, 'state_percentile': 0.0178, 'amount_missing_ind': 0.0027, 'name_quality_score': 0.0144}"
52,0.4,LOW,False,1.0,0.0,0.0,0.0,0.0,False,[],0.0159,0,Maharashtra,Arvind Ganpat Sawant,MUMBAI SOUTH,147000000.0,147000000.0,0.0,0.0,False,1.0,[],['No investigative action indicated by current signals'],{}
53,0.5,LOW,False,1.3,0.0,0.0,0.0,0.0,False,[],0.021,0,Telangana,Asaduddin Owaisi,HYDERABAD,147000000.0,147000000.0,0.0,0.0,False,1.0,[],['No investigative action indicated by current signals'],{}
54,5.0,LOW,False,0.3,12.0,9.2,0.0,0.2288,False,[],0.0046,0,Madhya Pradesh,ASHISH DUBEY,JABALPUR,147000000.0,147000000.0,0.0,0.0,False,0.75,[],['No investigative action indicated by current signals'],{}
55,3.1,LOW,False,0.9,0.0,13.8,0.0,0.3448,False,[],0.0151,0,Uttar Pradesh,Ashok Kumar Rawat,MISRIKH(SC),147000000.0,147000000.0,0.0,0.0,False,1.0,[],['No investigative action indicated by current signals'],{}
56,3.1,LOW,False,0.8,0.0,13.8,0.0,0.3448,False,[],0.0135,0,Bihar,Ashok Kumar Yadav,MADHUBANI,147000000.0,147000000.0,0.0,0.0,False,1.0,[],['No investigative action indicated by current signals'],{}
57,42.4,MEDIUM,False,90.0,0.0,0.0,42.9,0.0,False,"['Allocation is 88% above the ₹14.7 cr full-entitlement benchmark', 'Non-round allocation (₹74.00 paise component) suggests interest-bearing balance accrual', '2/3 anomaly methods agree (ensemble score 0.54)']",0.5407,2,West Bengal,Asit Kumar Mal,BOLPUR(SC),275694456.74,147000000.0,87.5472494829932,74.0,False,1.0,"[{'factor': 'Allocation 88% above entitlement benchmark', 'contribution_points': 36.0, 'support': '₹27.57 cr vs benchmark ₹14.7 cr (2/3 methods agree)'}, {'factor': 'Non-round allocation (interest component)', 'contribution_points': 6.4, 'support': '₹74.00 paise part implies interest-bearing balance accrual'}]","['Review sanction ledger for carry-forward/unspent balances explaining the excess', 'Reconcile interest accrual on unspent balance with agency bank statements']","{'benchmark_ratio': -0.0162, 'log_amount': -0.0101, 'excess_over_benchmark_cr': 0.0359, 'shortfall_ratio': -0.0081, 'paise_component': 0.0241, 'state_deviation_pct': -0.0154, 'state_percentile': -0.0093, 'amount_missing_ind': -0.0147, 'name_quality_score': 0.0086}"
58,15.0,LOW,False,30.0,12.0,0.0,0.0,0.0,False,[],0.1083,1,Uttar Pradesh,ATUL GARG,GHAZIABAD,155336470.0,147000000.0,5.67106802721089,0.0,False,0.75,"[{'factor': 'Allocation 6% above entitlement benchmark', 'contribution_points': 12.0, 'support': '₹15.53 cr vs benchmark ₹14.7 cr (1/3 methods agree)'}]",['No investigative action indicated by current signals'],{}
59,3.3,LOW,False,0.8,12.0,0.0,0.0,0.0,False,[],0.0128,0,Odisha,AVIMANYU SETHI,BHADRAK(SC),147000000.0,147000000.0,0.0,0.0,False,0.75,[],['No investigative action indicated by current signals'],{}
60,3.0,LOW,False,0.0,12.0,0.0,0.0,0.0,False,[],0.0004,0,Uttar Pradesh,AWADHESH PRASAD,FAIZABAD,147000000.0,147000000.0,0.0,0.0,False,0.75,[],['No investigative action indicated by current signals'],{}
61,28.0,MEDIUM,False,50.0,12.0,0.0,33.3,0.0,False,"['Non-round allocation (₹98.00 paise component) suggests interest-bearing balance accrual', '2/3 anomaly methods agree (ensemble score 0.26)']",0.2588,2,West Bengal,AZAD KIRTI JHA,BARDHAMAN-DURGAPUR,179658399.98,147000000.0,22.216598625850324,98.0,False,0.75,"[{'factor': 'Allocation 22% above entitlement benchmark', 'contribution_points': 20.0, 'support': '₹17.97 cr vs benchmark ₹14.7 cr (2/3 methods agree)'}, {'factor': 'Non-round allocation (interest component)', 'contribution_points': 5.0, 'support': '₹98.00 paise part implies interest-bearing balance accrual'}]",['Reconcile interest accrual on unspent balance with agency bank statements'],"{'benchmark_ratio': -0.0596, 'log_amount': -0.0479, 'excess_over_benchmark_cr': -0.0306, 'shortfall_ratio': -0.0382, 'paise_component': 0.1628, 'state_deviation_pct': -0.0719, 'state_percentile': -0.0565, 'amount_missing_ind': -0.0288, 'name_quality_score': -0.0341}"
62,19.7,LOW,False,30.0,12.0,0.0,31.3,0.0,False,['Non-round allocation (₹11.00 paise component) suggests interest-bearing balance accrual'],0.1321,1,Andhra Pradesh,B K PARTHASARATHI,HINDUPUR,160491894.11,147000000.0,9.178159258503404,11.0,False,0.75,"[{'factor': 'Allocation 9% above entitlement benchmark', 'contribution_points': 12.0, 'support': '₹16.05 cr vs benchmark ₹14.7 cr (1/3 methods agree)'}, {'factor': 'Non-round allocation (interest component)', 'contribution_points': 4.7, 'support': '₹11.00 paise part implies interest-bearing balance accrual'}]",['Reconcile interest accrual on unspent balance with agency bank statements'],{}
63,4.8,LOW,False,0.0,12.0,9.1,0.0,0.2287,False,[],0.0004,0,Uttar Pradesh,BABU SINGH KUSHWAHA,JAUNPUR,147000000.0,147000000.0,0.0,0.0,False,0.75,[],['No investigative action indicated by current signals'],{}
64,3.0,LOW,False,0.1,12.0,0.0,0.0,0.0,False,[],0.0014,0,Maharashtra,BACHHAV SHOBHA DINESH,DHULE,147000000.0,147000000.0,0.0,0.0,False,0.75,[],['No investigative action indicated by current signals'],{}
65,3.0,LOW,False,0.0,12.0,0.0,0.0,0.0,False,[],0.0,0,West Bengal,BAG MITALI,ARAMBAG(SC),147000000.0,147000000.0,0.0,0.0,False,0.75,[],['No investigative action indicated by current signals'],{}
66,3.3,LOW,False,0.8,12.0,0.0,0.0,0.0,False,[],0.0128,0,Odisha,BAIJAYANT PANDA,KENDRAPARA,147000000.0,147000000.0,0.0,0.0,False,0.75,[],['No investigative action indicated by current signals'],{}
67,29.5,MEDIUM,False,50.0,12.0,8.5,31.9,0.2136,False,['Non-round allocation (₹19.00 paise component) suggests interest-bearing balance accrual'],0.1578,1,Maharashtra,BAJRANG MANOHAR SONWANE,BEED,165899107.19,147000000.0,12.856535503401357,19.0,False,0.75,"[{'factor': 'Allocation 13% above entitlement benchmark', 'contribution_points': 20.0, 'support': '₹16.59 cr vs benchmark ₹14.7 cr (1/3 methods agree)'}, {'factor': 'Non-round allocation (interest component)', 'contribution_points': 4.8, 'support': '₹19.00 paise part implies interest-bearing balance accrual'}]",['Reconcile interest accrual on unspent balance with agency bank statements'],"{'benchmark_ratio': 0.0082, 'log_amount': 0.0127, 'excess_over_benchmark_cr': 0.0194, 'shortfall_ratio': 0.0129, 'paise_component': 0.014, 'state_deviation_pct': -0.0022, 'state_percentile': 0.0153, 'amount_missing_ind': 0.0146, 'name_quality_score': -0.0005}"
68,10.8,LOW,False,3.9,12.0,8.7,30.0,0.2167,False,['Non-round allocation (₹11.00 paise component) suggests interest-bearing balance accrual'],0.0653,1,Odisha,BALABHADRA MAJHI,NABARANGPUR(ST),147413962.11,147000000.0,0.28160687755103275,11.0,False,0.75,"[{'factor': 'Non-round allocation (interest component)', 'contribution_points': 4.5, 'support': '₹11.00 paise part implies interest-bearing balance accrual'}]",['Reconcile interest accrual on unspent balance with agency bank statements'],{}
69,2.8,LOW,False,7.1,0.0,0.0,0.0,0.0,False,[],0.1182,1,Andhra Pradesh,Balashowry Vallabbhaneni,MACHILIPATNAM,147000000.0,147000000.0,0.0,0.0,False,1.0,[],['No investigative action indicated by current signals'],{}
70,3.2,LOW,False,0.5,12.0,0.0,0.0,0.0,False,[],0.0077,0,Telangana,BALRAM NAIK PORIKA,MAHABUBABAD,147000000.0,147000000.0,0.0,0.0,False,0.75,[],['No investigative action indicated by current signals'],{}
71,31.0,MEDIUM,False,70.0,12.0,0.0,0.0,0.0,False,['Allocation is 35% above the ₹14.7 cr full-entitlement benchmark'],0.263,1,Maharashtra,BALWANT BASWANT WANKHADE,AMRAVATI(SC),198293678.0,147000000.0,34.89365850340136,0.0,False,0.75,"[{'factor': 'Allocation 35% above entitlement benchmark', 'contribution_points': 28.0, 'support': '₹19.83 cr vs benchmark ₹14.7 cr (1/3 methods agree)'}]",['Review sanction ledger for carry-forward/unspent balances explaining the excess'],"{'benchmark_ratio': -0.0005, 'log_amount': 0.0131, 'excess_over_benchmark_cr': 0.0297, 'shortfall_ratio': -0.0131, 'paise_component': 0.004, 'state_deviation_pct': 0.013, 'state_percentile': -0.007, 'amount_missing_ind': 0.0031, 'name_quality_score': -0.0092}"
72,3.0,LOW,False,0.1,12.0,0.0,0.0,0.0,False,[],0.0014,0,Maharashtra,BALYA MAMA SURESH GOPINATH MHATRE,BHIWANDI,147000000.0,147000000.0,0.0,0.0,False,0.75,[],['No investigative action indicated by current signals'],{}
73,12.0,LOW,False,30.0,0.0,0.0,0.0,0.0,False,[],0.1189,1,Delhi,Bansuri Swaraj,NEW DELHI,154306950.0,147000000.0,4.970714285714295,0.0,False,1.0,"[{'factor': 'Allocation 5% above entitlement benchmark', 'contribution_points': 12.0, 'support': '₹15.43 cr vs benchmark ₹14.7 cr (1/3 methods agree)'}]",['No investigative action indicated by current signals'],{}
74,3.0,LOW,False,0.0,12.0,0.0,0.0,0.0,False,[],0.0,0,West Bengal,BAPI HALDAR,MATHURAPUR(SC),147000000.0,147000000.0,0.0,0.0,False,0.75,[],['No investigative action indicated by current signals'],{}
75,3.0,LOW,False,0.0,12.0,0.0,0.0,0.0,False,[],0.0001,0,Karnataka,BASAVARAJ BOMMAI,HAVERI,147000000.0,147000000.0,0.0,0.0,False,0.75,[],['No investigative action indicated by current signals'],{}
76,19.7,LOW,False,30.0,12.0,0.0,31.3,0.0,False,['Non-round allocation (₹11.00 paise component) suggests interest-bearing balance accrual'],0.136,1,Andhra Pradesh,BASTIPATI NAGARAJU PANCHALINGALA,KURNOOL,159998515.11,147000000.0,8.842527285714286,11.0,False,0.75,"[{'factor': 'Allocation 9% above entitlement benchmark', 'contribution_points': 12.0, 'support': '₹16.00 cr vs benchmark ₹14.7 cr (1/3 methods agree)'}, {'factor': 'Non-round allocation (interest component)', 'contribution_points': 4.7, 'support': '₹11.00 paise part implies interest-bearing balance accrual'}]",['Reconcile interest accrual on unspent balance with agency bank statements'],{}
77,3.7,LOW,False,0.8,0.0,16.9,0.0,0.4225,False,[],0.0133,0,Rajasthan,Bhagirath Chaudhary,AJMER,147000000.0,147000000.0,0.0,0.0,False,1.0,[],['No investigative action indicated by current signals'],{}
78,3.0,LOW,False,0.0,12.0,0.0,0.0,0.0,False,[],0.0001,0,Rajasthan,BHAJAN LAL JATAV,KARAULI-DHOLPUR(SC),147000000.0,147000000.0,0.0,0.0,False,0.75,[],['No investigative action indicated by current signals'],{}
79,21.4,LOW,False,30.0,12.0,9.1,30.4,0.2287,False,['Non-round allocation (₹4.00 paise component) suggests interest-bearing balance accrual'],0.0914,1,Madhya Pradesh,BHARAT SINGH KUSHWAH,GWALIOR,151455276.04,147000000.0,3.030800027210878,4.0,False,0.75,"[{'factor': 'Allocation 3% above entitlement benchmark', 'contribution_points': 12.0, 'support': '₹15.15 cr vs benchmark ₹14.7 cr (1/3 methods agree)'}, {'factor': 'Non-round allocation (interest component)', 'contribution_points': 4.6, 'support': '₹4.00 paise part implies interest-bearing balance accrual'}]",['Reconcile interest accrual on unspent balance with agency bank statements'],{}
80,3.1,LOW,False,0.2,12.0,0.0,0.0,0.0,False,[],0.0034,0,Gujarat,BHARATBHAI MANUBHAI SUTARIYA,AMRELI,147000000.0,147000000.0,0.0,0.0,False,0.75,[],['No investigative action indicated by current signals'],{}
81,0.4,LOW,False,1.1,0.0,0.0,0.0,0.0,False,[],0.0179,0,Gujarat,Bharatsinhji Shankarji Dabhi,PATAN,147000000.0,147000000.0,0.0,0.0,False,1.0,[],['No investigative action indicated by current signals'],{}
82,21.6,LOW,False,30.0,12.0,10.1,30.7,0.2522,False,['Non-round allocation (₹1.00 paise component) suggests interest-bearing balance accrual'],0.109,1,Madhya Pradesh,BHARTI PARDHI,BALAGHAT,154398389.01,147000000.0,5.032917693877548,1.0,False,0.75,"[{'factor': 'Allocation 5% above entitlement benchmark', 'contribution_points': 12.0, 'support': '₹15.44 cr vs benchmark ₹14.7 cr (1/3 methods agree)'}, {'factor': 'Non-round allocation (interest component)', 'contribution_points': 4.6, 'support': '₹1.00 paise part implies interest-bearing balance accrual'}]",['Reconcile interest accrual on unspent balance with agency bank statements'],{}
83,6.0,LOW,False,0.1,12.0,15.0,0.0,0.3742,False,[],0.0014,0,Maharashtra,BHASKAR MURLIDHAR BHAGARE,DINDORI(ST),147000000.0,147000000.0,0.0,0.0,False,0.75,[],['No investigative action indicated by current signals'],{}
84,3.0,LOW,False,0.1,12.0,0.0,0.0,0.0,False,[],0.0014,0,Maharashtra,BHAUSAHEB RAJARAM WAKCHAURE,SHIRDI(SC),147000000.0,147000000.0,0.0,0.0,False,0.75,[],['No investigative action indicated by current signals'],{}
85,27.8,MEDIUM,False,50.0,12.0,0.0,31.8,0.0,False,['Non-round allocation (₹11.00 paise component) suggests interest-bearing balance accrual'],0.1373,1,Chhattisgarh,BHOJRAJ NAG,KANKER(ST),164672734.11,147000000.0,12.022268102040833,11.0,False,0.75,"[{'factor': 'Allocation 12% above entitlement benchmark', 'contribution_points': 20.0, 'support': '₹16.47 cr vs benchmark ₹14.7 cr (1/3 methods agree)'}, {'factor': 'Non-round allocation (interest component)', 'contribution_points': 4.8, 'support': '₹11.00 paise part implies interest-bearing balance accrual'}]",['Reconcile interest accrual on unspent balance with agency bank statements'],"{'benchmark_ratio': -0.0169, 'log_amount': -0.0119, 'excess_over_benchmark_cr': 0.0026, 'shortfall_ratio': -0.0179, 'paise_component': -0.0495, 'state_deviation_pct': -0.0156, 'state_percentile': 0.0364, 'amount_missing_ind': -0.0112, 'name_quality_score': -0.0234}"
86,0.4,LOW,False,0.9,0.0,0.0,0.0,0.0,False,[],0.0151,0,Uttar Pradesh,Bhola Singh,BULANDSHAHR(SC),147000000.0,147000000.0,0.0,0.0,False,1.0,[],['No investigative action indicated by current signals'],{}
87,3.0,LOW,False,0.1,12.0,0.0,0.0,0.0,False,[],0.0014,0,Maharashtra,BHUMARE SANDIPANRAO ASARAM,AURANGABAD_MH,147000000.0,147000000.0,0.0,0.0,False,0.75,[],['No investigative action indicated by current signals'],{}
88,2.8,LOW,False,7.1,0.0,0.0,0.0,0.0,False,[],0.1182,1,Andhra Pradesh,Bhupathiraju Srinivasa varma,NARASAPURAM,147000000.0,147000000.0,0.0,0.0,False,1.0,[],['No investigative action indicated by current signals'],{}
89,3.0,LOW,False,0.0,12.0,0.0,0.0,0.0,False,[],0.0001,0,Rajasthan,BHUPENDER YADAV,ALWAR,147000000.0,147000000.0,0.0,0.0,False,0.75,[],['No investigative action indicated by current signals'],{}
90,3.3,LOW,False,0.8,12.0,0.0,0.0,0.0,False,[],0.0128,0,Odisha,BIBHU PRASAD TARAI,JAGATSINGHPUR(SC),147000000.0,147000000.0,0.0,0.0,False,0.75,[],['No investigative action indicated by current signals'],{}
91,0.6,LOW,False,1.5,0.0,0.0,0.0,0.0,False,[],0.0247,0,Jharkhand,Bidyut Baran Mahato,JAMSHEDPUR,147000000.0,147000000.0,0.0,0.0,False,1.0,[],['No investigative action indicated by current signals'],{}
92,3.2,LOW,False,0.5,12.0,0.0,0.0,0.0,False,[],0.0083,0,Assam,BIJULI KALITA MEDHI,GUWAHATI,147000000.0,147000000.0,0.0,0.0,False,0.75,[],['No investigative action indicated by current signals'],{}
93,3.7,LOW,False,1.7,12.0,0.0,0.0,0.0,False,[],0.0284,0,Tripura,BIPLAB KUMAR DEB,TRIPURA WEST,147000000.0,147000000.0,0.0,0.0,False,0.75,[],['No investigative action indicated by current signals'],{}
94,4.5,LOW,False,3.7,12.0,0.0,0.0,0.0,False,[],0.0624,0,Andaman And Nicobar Islands,BISHNU PADA RAY,ANDAMAN AND NICOBAR ISLANDS,147000000.0,147000000.0,0.0,0.0,False,0.75,[],['No investigative action indicated by current signals'],{}
95,3.0,LOW,False,0.0,12.0,0.0,0.0,0.0,False,[],0.0001,0,Rajasthan,BRIJENDRA SINGH OLA,JHUNJHUNU,147000000.0,147000000.0,0.0,0.0,False,0.75,[],['No investigative action indicated by current signals'],{}
96,19.6,LOW,False,30.0,12.0,0.0,30.7,0.0,False,['Non-round allocation (₹11.00 paise component) suggests interest-bearing balance accrual'],0.1033,1,Chhattisgarh,BRIJMOHAN AGRAWAL,RAIPUR,153766451.11,147000000.0,4.603027965986395,11.0,False,0.75,"[{'factor': 'Allocation 5% above entitlement benchmark', 'contribution_points': 12.0, 'support': '₹15.38 cr vs benchmark ₹14.7 cr (1/3 methods agree)'}, {'factor': 'Non-round allocation (interest component)', 'contribution_points': 4.6, 'support': '₹11.00 paise part implies interest-bearing balance accrual'}]",['Reconcile interest accrual on unspent balance with agency bank statements'],{}
97,3.1,LOW,False,0.3,12.0,0.0,0.0,0.0,False,[],0.0046,0,Madhya Pradesh,BUNTY VIVEK SAHU,CHHINDWARA,147000000.0,147000000.0,0.0,0.0,False,0.75,[],['No investigative action indicated by current signals'],{}
98,18.4,LOW,False,30.0,0.0,8.6,31.2,0.214,False,['Non-round allocation (₹36.00 paise component) suggests interest-bearing balance accrual'],0.1643,1,Gujarat,C R Patil,NAVSARI,158532494.36,147000000.0,7.8452342585034085,36.0,False,1.0,"[{'factor': 'Allocation 8% above entitlement benchmark', 'contribution_points': 12.0, 'support': '₹15.85 cr vs benchmark ₹14.7 cr (1/3 methods agree)'}, {'factor': 'Non-round allocation (interest component)', 'contribution_points': 4.7, 'support': '₹36.00 paise part implies interest-bearing balance accrual'}]",['Reconcile interest accrual on unspent balance with agency bank statements'],{}
99,36.3,MEDIUM,False,70.0,12.0,0.0,35.6,0.0,False,"['Allocation is 38% above the ₹14.7 cr full-entitlement benchmark', 'Non-round allocation (₹11.00 paise component) suggests interest-bearing balance accrual']",0.2702,1,Andhra Pradesh,C.M.RAMESH,ANAKAPALLE,202531656.11,147000000.0,37.77663680952381,11.0,False,0.75,"[{'factor': 'Allocation 38% above entitlement benchmark', 'contribution_points': 28.0, 'support': '₹20.25 cr vs benchmark ₹14.7 cr (1/3 methods agree)'}, {'factor': 'Non-round allocation (interest component)', 'contribution_points': 5.3, 'support': '₹11.00 paise part implies interest-bearing balance accrual'}]","['Review sanction ledger for carry-forward/unspent balances explaining the excess', 'Reconcile interest accrual on unspent balance with agency bank statements']","{'benchmark_ratio': 0.0175, 'log_amount': 0.0272, 'excess_over_benchmark_cr': 0.0433, 'shortfall_ratio': -0.0155, 'paise_component': -0.013, 'state_deviation_pct': -0.0071, 'state_percentile': -0.0064, 'amount_missing_ind': 0.0143, 'name_quality_score': -0.0068}"
100,7.6,LOW,False,3.4,25.0,0.0,0.0,0.0,False,[],0.0571,0,Karnataka,CAPTAIN BRIJESH CHOWTA,DAKSHINA KANNADA,147000000.0,147000000.0,0.0,0.0,False,0.6,"[{'factor': 'Member name formatting defects', 'contribution_points': 6.2, 'support': 'name hygiene score 0.60 (title prefixes / casing / spacing hinder record matching)'}]",['No investigative action indicated by current signals'],{}
101,8.3,LOW,False,5.1,25.0,0.0,0.0,0.0,False,[],0.0844,0,Goa,CAPTAIN VIRIATO FERNANDES,SOUTH GOA,147000000.0,147000000.0,0.0,0.0,False,0.6,"[{'factor': 'Member name formatting defects', 'contribution_points': 6.2, 'support': 'name hygiene score 0.60 (title prefixes / casing / spacing hinder record matching)'}]",['No investigative action indicated by current signals'],{}
102,3.2,LOW,False,0.5,12.0,0.0,0.0,0.0,False,[],0.0077,0,Telangana,CHAMALA KIRAN KUMAR REDDY,BHONGIR,147000000.0,147000000.0,0.0,0.0,False,0.75,[],['No investigative action indicated by current signals'],{}
103,3.0,LOW,False,0.0,12.0,0.0,0.0,0.0,False,[],0.0004,0,Uttar Pradesh,CHANDAN CHAUHAN,BIJNOR,147000000.0,147000000.0,0.0,0.0,False,0.75,[],['No investigative action indicated by current signals'],{}
104,3.0,LOW,False,0.8,0.0,13.2,0.0,0.3303,False,[],0.0133,0,Rajasthan,Chandra Prakash Joshi,CHITTORGARH,147000000.0,147000000.0,0.0,0.0,False,1.0,[],['No investigative action indicated by current signals'],{}
105,4.7,LOW,False,0.0,12.0,8.4,0.0,0.211,False,[],0.0004,0,Uttar Pradesh,CHANDRA SHEKHAR,NAGINA(SC),147000000.0,147000000.0,0.0,0.0,False,0.75,[],['No investigative action indicated by current signals'],{}
106,3.1,LOW,False,0.2,12.0,0.0,0.0,0.0,False,[],0.0034,0,Gujarat,CHANDUBHAI CHHAGANBHAI SHIHORA,SURENDRANAGAR,147000000.0,147000000.0,0.0,0.0,False,0.75,[],['No investigative action indicated by current signals'],{}
107,3.0,LOW,False,0.1,12.0,0.0,0.0,0.0,False,[],0.0014,0,Punjab,CHARANJIT SINGH CHANNI,JALANDHAR(SC),147000000.0,147000000.0,0.0,0.0,False,0.75,[],['No investigative action indicated by current signals'],{}
108,59.8,CRITICAL,True,60.0,82.0,76.3,0.0,0.7633,True,['Allocation amount is blank in the source record'],0.0803,0,Maharashtra,CHAVAN VASANTRAO BALWANTRAO,NANDED,,147000000.0,0.0,0.0,True,0.75,"[{'factor': 'Allocation amount not recorded', 'contribution_points': 20.5, 'support': 'Source cell for allocated amount is blank'}, {'factor': 'Potential duplicate member record', 'contribution_points': 15.3, 'support': 'similar record similarity 0.76 — REQUIRES VERIFICATION'}]","['Obtain the missing allocation figure from MoSPI records and correct the register', 'Cross-check the matched record — confirm whether two roster entries exist in error']","{'benchmark_ratio': -0.0135, 'log_amount': -0.0095, 'excess_over_benchmark_cr': -0.0036, 'shortfall_ratio': 0.0066, 'paise_component': -0.0183, 'state_deviation_pct': -0.0313, 'state_percentile': 0.0159, 'amount_missing_ind': 0.2127, 'name_quality_score': -0.0024}"
109,3.0,LOW,False,0.0,12.0,0.0,0.0,0.0,False,[],0.0004,0,Uttar Pradesh,CHHATRA PAL SINGH GANGWAR,BAREILLY,147000000.0,147000000.0,0.0,0.0,False,0.75,[],['No investigative action indicated by current signals'],{}
110,3.0,LOW,False,0.1,12.0,0.0,0.0,0.0,False,[],0.0014,0,Maharashtra,CHHATRAPATI SHAHU SHAHAJI,KOLHAPUR,147000000.0,147000000.0,0.0,0.0,False,0.75,[],['No investigative action indicated by current signals'],{}
111,3.0,LOW,False,0.0,12.0,0.0,0.0,0.0,False,[],0.0004,0,Uttar Pradesh,CHHOTELAL,ROBERTSGANJ(SC),147000000.0,147000000.0,0.0,0.0,False,0.75,[],['No investigative action indicated by current signals'],{}
112,4.8,LOW,False,4.4,12.0,0.0,0.0,0.0,False,[],0.0737,1,Chhattisgarh,CHINTAMANI MAHARAJ,SARGUJA(ST),147000000.0,147000000.0,0.0,0.0,False,0.75,[],['No investigative action indicated by current signals'],{}
113,4.9,LOW,False,0.0,12.0,9.4,0.0,0.2357,False,[],0.0,0,Bihar,CHIRAG PASWAN,HAJIPUR(SC),147000000.0,147000000.0,0.0,0.0,False,0.75,[],['No investigative action indicated by current signals'],{}
114,6.9,LOW,False,6.0,0.0,0.0,30.2,0.0,False,['Non-round allocation (₹11.00 paise component) suggests interest-bearing balance accrual'],0.1007,1,Tamil Nadu,CN Annadurai,TIRUVANNAMALAI,148579509.11,147000000.0,1.0744959931972886,11.0,False,1.0,"[{'factor': 'Non-round allocation (interest component)', 'contribution_points': 4.5, 'support': '₹11.00 paise part implies interest-bearing balance accrual'}]",['Reconcile interest accrual on unspent balance with agency bank statements'],{}
115,16.7,LOW,False,30.0,0.0,0.0,31.3,0.0,False,['Non-round allocation (₹11.00 paise component) suggests interest-bearing balance accrual'],0.1377,1,Tamil Nadu,D M Kathir Anand,VELLORE,160196941.11,147000000.0,8.977510959183688,11.0,False,1.0,"[{'factor': 'Allocation 9% above entitlement benchmark', 'contribution_points': 12.0, 'support': '₹16.02 cr vs benchmark ₹14.7 cr (1/3 methods agree)'}, {'factor': 'Non-round allocation (interest component)', 'contribution_points': 4.7, 'support': '₹11.00 paise part implies interest-bearing balance accrual'}]",['Reconcile interest accrual on unspent balance with agency bank statements'],{}
116,33.3,MEDIUM,False,70.0,0.0,0.0,35.1,0.0,False,"['Allocation is 34% above the ₹14.7 cr full-entitlement benchmark', 'Non-round allocation (₹11.00 paise component) suggests interest-bearing balance accrual', '2/3 anomaly methods agree (ensemble score 0.28)']",0.2798,2,Tamil Nadu,D Ravikumar,VILUPPURAM(SC),197598306.11,147000000.0,34.42061640136056,11.0,False,1.0,"[{'factor': 'Allocation 34% above entitlement benchmark', 'contribution_points': 28.0, 'support': '₹19.76 cr vs benchmark ₹14.7 cr (2/3 methods agree)'}, {'factor': 'Non-round allocation (interest component)', 'contribution_points': 5.3, 'support': '₹11.00 paise part implies interest-bearing balance accrual'}]","['Review sanction ledger for carry-forward/unspent balances explaining the excess', 'Reconcile interest accrual on unspent balance with agency bank statements']","{'benchmark_ratio': -0.0214, 'log_amount': 0.0068, 'excess_over_benchmark_cr': 0.0414, 'shortfall_ratio': 0.0071, 'paise_component': -0.0364, 'state_deviation_pct': -0.0032, 'state_percentile': 0.0019, 'amount_missing_ind': 0.004, 'name_quality_score': 0.0774}"
117,2.8,LOW,False,7.1,0.0,0.0,0.0,0.0,False,[],0.1182,1,Andhra Pradesh,Daggubati Purandeshwari,RAJAHMUNDRY,147000000.0,147000000.0,0.0,0.0,False,1.0,[],['No investigative action indicated by current signals'],{}
118,5.9,LOW,False,7.3,12.0,0.0,0.0,0.0,False,[],0.1221,1,Andhra Pradesh,DAGGUMALLA PRASADA RAO,CHITTOOR,147000000.0,147000000.0,0.0,0.0,False,0.75,[],['No investigative action indicated by current signals'],{}
119,3.0,LOW,False,0.0,12.0,0.0,0.0,0.0,False,[],0.0001,0,Rajasthan,DAMODAR AGARWAL,BHILWARA,147000000.0,147000000.0,0.0,0.0,False,0.75,[],['No investigative action indicated by current signals'],{}
120,3.0,LOW,False,0.0,12.0,0.0,0.0,0.0,False,[],0.0004,0,Uttar Pradesh,DAROGA PRASAD SAROJ,LALGANJ (SC),147000000.0,147000000.0,0.0,0.0,False,0.75,[],['No investigative action indicated by current signals'],{}
121,4.9,LOW,False,0.3,12.0,9.1,0.0,0.2263,False,[],0.0046,0,Madhya Pradesh,DARSHAN SINGH CHOUDHARY,HOSHANGABAD,147000000.0,147000000.0,0.0,0.0,False,0.75,[],['No investigative action indicated by current signals'],{}
122,3.1,LOW,False,0.3,12.0,0.0,0.0,0.0,False,[],0.0057,0,Haryana,DEEPENDER SINGH HOODA,ROHTAK,147000000.0,147000000.0,0.0,0.0,False,0.75,[],['No investigative action indicated by current signals'],{}
123,0.4,LOW,False,0.9,0.0,0.0,0.0,0.0,False,[],0.0151,0,Uttar Pradesh,Devendra Alias Bhole Singh,AKBARPUR,147000000.0,147000000.0,0.0,0.0,False,1.0,[],['No investigative action indicated by current signals'],{}
124,27.8,MEDIUM,False,50.0,12.0,0.0,31.7,0.0,False,['Non-round allocation (₹11.00 paise component) suggests interest-bearing balance accrual'],0.1309,1,Bihar,DEVESH CHANDRA THAKUR,SITAMARHI,163809205.11,147000000.0,11.43483340816327,11.0,False,0.75,"[{'factor': 'Allocation 11% above entitlement benchmark', 'contribution_points': 20.0, 'support': '₹16.38 cr vs benchmark ₹14.7 cr (1/3 methods agree)'}, {'factor': 'Non-round allocation (interest component)', 'contribution_points': 4.8, 'support': '₹11.00 paise part implies interest-bearing balance accrual'}]",['Reconcile interest accrual on unspent balance with agency bank statements'],"{'benchmark_ratio': -0.0147, 'log_amount': -0.0012, 'excess_over_benchmark_cr': 0.0094, 'shortfall_ratio': -0.0147, 'paise_component': -0.0344, 'state_deviation_pct': 0.0018, 'state_percentile': 0.0282, 'amount_missing_ind': 0.001, 'name_quality_score': -0.0091}"
125,3.0,LOW,False,0.0,12.0,0.0,0.0,0.0,False,[],0.0004,0,Uttar Pradesh,DEVESH SHAKYA,ETAH,147000000.0,147000000.0,0.0,0.0,False,0.75,[],['No investigative action indicated by current signals'],{}
126,0.4,LOW,False,1.1,0.0,0.0,0.0,0.0,False,[],0.0179,0,Gujarat,Devusinh Jesingbhai Chauhan,KHEDA,147000000.0,147000000.0,0.0,0.0,False,1.0,[],['No investigative action indicated by current signals'],{}
127,0.4,LOW,False,1.0,0.0,0.0,0.0,0.0,False,[],0.0159,0,Maharashtra,Dhairyasheel Sambhajirao Mane,HATKANANGLE,147000000.0,147000000.0,0.0,0.0,False,1.0,[],['No investigative action indicated by current signals'],{}
128,3.0,LOW,False,0.1,12.0,0.0,0.0,0.0,False,[],0.0014,0,Maharashtra,DHANORKAR PRATIBHA SURESH ALIAS BALUBHAU,CHANDRAPUR,147000000.0,147000000.0,0.0,0.0,False,0.75,[],['No investigative action indicated by current signals'],{}
129,5.7,LOW,False,0.8,12.0,12.1,0.0,0.3016,False,[],0.0128,0,Odisha,DHARMENDRA PRADHAN,SAMBALPUR,147000000.0,147000000.0,0.0,0.0,False,0.75,[],['No investigative action indicated by current signals'],{}
130,5.4,LOW,False,0.0,12.0,12.1,0.0,0.3016,False,[],0.0004,0,Uttar Pradesh,DHARMENDRA YADAV,AZAMGARH,147000000.0,147000000.0,0.0,0.0,False,0.75,[],['No investigative action indicated by current signals'],{}
131,3.1,LOW,False,0.2,12.0,0.0,0.0,0.0,False,[],0.0034,0,Gujarat,DHAVAL LAXMANBHAI PATEL,VALSAD(ST),147000000.0,147000000.0,0.0,0.0,False,0.75,[],['No investigative action indicated by current signals'],{}
132,16.5,LOW,False,30.0,0.0,0.0,30.3,0.0,False,['Non-round allocation (₹89.00 paise component) suggests interest-bearing balance accrual'],0.1879,1,Bihar,Dileshwar Kamait,SUPAUL,150450930.89,147000000.0,2.3475720340135897,89.0,False,1.0,"[{'factor': 'Allocation 2% above entitlement benchmark', 'contribution_points': 12.0, 'support': '₹15.05 cr vs benchmark ₹14.7 cr (1/3 methods agree)'}, {'factor': 'Non-round allocation (interest component)', 'contribution_points': 4.5, 'support': '₹89.00 paise part implies interest-bearing balance accrual'}]",['Reconcile interest accrual on unspent balance with agency bank statements'],{}
133,0.6,LOW,False,1.5,0.0,0.0,0.0,0.0,False,[],0.0253,0,Assam,Dilip Saikia,Darrang-Udalguri,147000000.0,147000000.0,0.0,0.0,False,1.0,[],['No investigative action indicated by current signals'],{}
134,16.5,LOW,False,30.0,0.0,0.0,30.3,0.0,False,['Non-round allocation (₹11.00 paise component) suggests interest-bearing balance accrual'],0.1034,1,Bihar,Dinesh Chandra Yadav,MADHEPURA,150070866.11,147000000.0,2.089024564625852,11.0,False,1.0,"[{'factor': 'Allocation 2% above entitlement benchmark', 'contribution_points': 12.0, 'support': '₹15.01 cr vs benchmark ₹14.7 cr (1/3 methods agree)'}, {'factor': 'Non-round allocation (interest component)', 'contribution_points': 4.5, 'support': '₹11.00 paise part implies interest-bearing balance accrual'}]",['Reconcile interest accrual on unspent balance with agency bank statements'],{}
135,19.7,LOW,False,30.0,12.0,0.0,31.3,0.0,False,['Non-round allocation (₹11.00 paise component) suggests interest-bearing balance accrual'],0.1265,1,Gujarat,DINESHBHAI MAKWANA,AHMEDABAD WEST(SC),160434965.11,147000000.0,9.139432047619067,11.0,False,0.75,"[{'factor': 'Allocation 9% above entitlement benchmark', 'contribution_points': 12.0, 'support': '₹16.04 cr vs benchmark ₹14.7 cr (1/3 methods agree)'}, {'factor': 'Non-round allocation (interest component)', 'contribution_points': 4.7, 'support': '₹11.00 paise part implies interest-bearing balance accrual'}]",['Reconcile interest accrual on unspent balance with agency bank statements'],{}
136,22.8,LOW,False,30.0,25.0,0.0,30.4,0.0,False,"['Non-round allocation (₹11.00 paise component) suggests interest-bearing balance accrual', '2/3 anomaly methods agree (ensemble score 0.19)']",0.1877,2,Andhra Pradesh,DR BYREDDY SHABARI,NANDYAL,150675889.11,147000000.0,2.50060483673471,11.0,False,0.6,"[{'factor': 'Allocation 3% above entitlement benchmark', 'contribution_points': 12.0, 'support': '₹15.07 cr vs benchmark ₹14.7 cr (2/3 methods agree)'}, {'factor': 'Member name formatting defects', 'contribution_points': 6.2, 'support': 'name hygiene score 0.60 (title prefixes / casing / spacing hinder record matching)'}, {'factor': 'Non-round allocation (interest component)', 'contribution_points': 4.6, 'support': '₹11.00 paise part implies interest-bearing balance accrual'}]",['Reconcile interest accrual on unspent balance with agency bank statements'],{}
137,7.6,LOW,False,3.4,25.0,0.0,0.0,0.0,False,[],0.0571,0,Karnataka,DR C N MANJUNATH,BANGALORE RURAL,147000000.0,147000000.0,0.0,0.0,False,0.6,"[{'factor': 'Member name formatting defects', 'contribution_points': 6.2, 'support': 'name hygiene score 0.60 (title prefixes / casing / spacing hinder record matching)'}]",['No investigative action indicated by current signals'],{}
138,21.4,LOW,False,30.0,12.0,8.4,31.3,0.211,False,['Non-round allocation (₹11.00 paise component) suggests interest-bearing balance accrual'],0.1522,1,Andhra Pradesh,Dr Chandra Sekhar Pemmasani,GUNTUR,159774113.11,147000000.0,8.689872863945581,11.0,False,0.85,"[{'factor': 'Allocation 9% above entitlement benchmark', 'contribution_points': 12.0, 'support': '₹15.98 cr vs benchmark ₹14.7 cr (1/3 methods agree)'}, {'factor': 'Non-round allocation (interest component)', 'contribution_points': 4.7, 'support': '₹11.00 paise part implies interest-bearing balance accrual'}]",['Reconcile interest accrual on unspent balance with agency bank statements'],{}
139,9.4,LOW,False,3.5,25.0,9.0,0.0,0.2256,False,[],0.0587,0,Punjab,DR DHARAMVIRA GANDHI,PATIALA,147000000.0,147000000.0,0.0,0.0,False,0.6,"[{'factor': 'Member name formatting defects', 'contribution_points': 6.2, 'support': 'name hygiene score 0.60 (title prefixes / casing / spacing hinder record matching)'}]",['No investigative action indicated by current signals'],{}
140,3.4,LOW,False,0.9,12.0,0.0,0.0,0.0,False,[],0.0143,0,West Bengal,Dr Jayanta Kumar Roy,JALPAIGURI(SC),147000000.0,147000000.0,0.0,0.0,False,0.85,[],['No investigative action indicated by current signals'],{}
141,7.8,LOW,False,3.8,25.0,0.0,0.0,0.0,False,[],0.0634,0,Maharashtra,DR KALGE SHIVAJI BANDAPPA,LATUR(SC),147000000.0,147000000.0,0.0,0.0,False,0.6,"[{'factor': 'Member name formatting defects', 'contribution_points': 6.2, 'support': 'name hygiene score 0.60 (title prefixes / casing / spacing hinder record matching)'}]",['No investigative action indicated by current signals'],{}
142,9.8,LOW,False,5.6,12.0,0.0,30.2,0.0,False,['Non-round allocation (₹11.00 paise component) suggests interest-bearing balance accrual'],0.0939,1,Bihar,Dr Mohammad Jawed,KISHANGANJ,148669229.11,147000000.0,1.1355300068027319,11.0,False,0.85,"[{'factor': 'Non-round allocation (interest component)', 'contribution_points': 4.5, 'support': '₹11.00 paise part implies interest-bearing balance accrual'}]",['Reconcile interest accrual on unspent balance with agency bank statements'],{}
143,10.9,LOW,False,3.7,25.0,15.8,0.0,0.3955,False,[],0.0624,0,Uttar Pradesh,DR RAJKUMAR SANGWAN,BAGHPAT,147000000.0,147000000.0,0.0,0.0,False,0.6,"[{'factor': 'Member name formatting defects', 'contribution_points': 6.2, 'support': 'name hygiene score 0.60 (title prefixes / casing / spacing hinder record matching)'}]",['No investigative action indicated by current signals'],{}
144,22.8,LOW,False,30.0,25.0,0.0,30.6,0.0,False,"['Non-round allocation (₹82.00 paise component) suggests interest-bearing balance accrual', '2/3 anomaly methods agree (ensemble score 0.23)']",0.2252,2,Tamil Nadu,DR RANI SRI KUMAR,TENKASI(SC),153060922.82,147000000.0,4.123076748299326,82.0,False,0.6,"[{'factor': 'Allocation 4% above entitlement benchmark', 'contribution_points': 12.0, 'support': '₹15.31 cr vs benchmark ₹14.7 cr (2/3 methods agree)'}, {'factor': 'Member name formatting defects', 'contribution_points': 6.2, 'support': 'name hygiene score 0.60 (title prefixes / casing / spacing hinder record matching)'}, {'factor': 'Non-round allocation (interest component)', 'contribution_points': 4.6, 'support': '₹82.00 paise part implies interest-bearing balance accrual'}]",['Reconcile interest accrual on unspent balance with agency bank statements'],{}
145,3.4,LOW,False,1.1,12.0,0.0,0.0,0.0,False,[],0.0186,0,Kerala,Dr Shashi Tharoor,THIRUVANANTHAPURAM,147000000.0,147000000.0,0.0,0.0,False,0.85,[],['No investigative action indicated by current signals'],{}
146,19.6,LOW,False,30.0,12.0,0.0,31.0,0.0,False,"['Non-round allocation (₹90.00 paise component) suggests interest-bearing balance accrual', '2/3 anomaly methods agree (ensemble score 0.20)']",0.2034,2,West Bengal,Dr Sukanta Majumdar,BALURGHAT,157085364.9,147000000.0,6.860792448979591,90.0,False,0.85,"[{'factor': 'Allocation 7% above entitlement benchmark', 'contribution_points': 12.0, 'support': '₹15.71 cr vs benchmark ₹14.7 cr (2/3 methods agree)'}, {'factor': 'Non-round allocation (interest component)', 'contribution_points': 4.6, 'support': '₹90.00 paise part implies interest-bearing balance accrual'}]",['Reconcile interest accrual on unspent balance with agency bank statements'],{}
147,7.8,LOW,False,3.8,25.0,0.0,0.0,0.0,False,[],0.0628,0,Gujarat,DR. HEMANG JOSHI,VADODARA,147000000.0,147000000.0,0.0,0.0,False,0.6,"[{'factor': 'Member name formatting defects', 'contribution_points': 6.2, 'support': 'name hygiene score 0.60 (title prefixes / casing / spacing hinder record matching)'}]",['No investigative action indicated by current signals'],{}
148,7.8,LOW,False,3.8,25.0,0.0,0.0,0.0,False,[],0.0634,0,Maharashtra,DR. HEMANT VISHNU SAVARA,PALGHAR(ST),147000000.0,147000000.0,0.0,0.0,False,0.6,"[{'factor': 'Member name formatting defects', 'contribution_points': 6.2, 'support': 'name hygiene score 0.60 (title prefixes / casing / spacing hinder record matching)'}]",['No investigative action indicated by current signals'],{}
149,7.8,LOW,False,3.8,25.0,0.0,0.0,0.0,False,[],0.0634,0,Maharashtra,DR. KIRSAN NAMDEO,GADCHIROLI-CHIMUR(ST),147000000.0,147000000.0,0.0,0.0,False,0.6,"[{'factor': 'Member name formatting defects', 'contribution_points': 6.2, 'support': 'name hygiene score 0.60 (title prefixes / casing / spacing hinder record matching)'}]",['No investigative action indicated by current signals'],{}
150,8.0,LOW,False,4.3,25.0,0.0,0.0,0.0,False,[],0.071,0,Madhya Pradesh,DR. LATA WANKHEDE,SAGAR,147000000.0,147000000.0,0.0,0.0,False,0.6,"[{'factor': 'Member name formatting defects', 'contribution_points': 6.2, 'support': 'name hygiene score 0.60 (title prefixes / casing / spacing hinder record matching)'}]",['No investigative action indicated by current signals'],{}
151,31.1,MEDIUM,False,50.0,25.0,0.0,32.3,0.0,False,['Non-round allocation (₹11.00 paise component) suggests interest-bearing balance accrual'],0.2064,1,Kerala,DR. M.P ABDUSSAMAD SAMADANI,PONNANI,170434031.11,147000000.0,15.941517761904777,11.0,False,0.6,"[{'factor': 'Allocation 16% above entitlement benchmark', 'contribution_points': 20.0, 'support': '₹17.04 cr vs benchmark ₹14.7 cr (1/3 methods agree)'}, {'factor': 'Member name formatting defects', 'contribution_points': 6.2, 'support': 'name hygiene score 0.60 (title prefixes / casing / spacing hinder record matching)'}, {'factor': 'Non-round allocation (interest component)', 'contribution_points': 4.8, 'support': '₹11.00 paise part implies interest-bearing balance accrual'}]",['Reconcile interest accrual on unspent balance with agency bank statements'],"{'benchmark_ratio': -0.0452, 'log_amount': -0.0368, 'excess_over_benchmark_cr': -0.0101, 'shortfall_ratio': -0.0322, 'paise_component': -0.0539, 'state_deviation_pct': -0.0396, 'state_percentile': -0.0184, 'amount_missing_ind': -0.0008, 'name_quality_score': 0.1604}"
152,7.8,LOW,False,3.8,25.0,0.0,0.0,0.0,False,[],0.0628,0,Gujarat,DR. MANSUKH MANDAVIYA,PORBANDAR,147000000.0,147000000.0,0.0,0.0,False,0.6,"[{'factor': 'Member name formatting defects', 'contribution_points': 6.2, 'support': 'name hygiene score 0.60 (title prefixes / casing / spacing hinder record matching)'}]",['No investigative action indicated by current signals'],{}
153,7.6,LOW,False,3.4,25.0,0.0,0.0,0.0,False,[],0.0571,0,Karnataka,DR. PRABHA MALLIKARJUN,DAVANAGERE,147000000.0,147000000.0,0.0,0.0,False,0.6,"[{'factor': 'Member name formatting defects', 'contribution_points': 6.2, 'support': 'name hygiene score 0.60 (title prefixes / casing / spacing hinder record matching)'}]",['No investigative action indicated by current signals'],{}
154,10.8,LOW,False,4.8,25.0,13.2,0.0,0.3309,False,[],0.0808,0,Odisha,DR. PRADEEP KUMAR PANIGRAHY,BERHAMPUR,147000000.0,147000000.0,0.0,0.0,False,0.6,"[{'factor': 'Member name formatting defects', 'contribution_points': 6.2, 'support': 'name hygiene score 0.60 (title prefixes / casing / spacing hinder record matching)'}]",['No investigative action indicated by current signals'],{}
155,22.9,LOW,False,30.0,25.0,0.0,31.3,0.0,False,['Non-round allocation (₹39.00 paise component) suggests interest-bearing balance accrual'],0.1982,1,Maharashtra,DR. PRASHANT YADAORAO PADOLE,BHANDARA-GONDIYA,159680283.39,147000000.0,8.626043122448968,39.0,False,0.6,"[{'factor': 'Allocation 9% above entitlement benchmark', 'contribution_points': 12.0, 'support': '₹15.97 cr vs benchmark ₹14.7 cr (1/3 methods agree)'}, {'factor': 'Member name formatting defects', 'contribution_points': 6.2, 'support': 'name hygiene score 0.60 (title prefixes / casing / spacing hinder record matching)'}, {'factor': 'Non-round allocation (interest component)', 'contribution_points': 4.7, 'support': '₹39.00 paise part implies interest-bearing balance accrual'}]",['Reconcile interest accrual on unspent balance with agency bank statements'],{}
156,9.6,LOW,False,3.5,25.0,9.7,0.0,0.243,False,[],0.0587,0,Punjab,DR. RAJ KUMAR CHABBEWAL,HOSHIARPUR(SC),147000000.0,147000000.0,0.0,0.0,False,0.6,"[{'factor': 'Member name formatting defects', 'contribution_points': 6.2, 'support': 'name hygiene score 0.60 (title prefixes / casing / spacing hinder record matching)'}]",['No investigative action indicated by current signals'],{}
157,51.7,HIGH,False,90.0,25.0,16.0,41.6,0.3992,False,"['Allocation is 79% above the ₹14.7 cr full-entitlement benchmark', 'Non-round allocation (₹35.00 paise component) suggests interest-bearing balance accrual', '2/3 anomaly methods agree (ensemble score 0.51)']",0.5137,2,Madhya Pradesh,DR. RAJESH MISHRA,SIDHI,262724510.35,147000000.0,78.72415670068027,35.0,False,0.6,"[{'factor': 'Allocation 79% above entitlement benchmark', 'contribution_points': 36.0, 'support': '₹26.27 cr vs benchmark ₹14.7 cr (2/3 methods agree)'}, {'factor': 'Non-round allocation (interest component)', 'contribution_points': 6.2, 'support': '₹35.00 paise part implies interest-bearing balance accrual'}, {'factor': 'Member name formatting defects', 'contribution_points': 6.2, 'support': 'name hygiene score 0.60 (title prefixes / casing / spacing hinder record matching)'}]","['Review sanction ledger for carry-forward/unspent balances explaining the excess', 'Reconcile interest accrual on unspent balance with agency bank statements']","{'benchmark_ratio': 0.0099, 'log_amount': 0.0181, 'excess_over_benchmark_cr': 0.0514, 'shortfall_ratio': -0.0012, 'paise_component': 0.0102, 'state_deviation_pct': -0.0148, 'state_percentile': -0.0003, 'amount_missing_ind': 0.0173, 'name_quality_score': 0.0711}"
158,9.5,LOW,False,3.7,25.0,9.0,0.0,0.2256,False,[],0.0624,0,Uttar Pradesh,DR. S P SINGH,PRATAPGARH,147000000.0,147000000.0,0.0,0.0,False,0.6,"[{'factor': 'Member name formatting defects', 'contribution_points': 6.2, 'support': 'name hygiene score 0.60 (title prefixes / casing / spacing hinder record matching)'}]",['No investigative action indicated by current signals'],{}
159,10.6,LOW,False,3.5,25.0,14.5,0.0,0.3626,False,[],0.0584,0,West Bengal,DR. SHARMILA SARKAR,BARDHAMAN PURBA(SC),147000000.0,147000000.0,0.0,0.0,False,0.6,"[{'factor': 'Member name formatting defects', 'contribution_points': 6.2, 'support': 'name hygiene score 0.60 (title prefixes / casing / spacing hinder record matching)'}]",['No investigative action indicated by current signals'],{}
160,3.0,LOW,False,0.0,12.0,0.0,0.0,0.0,False,[],0.0001,0,Karnataka,DR.K.SUDHAKAR,CHIKBALLAPUR,147000000.0,147000000.0,0.0,0.0,False,0.75,[],['No investigative action indicated by current signals'],{}
161,3.2,LOW,False,0.5,12.0,0.0,0.0,0.0,False,[],0.0077,0,Telangana,DR.MALLU RAVI,NAGARKURNOOL(SC),147000000.0,147000000.0,0.0,0.0,False,0.75,[],['No investigative action indicated by current signals'],{}
162,3.3,LOW,False,0.8,12.0,0.0,0.0,0.0,False,[],0.0129,0,Jharkhand,DULU MAHATO,DHANBAD,147000000.0,147000000.0,0.0,0.0,False,0.75,[],['No investigative action indicated by current signals'],{}
163,3.6,LOW,False,1.4,12.0,0.0,0.0,0.0,False,[],0.0238,0,Tamil Nadu,DURAI VAIKO,TIRUCHIRAPPALLI,147000000.0,147000000.0,0.0,0.0,False,0.75,[],['No investigative action indicated by current signals'],{}
164,16.6,LOW,False,30.0,0.0,0.0,30.5,0.0,False,"['Non-round allocation (₹91.00 paise component) suggests interest-bearing balance accrual', '2/3 anomaly methods agree (ensemble score 0.19)']",0.1911,2,Madhya Pradesh,Durga Das Uikey,BETUL(ST),151569502.91,147000000.0,3.1085053809523755,91.0,False,1.0,"[{'factor': 'Allocation 3% above entitlement benchmark', 'contribution_points': 12.0, 'support': '₹15.16 cr vs benchmark ₹14.7 cr (2/3 methods agree)'}, {'factor': 'Non-round allocation (interest component)', 'contribution_points': 4.6, 'support': '₹91.00 paise part implies interest-bearing balance accrual'}]",['Reconcile interest accrual on unspent balance with agency bank statements'],{}
165,0.3,LOW,False,0.8,0.0,0.0,0.0,0.0,False,[],0.0133,0,Rajasthan,Dushyant Singh,JHALAWAR-BARAN,147000000.0,147000000.0,0.0,0.0,False,1.0,[],['No investigative action indicated by current signals'],{}
166,3.0,LOW,False,0.0,12.0,0.0,0.0,0.0,False,[],0.0001,0,Karnataka,E. TUKARAM,BELLARY(ST),147000000.0,147000000.0,0.0,0.0,False,0.75,[],['No investigative action indicated by current signals'],{}
167,27.8,MEDIUM,False,50.0,12.0,0.0,31.7,0.0,False,['Non-round allocation (₹11.00 paise component) suggests interest-bearing balance accrual'],0.1331,1,Kerala,E.T. MOHAMMED BASHEER,MALAPPURAM,163895872.11,147000000.0,11.493790551020421,11.0,False,0.75,"[{'factor': 'Allocation 11% above entitlement benchmark', 'contribution_points': 20.0, 'support': '₹16.39 cr vs benchmark ₹14.7 cr (1/3 methods agree)'}, {'factor': 'Non-round allocation (interest component)', 'contribution_points': 4.8, 'support': '₹11.00 paise part implies interest-bearing balance accrual'}]",['Reconcile interest accrual on unspent balance with agency bank statements'],"{'benchmark_ratio': -0.0122, 'log_amount': -0.0001, 'excess_over_benchmark_cr': 0.0125, 'shortfall_ratio': -0.0033, 'paise_component': -0.0422, 'state_deviation_pct': 0.0001, 'state_percentile': 0.034, 'amount_missing_ind': 0.0016, 'name_quality_score': -0.0072}"
168,46.2,HIGH,False,90.0,12.0,0.0,48.0,0.0,False,"['Allocation is 123% above the ₹14.7 cr full-entitlement benchmark', 'Non-round allocation (₹86.00 paise component) suggests interest-bearing balance accrual', '2/3 anomaly methods agree (ensemble score 0.67)']",0.6673,2,Telangana,EATALA RAJENDER,MALKAJGIRI,327477390.86,147000000.0,122.77373527891156,86.0,False,0.75,"[{'factor': 'Allocation 123% above entitlement benchmark', 'contribution_points': 36.0, 'support': '₹32.75 cr vs benchmark ₹14.7 cr (2/3 methods agree)'}, {'factor': 'Non-round allocation (interest component)', 'contribution_points': 7.2, 'support': '₹86.00 paise part implies interest-bearing balance accrual'}]","['Review sanction ledger for carry-forward/unspent balances explaining the excess', 'Reconcile interest accrual on unspent balance with agency bank statements']","{'benchmark_ratio': 0.0, 'log_amount': 0.0, 'excess_over_benchmark_cr': 0.0571, 'shortfall_ratio': 0.0, 'paise_component': 0.0135, 'state_deviation_pct': 0.0, 'state_percentile': 0.0, 'amount_missing_ind': 0.0007, 'name_quality_score': 0.0005}"
169,27.7,MEDIUM,False,50.0,12.0,0.0,31.5,0.0,False,['Non-round allocation (₹11.00 paise component) suggests interest-bearing balance accrual'],0.1307,1,Tamil Nadu,ESWARASAMY K,POLLACHI,162315106.11,147000000.0,10.418439530612256,11.0,False,0.75,"[{'factor': 'Allocation 10% above entitlement benchmark', 'contribution_points': 20.0, 'support': '₹16.23 cr vs benchmark ₹14.7 cr (1/3 methods agree)'}, {'factor': 'Non-round allocation (interest component)', 'contribution_points': 4.7, 'support': '₹11.00 paise part implies interest-bearing balance accrual'}]",['Reconcile interest accrual on unspent balance with agency bank statements'],"{'benchmark_ratio': -0.0165, 'log_amount': -0.0073, 'excess_over_benchmark_cr': -0.0018, 'shortfall_ratio': -0.0235, 'paise_component': -0.0611, 'state_deviation_pct': -0.0178, 'state_percentile': 0.0354, 'amount_missing_ind': -0.0192, 'name_quality_score': -0.0176}"
170,16.6,LOW,False,30.0,0.0,0.0,30.5,0.0,False,['Non-round allocation (₹41.00 paise component) suggests interest-bearing balance accrual'],0.1478,1,Madhya Pradesh,Faggan Singh Kulaste,MANDLA(ST),151861648.41,147000000.0,3.3072438163265216,41.0,False,1.0,"[{'factor': 'Allocation 3% above entitlement benchmark', 'contribution_points': 12.0, 'support': '₹15.19 cr vs benchmark ₹14.7 cr (1/3 methods agree)'}, {'factor': 'Non-round allocation (interest component)', 'contribution_points': 4.6, 'support': '₹41.00 paise part implies interest-bearing balance accrual'}]",['Reconcile interest accrual on unspent balance with agency bank statements'],{}
171,3.0,LOW,False,0.0,12.0,0.0,0.0,0.0,False,[],0.0001,0,Karnataka,G. KUMAR NAIK,RAICHUR(ST),147000000.0,147000000.0,0.0,0.0,False,0.75,[],['No investigative action indicated by current signals'],{}
172,3.0,LOW,False,0.1,12.0,0.0,0.0,0.0,False,[],0.0014,0,Maharashtra,GAIKWAD VARSHA EKNATH,MUMBAI NORTH-CENTRAL,147000000.0,147000000.0,0.0,0.0,False,0.75,[],['No investigative action indicated by current signals'],{}
173,3.0,LOW,False,1.1,0.0,12.7,0.0,0.3178,False,[],0.0183,0,Madhya Pradesh,Gajendra Singh Patel,KHARGONE(ST),147000000.0,147000000.0,0.0,0.0,False,1.0,[],['No investigative action indicated by current signals'],{}
174,2.9,LOW,False,0.8,0.0,12.7,0.0,0.3178,False,[],0.0133,0,Rajasthan,Gajendra Singh Shekhawat,JODHPUR,147000000.0,147000000.0,0.0,0.0,False,1.0,[],['No investigative action indicated by current signals'],{}
175,9.1,LOW,False,4.0,12.0,0.0,30.0,0.0,False,['Non-round allocation (₹11.00 paise component) suggests interest-bearing balance accrual'],0.0669,1,Tamil Nadu,GANAPATHY RAJKUMAR P,COIMBATORE,147370490.11,147000000.0,0.2520340884353933,11.0,False,0.75,"[{'factor': 'Non-round allocation (interest component)', 'contribution_points': 4.5, 'support': '₹11.00 paise part implies interest-bearing balance accrual'}]",['Reconcile interest accrual on unspent balance with agency bank statements'],{}
176,33.1,MEDIUM,False,70.0,0.0,0.0,34.0,0.0,False,"['Allocation is 27% above the ₹14.7 cr full-entitlement benchmark', 'Non-round allocation (₹11.00 paise component) suggests interest-bearing balance accrual']",0.2318,1,Tamil Nadu,Ganesan Selvam,KANCHEEPURAM(SC),186508749.11,147000000.0,26.87670007482994,11.0,False,1.0,"[{'factor': 'Allocation 27% above entitlement benchmark', 'contribution_points': 28.0, 'support': '₹18.65 cr vs benchmark ₹14.7 cr (1/3 methods agree)'}, {'factor': 'Non-round allocation (interest component)', 'contribution_points': 5.1, 'support': '₹11.00 paise part implies interest-bearing balance accrual'}]","['Review sanction ledger for carry-forward/unspent balances explaining the excess', 'Reconcile interest accrual on unspent balance with agency bank statements']","{'benchmark_ratio': -0.0263, 'log_amount': -0.0043, 'excess_over_benchmark_cr': 0.01, 'shortfall_ratio': 0.005, 'paise_component': -0.026, 'state_deviation_pct': 0.0095, 'state_percentile': -0.0057, 'amount_missing_ind': 0.0017, 'name_quality_score': 0.0599}"
177,0.4,LOW,False,1.1,0.0,0.0,0.0,0.0,False,[],0.0183,0,Madhya Pradesh,Ganesh Singh,SATNA,147000000.0,147000000.0,0.0,0.0,False,1.0,[],['No investigative action indicated by current signals'],{}
178,3.2,LOW,False,0.5,12.0,0.0,0.0,0.0,False,[],0.0083,0,Assam,GAURAV GOGOI,JORHAT,147000000.0,147000000.0,0.0,0.0,False,0.75,[],['No investigative action indicated by current signals'],{}
179,3.1,LOW,False,0.2,12.0,0.0,0.0,0.0,False,[],0.0034,0,Gujarat,GENIBEN NAGAJI THAKOR,BANASKANTHA,147000000.0,147000000.0,0.0,0.0,False,0.75,[],['No investigative action indicated by current signals'],{}
180,0.3,LOW,False,0.8,0.0,0.0,0.0,0.0,False,[],0.0135,0,Bihar,Giridhari Yadav,BANKA,147000000.0,147000000.0,0.0,0.0,False,1.0,[],['No investigative action indicated by current signals'],{}
181,0.3,LOW,False,0.8,0.0,0.0,0.0,0.0,False,[],0.0135,0,Bihar,Giriraj Singh,BEGUSARAI,147000000.0,147000000.0,0.0,0.0,False,1.0,[],['No investigative action indicated by current signals'],{}
182,2.8,LOW,False,7.1,0.0,0.0,0.0,0.0,False,[],0.1182,1,Andhra Pradesh,GM Harish Balayogi,AMALAPURAM(SC),147000000.0,147000000.0,0.0,0.0,False,1.0,[],['No investigative action indicated by current signals'],{}
183,3.2,LOW,False,0.5,12.0,0.0,0.0,0.0,False,[],0.0077,0,Telangana,GODAM NAGESH,ADILABAD(ST),147000000.0,147000000.0,0.0,0.0,False,0.75,[],['No investigative action indicated by current signals'],{}
184,3.6,LOW,False,1.4,12.0,0.0,0.0,0.0,False,[],0.0238,0,Tamil Nadu,GOPINATH K,KRISHNAGIRI,147000000.0,147000000.0,0.0,0.0,False,0.75,[],['No investigative action indicated by current signals'],{}
185,3.0,LOW,False,0.0,12.0,0.0,0.0,0.0,False,[],0.0001,0,Karnataka,GOVIND MAKTHAPPA KARJOL,CHITRADURGA(SC),147000000.0,147000000.0,0.0,0.0,False,0.75,[],['No investigative action indicated by current signals'],{}
186,8.8,LOW,False,10.6,0.0,0.0,30.2,0.0,False,"['Non-round allocation (₹11.00 paise component) suggests interest-bearing balance accrual', '2/3 anomaly methods agree (ensemble score 0.18)']",0.1764,2,Andhra Pradesh,Gumma Thanuja Rani,ARAKU(ST),149458905.11,147000000.0,1.6727245646258604,11.0,False,1.0,"[{'factor': 'Non-round allocation (interest component)', 'contribution_points': 4.5, 'support': '₹11.00 paise part implies interest-bearing balance accrual'}]",['Reconcile interest accrual on unspent balance with agency bank statements'],{}
187,3.0,LOW,False,0.1,12.0,0.0,0.0,0.0,False,[],0.0014,0,Punjab,GURMEET SINGH MEET HAYER,SANGRUR,147000000.0,147000000.0,0.0,0.0,False,0.75,[],['No investigative action indicated by current signals'],{}
188,18.4,LOW,False,30.0,0.0,8.6,30.9,0.214,False,['Non-round allocation (₹77.00 paise component) suggests interest-bearing balance accrual'],0.1852,1,Madhya Pradesh,Gyaneshwar Patil,KHANDWA,155690684.77,147000000.0,5.9120304557823244,77.0,False,1.0,"[{'factor': 'Allocation 6% above entitlement benchmark', 'contribution_points': 12.0, 'support': '₹15.57 cr vs benchmark ₹14.7 cr (1/3 methods agree)'}, {'factor': 'Non-round allocation (interest component)', 'contribution_points': 4.6, 'support': '₹77.00 paise part implies interest-bearing balance accrual'}]",['Reconcile interest accrual on unspent balance with agency bank statements'],{}
189,3.0,LOW,False,0.0,12.0,0.0,0.0,0.0,False,[],0.0001,0,Karnataka,H.D. KUMARASWAMY,MANDYA,147000000.0,147000000.0,0.0,0.0,False,0.75,[],['No investigative action indicated by current signals'],{}
190,3.0,LOW,False,0.0,12.0,0.0,0.0,0.0,False,[],0.0004,0,Uttar Pradesh,HARENDRA SINGH MALIK,MUZAFFARNAGAR,147000000.0,147000000.0,0.0,0.0,False,0.75,[],['No investigative action indicated by current signals'],{}
191,3.1,LOW,False,0.2,12.0,0.0,0.0,0.0,False,[],0.0034,0,Gujarat,HARIBHAI PATEL,MAHESANA,147000000.0,147000000.0,0.0,0.0,False,0.75,[],['No investigative action indicated by current signals'],{}
192,3.0,LOW,False,0.0,12.0,0.0,0.0,0.0,False,[],0.0001,0,Rajasthan,HARISH CHANDRA MEENA,TONK-SAWAI MADHOPUR,147000000.0,147000000.0,0.0,0.0,False,0.75,[],['No investigative action indicated by current signals'],{}
193,1.6,LOW,False,3.9,0.0,0.0,0.0,0.0,False,[],0.0649,1,Delhi,Harsh Malhotra,EAST DELHI,147134131.0,147000000.0,0.09124557823130264,0.0,False,1.0,[],['No investigative action indicated by current signals'],{}
194,0.4,LOW,False,1.1,0.0,0.0,0.0,0.0,False,[],0.0179,0,Gujarat,Hasmukh Bhai Soma Bhai Patel,AHMEDABAD EAST,147000000.0,147000000.0,0.0,0.0,False,1.0,[],['No investigative action indicated by current signals'],{}
195,3.0,LOW,False,0.0,12.0,0.0,0.0,0.0,False,[],0.0004,0,Uttar Pradesh,IMRAN MASOOD,SAHARANPUR,147000000.0,147000000.0,0.0,0.0,False,0.75,[],['No investigative action indicated by current signals'],{}
196,16.6,LOW,False,30.0,0.0,0.0,30.5,0.0,False,['Non-round allocation (₹11.00 paise component) suggests interest-bearing balance accrual'],0.1321,1,Sikkim,Indra Hang Subba,SIKKIM,152003923.11,147000000.0,3.404029326530611,11.0,False,1.0,"[{'factor': 'Allocation 3% above entitlement benchmark', 'contribution_points': 12.0, 'support': '₹15.20 cr vs benchmark ₹14.7 cr (1/3 methods agree)'}, {'factor': 'Non-round allocation (interest component)', 'contribution_points': 4.6, 'support': '₹11.00 paise part implies interest-bearing balance accrual'}]",['Reconcile interest accrual on unspent balance with agency bank statements'],{}
197,4.9,LOW,False,0.0,12.0,9.4,0.0,0.236,False,[],0.0004,0,Uttar Pradesh,IQRA CHOUDHARY,KAIRANA,147000000.0,147000000.0,0.0,0.0,False,0.75,[],['No investigative action indicated by current signals'],{}
198,4.7,LOW,False,0.0,12.0,8.7,0.0,0.2182,False,[],0.0,0,West Bengal,ISHA KHAN CHOUDHURY,MALDAHA DAKSHIN,147000000.0,147000000.0,0.0,0.0,False,0.75,[],['No investigative action indicated by current signals'],{}
199,27.8,MEDIUM,False,50.0,12.0,0.0,32.2,0.0,False,['Non-round allocation (₹11.00 paise component) suggests interest-bearing balance accrual'],0.1485,1,West Bengal,JAGADISH CHANDRA BARMA BASUNIA,COOCHBEHAR(SC),168604641.11,147000000.0,14.697034768707496,11.0,False,0.75,"[{'factor': 'Allocation 15% above entitlement benchmark', 'contribution_points': 20.0, 'support': '₹16.86 cr vs benchmark ₹14.7 cr (1/3 methods agree)'}, {'factor': 'Non-round allocation (interest component)', 'contribution_points': 4.8, 'support': '₹11.00 paise part implies interest-bearing balance accrual'}]",['Reconcile interest accrual on unspent balance with agency bank statements'],"{'benchmark_ratio': -0.0067, 'log_amount': -0.0065, 'excess_over_benchmark_cr': 0.0114, 'shortfall_ratio': -0.004, 'paise_component': -0.038, 'state_deviation_pct': 0.0001, 'state_percentile': 0.0066, 'amount_missing_ind': -0.0015, 'name_quality_score': 0.0143}"
200,3.0,LOW,False,0.0,12.0,0.0,0.0,0.0,False,[],0.0001,0,Karnataka,JAGADISH SHETTAR,BELGAUM,147000000.0,147000000.0,0.0,0.0,False,0.75,[],['No investigative action indicated by current signals'],{}
201,3.2,LOW,False,0.8,0.0,14.5,0.0,0.3626,False,[],0.0132,0,West Bengal,Jagannath Sarkar,RANAGHAT(SC),147000000.0,147000000.0,0.0,0.0,False,1.0,[],['No investigative action indicated by current signals'],{}
202,16.7,LOW,False,30.0,0.0,0.0,31.4,0.0,False,['Non-round allocation (₹11.00 paise component) suggests interest-bearing balance accrual'],0.1301,1,Uttar Pradesh,Jagdambika Pal,DOMARIYAGANJ,160643957.11,147000000.0,9.281603476190492,11.0,False,1.0,"[{'factor': 'Allocation 9% above entitlement benchmark', 'contribution_points': 12.0, 'support': '₹16.06 cr vs benchmark ₹14.7 cr (1/3 methods agree)'}, {'factor': 'Non-round allocation (interest component)', 'contribution_points': 4.7, 'support': '₹11.00 paise part implies interest-bearing balance accrual'}]",['Reconcile interest accrual on unspent balance with agency bank statements'],{}
203,5.0,LOW,False,0.3,12.0,9.5,0.0,0.2381,False,[],0.0057,0,Haryana,JAI PARKASH,HISAR,147000000.0,147000000.0,0.0,0.0,False,0.75,[],['No investigative action indicated by current signals'],{}
204,2.8,LOW,False,0.9,0.0,12.3,0.0,0.3074,False,[],0.0151,0,Uttar Pradesh,Jai Prakash,HARDOI (SC),147000000.0,147000000.0,0.0,0.0,False,1.0,[],['No investigative action indicated by current signals'],{}
205,3.6,LOW,False,1.1,0.0,16.0,0.0,0.3992,False,[],0.0183,0,Madhya Pradesh,Janardan Mishra,REWA,147000000.0,147000000.0,0.0,0.0,False,1.0,[],['No investigative action indicated by current signals'],{}
206,3.1,LOW,False,0.2,12.0,0.0,0.0,0.0,False,[],0.0034,0,Gujarat,JASHUBHAI BHILUBHAI RATHVA,CHHOTA UDAIPUR(ST),147000000.0,147000000.0,0.0,0.0,False,0.75,[],['No investigative action indicated by current signals'],{}
207,0.4,LOW,False,1.1,0.0,0.0,0.0,0.0,False,[],0.0179,0,Gujarat,Jaswantsinh Sumanbhai Bhabhor,DAHOD(ST),147000000.0,147000000.0,0.0,0.0,False,1.0,[],['No investigative action indicated by current signals'],{}
208,3.0,LOW,False,0.0,12.0,0.0,0.0,0.0,False,[],0.0,0,Bihar,JITAN RAM MANJHI,GAYA (SC),147000000.0,147000000.0,0.0,0.0,False,0.75,[],['No investigative action indicated by current signals'],{}
209,38.2,MEDIUM,False,70.0,12.0,10.2,34.2,0.2552,False,"['Allocation is 28% above the ₹14.7 cr full-entitlement benchmark', 'Non-round allocation (₹26.00 paise component) suggests interest-bearing balance accrual']",0.2362,1,Uttar Pradesh,JITENDRA KUMAR DOHARE,ETAWAH(SC),188747306.26,147000000.0,28.399528068027212,26.0,False,0.75,"[{'factor': 'Allocation 28% above entitlement benchmark', 'contribution_points': 28.0, 'support': '₹18.87 cr vs benchmark ₹14.7 cr (1/3 methods agree)'}, {'factor': 'Non-round allocation (interest component)', 'contribution_points': 5.1, 'support': '₹26.00 paise part implies interest-bearing balance accrual'}]","['Review sanction ledger for carry-forward/unspent balances explaining the excess', 'Reconcile interest accrual on unspent balance with agency bank statements']","{'benchmark_ratio': 0.0041, 'log_amount': 0.0102, 'excess_over_benchmark_cr': 0.0197, 'shortfall_ratio': 0.0038, 'paise_component': 0.0416, 'state_deviation_pct': 0.0014, 'state_percentile': -0.0175, 'amount_missing_ind': -0.0089, 'name_quality_score': -0.0218}"
210,2.8,LOW,False,1.9,0.0,10.2,0.0,0.2552,False,[],0.0313,0,Jammu And Kashmir,Jitendra Singh,UDHAMPUR,147000000.0,147000000.0,0.0,0.0,False,1.0,[],['No investigative action indicated by current signals'],{}
211,3.0,LOW,False,0.0,12.0,0.0,0.0,0.0,False,[],0.0004,0,Uttar Pradesh,JITIN PRASADA,PILIBHIT,147000000.0,147000000.0,0.0,0.0,False,0.75,[],['No investigative action indicated by current signals'],{}
212,5.1,LOW,False,0.8,12.0,8.7,0.0,0.2167,False,[],0.0129,0,Jharkhand,JOBA MAJHI,SINGHBHUM(ST),147000000.0,147000000.0,0.0,0.0,False,0.75,[],['No investigative action indicated by current signals'],{}
213,3.2,LOW,False,0.5,12.0,0.0,0.0,0.0,False,[],0.0083,0,Assam,JOYANTA BASUMATARY,KOKRAJHAR (ST),147000000.0,147000000.0,0.0,0.0,False,0.75,[],['No investigative action indicated by current signals'],{}
214,3.0,LOW,False,0.0,12.0,0.0,0.0,0.0,False,[],0.0,0,West Bengal,JUNE MALIAH,MEDINIPUR,147000000.0,147000000.0,0.0,0.0,False,0.75,[],['No investigative action indicated by current signals'],{}
215,3.1,LOW,False,0.3,12.0,0.0,0.0,0.0,False,[],0.0046,0,Madhya Pradesh,JYOTIRADITYA M. SCINDIA,GUNA,147000000.0,147000000.0,0.0,0.0,False,0.75,[],['No investigative action indicated by current signals'],{}
216,16.6,LOW,False,30.0,0.0,0.0,30.8,0.0,False,['Non-round allocation (₹11.00 paise component) suggests interest-bearing balance accrual'],0.1158,1,Chhattisgarh,Jyotsna Charandas Mahant,KORBA,155153738.11,147000000.0,5.546760619047619,11.0,False,1.0,"[{'factor': 'Allocation 6% above entitlement benchmark', 'contribution_points': 12.0, 'support': '₹15.52 cr vs benchmark ₹14.7 cr (1/3 methods agree)'}, {'factor': 'Non-round allocation (interest component)', 'contribution_points': 4.6, 'support': '₹11.00 paise part implies interest-bearing balance accrual'}]",['Reconcile interest accrual on unspent balance with agency bank statements'],{}
217,6.0,LOW,False,1.4,12.0,12.3,0.0,0.3074,False,[],0.0238,0,Tamil Nadu,K E PRAKASH,ERODE,147000000.0,147000000.0,0.0,0.0,False,0.75,[],['No investigative action indicated by current signals'],{}
218,5.1,LOW,False,0.1,12.0,10.2,0.0,0.256,False,[],0.0023,0,Kerala,K RADHAKRISHNAN,ALATHUR(SC),147000000.0,147000000.0,0.0,0.0,False,0.75,[],['No investigative action indicated by current signals'],{}
219,0.8,LOW,False,2.0,0.0,0.0,0.0,0.0,False,[],0.0332,0,Tamil Nadu,K Subbarayan,TIRUPPUR,147000000.0,147000000.0,0.0,0.0,False,1.0,[],['No investigative action indicated by current signals'],{}
220,3.0,LOW,False,0.1,12.0,0.0,0.0,0.0,False,[],0.0023,0,Kerala,K. C VENUGOPAL,ALAPPUZHA,147000000.0,147000000.0,0.0,0.0,False,0.75,[],['No investigative action indicated by current signals'],{}
221,3.0,LOW,False,0.0,12.0,0.0,0.0,0.0,False,[],0.0001,0,Karnataka,K. RAJASHEKAR BASAVARAJ HITNAL,KOPPAL,147000000.0,147000000.0,0.0,0.0,False,0.75,[],['No investigative action indicated by current signals'],{}
222,3.2,LOW,False,0.5,12.0,0.0,0.0,0.0,False,[],0.0077,0,Telangana,KADIYAM KAVYA,WARANGEL(SC),147000000.0,147000000.0,0.0,0.0,False,0.75,[],['No investigative action indicated by current signals'],{}
223,0.3,LOW,False,0.8,0.0,0.0,0.0,0.0,False,[],0.0132,0,West Bengal,Kakoli Ghosh Dastidar,BARASAT,147000000.0,147000000.0,0.0,0.0,False,1.0,[],['No investigative action indicated by current signals'],{}
224,6.5,LOW,False,16.2,0.0,0.0,0.0,0.0,False,[],0.2695,1,The Dadra And Nagar Haveli And Daman And Diu,Kalaben Mohanbhai Delkar,DADRA & NAGAR HAVELI (ST),147000000.0,147000000.0,0.0,0.0,False,1.0,[],['No investigative action indicated by current signals'],{}
225,20.0,LOW,False,50.0,0.0,0.0,0.0,0.0,False,[],0.1786,1,Tamil Nadu,Kalanidhi Veeraswamy,CHENNAI NORTH,171500000.0,147000000.0,16.666666666666675,0.0,False,1.0,"[{'factor': 'Allocation 17% above entitlement benchmark', 'contribution_points': 20.0, 'support': '₹17.15 cr vs benchmark ₹14.7 cr (1/3 methods agree)'}]",['No investigative action indicated by current signals'],"{'benchmark_ratio': -0.0109, 'log_amount': -0.0013, 'excess_over_benchmark_cr': 0.0251, 'shortfall_ratio': -0.0007, 'paise_component': -0.0057, 'state_deviation_pct': -0.0076, 'state_percentile': -0.0026, 'amount_missing_ind': -0.009, 'name_quality_score': 0.034}"
226,7.3,LOW,False,0.8,12.0,19.9,0.0,0.4986,False,[],0.0129,0,Jharkhand,KALI CHARAN MUNDA,KHUNTI(ST),147000000.0,147000000.0,0.0,0.0,False,0.75,[],['No investigative action indicated by current signals'],{}
227,7.3,LOW,False,0.8,12.0,19.9,0.0,0.4986,False,[],0.0129,0,Jharkhand,KALI CHARAN SINGH,CHATRA,147000000.0,147000000.0,0.0,0.0,False,0.75,[],['No investigative action indicated by current signals'],{}
228,3.0,LOW,False,0.0,12.0,0.0,0.0,0.0,False,[],0.0,0,West Bengal,KALIPADA SAREN,JHARGRAM(ST),147000000.0,147000000.0,0.0,0.0,False,0.75,[],['No investigative action indicated by current signals'],{}
229,3.7,LOW,False,0.8,0.0,16.8,0.0,0.4211,False,[],0.0132,0,West Bengal,Kalyan Banerjee,SREERAMPUR,147000000.0,147000000.0,0.0,0.0,False,1.0,[],['No investigative action indicated by current signals'],{}
230,3.0,LOW,False,0.1,12.0,0.0,0.0,0.0,False,[],0.0014,0,Maharashtra,KALYAN VAIJINATHRAO KALE,JALNA,147000000.0,147000000.0,0.0,0.0,False,0.75,[],['No investigative action indicated by current signals'],{}
231,3.2,LOW,False,0.5,12.0,0.0,0.0,0.0,False,[],0.0083,0,Assam,KAMAKHYA PRASAD TASA,Kaziranga,147000000.0,147000000.0,0.0,0.0,False,0.75,[],['No investigative action indicated by current signals'],{}
232,1.7,LOW,False,4.2,0.0,0.0,0.0,0.0,False,[],0.0708,0,Delhi,Kamaljeet Sehrawat,WEST DELHI,147000000.0,147000000.0,0.0,0.0,False,1.0,[],['No investigative action indicated by current signals'],{}
233,21.6,LOW,False,30.0,12.0,10.3,30.3,0.2571,False,"['Non-round allocation (₹11.00 paise component) suggests interest-bearing balance accrual', '2/3 anomaly methods agree (ensemble score 0.10)']",0.0981,2,Chhattisgarh,KAMLESH JANGDE,JANJGIR CHAMPA(SC),150384382.11,147000000.0,2.302300755102049,11.0,False,0.75,"[{'factor': 'Allocation 2% above entitlement benchmark', 'contribution_points': 12.0, 'support': '₹15.04 cr vs benchmark ₹14.7 cr (2/3 methods agree)'}, {'factor': 'Non-round allocation (interest component)', 'contribution_points': 4.5, 'support': '₹11.00 paise part implies interest-bearing balance accrual'}]",['Reconcile interest accrual on unspent balance with agency bank statements'],{}
234,2.4,LOW,False,0.9,0.0,10.3,0.0,0.2571,False,[],0.0151,0,Uttar Pradesh,Kamlesh Paswan,BANSGAON(SC),147000000.0,147000000.0,0.0,0.0,False,1.0,[],['No investigative action indicated by current signals'],{}
235,2.3,LOW,False,5.8,0.0,0.0,0.0,0.0,False,[],0.0961,1,Himachal Pradesh,Kangana Ranaut,MANDI,147000000.0,147000000.0,0.0,0.0,False,1.0,[],['No investigative action indicated by current signals'],{}
236,0.8,LOW,False,2.0,0.0,0.0,0.0,0.0,False,[],0.0332,0,Tamil Nadu,Kani K Navas,RAMANATHAPURAM,147000000.0,147000000.0,0.0,0.0,False,1.0,[],['No investigative action indicated by current signals'],{}
237,0.8,LOW,False,2.0,0.0,0.0,0.0,0.0,False,[],0.0332,0,Tamil Nadu,Kanimozhi Karunanidhi,THOOTHUKKUDI,147000000.0,147000000.0,0.0,0.0,False,1.0,[],['No investigative action indicated by current signals'],{}
238,3.0,LOW,False,0.0,12.0,0.0,0.0,0.0,False,[],0.0004,0,Uttar Pradesh,KANWAR SINGH TANWAR,AMROHA,147000000.0,147000000.0,0.0,0.0,False,0.75,[],['No investigative action indicated by current signals'],{}
239,3.0,LOW,False,0.0,12.0,0.0,0.0,0.0,False,[],0.0004,0,Uttar Pradesh,KARAN BHUSHAN SINGH,KAISERGANJ,147000000.0,147000000.0,0.0,0.0,False,0.75,[],['No investigative action indicated by current signals'],{}
240,36.3,MEDIUM,False,70.0,12.0,0.0,35.6,0.0,False,"['Allocation is 38% above the ₹14.7 cr full-entitlement benchmark', 'Non-round allocation (₹56.00 paise component) suggests interest-bearing balance accrual', '2/3 anomaly methods agree (ensemble score 0.31)']",0.3148,2,West Bengal,KARTICK CHANDRA PAUL,RAIGANJ,202677986.56,147000000.0,37.87618133333333,56.0,False,0.75,"[{'factor': 'Allocation 38% above entitlement benchmark', 'contribution_points': 28.0, 'support': '₹20.27 cr vs benchmark ₹14.7 cr (2/3 methods agree)'}, {'factor': 'Non-round allocation (interest component)', 'contribution_points': 5.3, 'support': '₹56.00 paise part implies interest-bearing balance accrual'}]","['Review sanction ledger for carry-forward/unspent balances explaining the excess', 'Reconcile interest accrual on unspent balance with agency bank statements']","{'benchmark_ratio': 0.0154, 'log_amount': 0.0212, 'excess_over_benchmark_cr': 0.0322, 'shortfall_ratio': 0.0116, 'paise_component': 0.0877, 'state_deviation_pct': -0.0006, 'state_percentile': -0.0336, 'amount_missing_ind': -0.0089, 'name_quality_score': -0.0195}"
241,0.3,LOW,False,0.8,0.0,0.0,0.0,0.0,False,[],0.0135,0,Bihar,Kaushalendra Kumar,NALANDA,147000000.0,147000000.0,0.0,0.0,False,1.0,[],['No investigative action indicated by current signals'],{}
242,0.3,LOW,False,0.8,0.0,0.0,0.0,0.0,False,[],0.0132,0,West Bengal,Khagen Murmu,MALDAHA UTTAR,147000000.0,147000000.0,0.0,0.0,False,1.0,[],['No investigative action indicated by current signals'],{}
243,0.3,LOW,False,0.8,0.0,0.0,0.0,0.0,False,[],0.0132,0,West Bengal,Khalilur Rahaman,JANGIPUR,147000000.0,147000000.0,0.0,0.0,False,1.0,[],['No investigative action indicated by current signals'],{}
244,24.9,LOW,False,50.0,0.0,0.0,32.4,0.0,False,['Non-round allocation (₹11.00 paise component) suggests interest-bearing balance accrual'],0.1728,1,Andhra Pradesh,Kinjarapu Ram Mohan Naidu,SRIKAKULAM,171200630.11,147000000.0,16.46301368027212,11.0,False,1.0,"[{'factor': 'Allocation 16% above entitlement benchmark', 'contribution_points': 20.0, 'support': '₹17.12 cr vs benchmark ₹14.7 cr (1/3 methods agree)'}, {'factor': 'Non-round allocation (interest component)', 'contribution_points': 4.9, 'support': '₹11.00 paise part implies interest-bearing balance accrual'}]",['Reconcile interest accrual on unspent balance with agency bank statements'],"{'benchmark_ratio': -0.0211, 'log_amount': -0.0298, 'excess_over_benchmark_cr': 0.0003, 'shortfall_ratio': -0.0326, 'paise_component': -0.0639, 'state_deviation_pct': -0.0341, 'state_percentile': 0.0133, 'amount_missing_ind': -0.0211, 'name_quality_score': 0.0111}"
245,1.1,LOW,False,2.8,0.0,0.0,0.0,0.0,False,[],0.0468,0,Arunachal Pradesh,Kiren Rijiju,ARUNACHAL WEST,147000000.0,147000000.0,0.0,0.0,False,1.0,[],['No investigative action indicated by current signals'],{}
246,0.4,LOW,False,0.9,0.0,0.0,0.0,0.0,False,[],0.0151,0,Uttar Pradesh,Kirti Vardhan Singh,GONDA,147000000.0,147000000.0,0.0,0.0,False,1.0,[],['No investigative action indicated by current signals'],{}
247,0.5,LOW,False,1.3,0.0,0.0,0.0,0.0,False,[],0.021,0,Telangana,Kishan Reddy Gangapuram,SECUNDERABAD,147000000.0,147000000.0,0.0,0.0,False,1.0,[],['No investigative action indicated by current signals'],{}
248,23.0,LOW,False,50.0,12.0,0.0,0.0,0.0,False,[],0.1598,1,Uttar Pradesh,KISHORI LAL,AMETHI,171500000.0,147000000.0,16.666666666666675,0.0,False,0.75,"[{'factor': 'Allocation 17% above entitlement benchmark', 'contribution_points': 20.0, 'support': '₹17.15 cr vs benchmark ₹14.7 cr (1/3 methods agree)'}]",['No investigative action indicated by current signals'],"{'benchmark_ratio': -0.0257, 'log_amount': -0.0078, 'excess_over_benchmark_cr': 0.0005, 'shortfall_ratio': -0.013, 'paise_component': -0.0226, 'state_deviation_pct': -0.013, 'state_percentile': -0.0187, 'amount_missing_ind': -0.0244, 'name_quality_score': -0.0198}"
249,37.8,MEDIUM,False,70.0,12.0,8.5,33.9,0.2122,False,"['Allocation is 27% above the ₹14.7 cr full-entitlement benchmark', 'Non-round allocation (₹11.00 paise component) suggests interest-bearing balance accrual']",0.224,1,Telangana,KONDA VISHWESHWAR REDDY,CHELVELLA,186441916.11,147000000.0,26.831235448979605,11.0,False,0.75,"[{'factor': 'Allocation 27% above entitlement benchmark', 'contribution_points': 28.0, 'support': '₹18.64 cr vs benchmark ₹14.7 cr (1/3 methods agree)'}, {'factor': 'Non-round allocation (interest component)', 'contribution_points': 5.1, 'support': '₹11.00 paise part implies interest-bearing balance accrual'}]","['Review sanction ledger for carry-forward/unspent balances explaining the excess', 'Reconcile interest accrual on unspent balance with agency bank statements']","{'benchmark_ratio': -0.0007, 'log_amount': 0.011, 'excess_over_benchmark_cr': 0.0271, 'shortfall_ratio': -0.0076, 'paise_component': -0.0168, 'state_deviation_pct': 0.0199, 'state_percentile': 0.037, 'amount_missing_ind': 0.0084, 'name_quality_score': -0.0053}"
250,3.0,LOW,False,0.0,12.0,0.0,0.0,0.0,False,[],0.0001,0,Karnataka,KOTA SRINIVAS POOJARY,UDUPI CHIKMAGALUR,147000000.0,147000000.0,0.0,0.0,False,0.75,[],['No investigative action indicated by current signals'],{}
251,0.6,LOW,False,1.5,0.0,0.0,0.0,0.0,False,[],0.0253,0,Assam,Kripanath Mallah,KARIMGANJ (SC),147000000.0,147000000.0,0.0,0.0,False,1.0,[],['No investigative action indicated by current signals'],{}
252,0.5,LOW,False,1.3,0.0,0.0,0.0,0.0,False,[],0.0211,0,Haryana,Krishan Pal Gurjar,FARIDABAD,147000000.0,147000000.0,0.0,0.0,False,1.0,[],['No investigative action indicated by current signals'],{}
253,3.0,LOW,False,0.0,12.0,0.0,0.0,0.0,False,[],0.0004,0,Uttar Pradesh,KRISHNA DEVI SHIVSHANKER PATEL,BANDA,147000000.0,147000000.0,0.0,0.0,False,0.75,[],['No investigative action indicated by current signals'],{}
254,24.8,LOW,False,50.0,0.0,0.0,32.1,0.0,False,['Non-round allocation (₹11.00 paise component) suggests interest-bearing balance accrual'],0.1662,1,Andhra Pradesh,Krishna Prasad Tenneti,BAPATLA,167796849.11,147000000.0,14.14751640136056,11.0,False,1.0,"[{'factor': 'Allocation 14% above entitlement benchmark', 'contribution_points': 20.0, 'support': '₹16.78 cr vs benchmark ₹14.7 cr (1/3 methods agree)'}, {'factor': 'Non-round allocation (interest component)', 'contribution_points': 4.8, 'support': '₹11.00 paise part implies interest-bearing balance accrual'}]",['Reconcile interest accrual on unspent balance with agency bank statements'],"{'benchmark_ratio': -0.0169, 'log_amount': -0.0266, 'excess_over_benchmark_cr': 0.0092, 'shortfall_ratio': -0.0222, 'paise_component': -0.056, 'state_deviation_pct': -0.0266, 'state_percentile': 0.0211, 'amount_missing_ind': -0.0226, 'name_quality_score': 0.0082}"
255,3.7,LOW,False,1.7,12.0,0.0,0.0,0.0,False,[],0.0284,0,Tripura,KRITI DEVI DEBBARMAN,TRIPURA EAST(ST),147000000.0,147000000.0,0.0,0.0,False,0.75,[],['No investigative action indicated by current signals'],{}
256,3.0,LOW,False,0.0,12.0,0.0,0.0,0.0,False,[],0.0001,0,Rajasthan,KULDEEP INDORA,GANGANAGAR(SC),147000000.0,147000000.0,0.0,0.0,False,0.75,[],['No investigative action indicated by current signals'],{}
257,23.0,LOW,False,50.0,12.0,0.0,0.0,0.0,False,[],0.1368,1,Telangana,KUNDURU RAGHUVEER,NALGONDA,162952022.0,147000000.0,10.851715646258508,0.0,False,0.75,"[{'factor': 'Allocation 11% above entitlement benchmark', 'contribution_points': 20.0, 'support': '₹16.30 cr vs benchmark ₹14.7 cr (1/3 methods agree)'}]",['No investigative action indicated by current signals'],"{'benchmark_ratio': -0.008, 'log_amount': 0.0106, 'excess_over_benchmark_cr': 0.0188, 'shortfall_ratio': -0.0128, 'paise_component': -0.0227, 'state_deviation_pct': -0.0167, 'state_percentile': 0.0265, 'amount_missing_ind': -0.0106, 'name_quality_score': -0.0251}"
258,5.0,LOW,False,0.0,12.0,9.8,0.0,0.2461,False,[],0.0004,0,Uttar Pradesh,LALJI VERMA,AMBEDKAR NAGAR,147000000.0,147000000.0,0.0,0.0,False,0.75,[],['No investigative action indicated by current signals'],{}
259,24.9,LOW,False,50.0,0.0,0.0,32.7,0.0,False,['Non-round allocation (₹11.00 paise component) suggests interest-bearing balance accrual'],0.1858,1,Andhra Pradesh,Lavu Sri Krishna Devarayalu,NARASARAOPET,174009663.11,147000000.0,18.3739204829932,11.0,False,1.0,"[{'factor': 'Allocation 18% above entitlement benchmark', 'contribution_points': 20.0, 'support': '₹17.40 cr vs benchmark ₹14.7 cr (1/3 methods agree)'}, {'factor': 'Non-round allocation (interest component)', 'contribution_points': 4.9, 'support': '₹11.00 paise part implies interest-bearing balance accrual'}]",['Reconcile interest accrual on unspent balance with agency bank statements'],"{'benchmark_ratio': -0.0174, 'log_amount': -0.0139, 'excess_over_benchmark_cr': 0.0103, 'shortfall_ratio': -0.032, 'paise_component': -0.065, 'state_deviation_pct': -0.0287, 'state_percentile': 0.0068, 'amount_missing_ind': -0.002, 'name_quality_score': 0.0148}"
260,3.0,LOW,False,0.0,12.0,0.0,0.0,0.0,False,[],0.0004,0,Uttar Pradesh,LAXMIKANT PAPPU NISHAD,SANT KABIR NAGAR,147000000.0,147000000.0,0.0,0.0,False,0.75,[],['No investigative action indicated by current signals'],{}
261,4.9,LOW,False,0.0,12.0,9.4,0.0,0.2342,False,[],0.0,0,Bihar,LOVELY ANAND,SHEOHAR,147000000.0,147000000.0,0.0,0.0,False,0.75,[],['No investigative action indicated by current signals'],{}
262,3.0,LOW,False,0.0,12.0,0.0,0.0,0.0,False,[],0.0001,0,Rajasthan,LUMBARAM,JALORE,147000000.0,147000000.0,0.0,0.0,False,0.75,[],['No investigative action indicated by current signals'],{}
263,9.1,LOW,False,4.1,12.0,0.0,30.0,0.0,False,['Non-round allocation (₹11.00 paise component) suggests interest-bearing balance accrual'],0.0681,1,Karnataka,M. MALLESH BABU,KOLAR(SC),147065957.11,147000000.0,0.04486878231293456,11.0,False,0.75,"[{'factor': 'Non-round allocation (interest component)', 'contribution_points': 4.5, 'support': '₹11.00 paise part implies interest-bearing balance accrual'}]",['Reconcile interest accrual on unspent balance with agency bank statements'],{}
264,3.6,LOW,False,1.4,12.0,0.0,0.0,0.0,False,[],0.0238,0,Tamil Nadu,M.K. VISHNUPRASAD,CUDDALORE,147000000.0,147000000.0,0.0,0.0,False,0.75,[],['No investigative action indicated by current signals'],{}
265,20.0,LOW,False,50.0,0.0,0.0,0.0,0.0,False,[],0.2154,1,Andhra Pradesh,Maddila Gurumoorthy,TIRUPATI(SC),180399007.0,147000000.0,22.720412925170063,0.0,False,1.0,"[{'factor': 'Allocation 23% above entitlement benchmark', 'contribution_points': 20.0, 'support': '₹18.04 cr vs benchmark ₹14.7 cr (1/3 methods agree)'}]",['No investigative action indicated by current signals'],"{'benchmark_ratio': -0.0007, 'log_amount': 0.0015, 'excess_over_benchmark_cr': 0.0289, 'shortfall_ratio': -0.0228, 'paise_component': -0.0264, 'state_deviation_pct': -0.0066, 'state_percentile': -0.0022, 'amount_missing_ind': -0.0043, 'name_quality_score': 0.026}"
266,3.2,LOW,False,0.5,12.0,0.0,0.0,0.0,False,[],0.0077,0,Telangana,MADHAVANENI RAGHUNANDAN RAO,MEDAK,147000000.0,147000000.0,0.0,0.0,False,0.75,[],['No investigative action indicated by current signals'],{}
267,2.8,LOW,False,7.1,0.0,0.0,0.0,0.0,False,[],0.1182,1,Andhra Pradesh,Magunta Sreenivasulu Reddy,ONGOLE,147000000.0,147000000.0,0.0,0.0,False,1.0,[],['No investigative action indicated by current signals'],{}
268,0.4,LOW,False,1.1,0.0,0.0,0.0,0.0,False,[],0.0183,0,Madhya Pradesh,Mahendra Singh Solanky,DEWAS(SC),147000000.0,147000000.0,0.0,0.0,False,1.0,[],['No investigative action indicated by current signals'],{}
269,6.8,LOW,False,4.4,12.0,10.3,0.0,0.2572,False,[],0.0737,1,Chhattisgarh,MAHESH KASHYAP,BASTAR(ST),147000000.0,147000000.0,0.0,0.0,False,0.75,[],['No investigative action indicated by current signals'],{}
270,9.8,LOW,False,5.7,0.0,15.1,30.2,0.3775,False,['Non-round allocation (₹11.00 paise component) suggests interest-bearing balance accrual'],0.0949,1,Uttar Pradesh,Mahesh Sharma,GAUTAM BUDDHA NAGAR,148816284.11,147000000.0,1.235567421768713,11.0,False,1.0,"[{'factor': 'Non-round allocation (interest component)', 'contribution_points': 4.5, 'support': '₹11.00 paise part implies interest-bearing balance accrual'}]",['Reconcile interest accrual on unspent balance with agency bank statements'],{}
271,31.0,MEDIUM,False,70.0,12.0,0.0,0.0,0.0,False,['Allocation is 25% above the ₹14.7 cr full-entitlement benchmark'],0.2158,1,Rajasthan,MAHIMA KUMARI MEWAR,RAJSAMAND,183892143.0,147000000.0,25.096695918367338,0.0,False,0.75,"[{'factor': 'Allocation 25% above entitlement benchmark', 'contribution_points': 28.0, 'support': '₹18.39 cr vs benchmark ₹14.7 cr (1/3 methods agree)'}]",['Review sanction ledger for carry-forward/unspent balances explaining the excess'],"{'benchmark_ratio': -0.0016, 'log_amount': 0.0149, 'excess_over_benchmark_cr': 0.0331, 'shortfall_ratio': -0.0033, 'paise_component': -0.0023, 'state_deviation_pct': 0.0132, 'state_percentile': 0.0177, 'amount_missing_ind': 0.0103, 'name_quality_score': -0.0127}"
272,0.8,LOW,False,1.9,0.0,0.0,0.0,0.0,False,[],0.0313,0,Uttarakhand,Mala Rajya Laxmi Shah,TEHRI GARHWAL,147000000.0,147000000.0,0.0,0.0,False,1.0,[],['No investigative action indicated by current signals'],{}
273,0.3,LOW,False,0.8,0.0,0.0,0.0,0.0,False,[],0.0132,0,West Bengal,Mala Roy,KOLKATA DAKSHIN,147000000.0,147000000.0,0.0,0.0,False,1.0,[],['No investigative action indicated by current signals'],{}
274,23.0,LOW,False,50.0,12.0,0.0,0.0,0.0,False,[],0.188,1,Tamil Nadu,MALAIYARASAN D,KALLAKURICHI,176686299.0,147000000.0,20.1947612244898,0.0,False,0.75,"[{'factor': 'Allocation 20% above entitlement benchmark', 'contribution_points': 20.0, 'support': '₹17.67 cr vs benchmark ₹14.7 cr (1/3 methods agree)'}]",['No investigative action indicated by current signals'],"{'benchmark_ratio': 0.0001, 'log_amount': 0.0065, 'excess_over_benchmark_cr': 0.0155, 'shortfall_ratio': -0.0174, 'paise_component': -0.0243, 'state_deviation_pct': 0.0099, 'state_percentile': 0.001, 'amount_missing_ind': -0.0062, 'name_quality_score': -0.0202}"
275,3.3,LOW,False,0.8,12.0,0.0,0.0,0.0,False,[],0.0128,0,Odisha,MALVIKA DEVI,KALAHANDI,147000000.0,147000000.0,0.0,0.0,False,0.75,[],['No investigative action indicated by current signals'],{}
276,3.0,LOW,False,0.1,12.0,0.0,0.0,0.0,False,[],0.0014,0,Punjab,MALVINDER SINGH KANG,ANANDPUR SAHIB,147000000.0,147000000.0,0.0,0.0,False,0.75,[],['No investigative action indicated by current signals'],{}
277,27.8,MEDIUM,False,50.0,12.0,0.0,31.8,0.0,False,['Non-round allocation (₹11.00 paise component) suggests interest-bearing balance accrual'],0.1378,1,Tamil Nadu,MANI. A.,DHARAMAPURI,164515071.11,147000000.0,11.91501436054423,11.0,False,0.75,"[{'factor': 'Allocation 12% above entitlement benchmark', 'contribution_points': 20.0, 'support': '₹16.45 cr vs benchmark ₹14.7 cr (1/3 methods agree)'}, {'factor': 'Non-round allocation (interest component)', 'contribution_points': 4.8, 'support': '₹11.00 paise part implies interest-bearing balance accrual'}]",['Reconcile interest accrual on unspent balance with agency bank statements'],"{'benchmark_ratio': -0.013, 'log_amount': -0.0039, 'excess_over_benchmark_cr': 0.0065, 'shortfall_ratio': -0.0101, 'paise_component': -0.0438, 'state_deviation_pct': -0.007, 'state_percentile': 0.04, 'amount_missing_ind': 0.0077, 'name_quality_score': -0.0071}"
278,0.8,LOW,False,2.0,0.0,0.0,0.0,0.0,False,[],0.0332,0,Tamil Nadu,Manickam Tagore B,VIRUDHUNAGAR,147000000.0,147000000.0,0.0,0.0,False,1.0,[],['No investigative action indicated by current signals'],{}
279,5.6,LOW,False,0.8,12.0,11.4,0.0,0.2855,False,[],0.0129,0,Jharkhand,MANISH JAISWAL,HAZARIBAGH,147000000.0,147000000.0,0.0,0.0,False,0.75,[],['No investigative action indicated by current signals'],{}
280,29.7,MEDIUM,False,50.0,12.0,8.9,33.1,0.2226,False,"['Non-round allocation (₹75.00 paise component) suggests interest-bearing balance accrual', '2/3 anomaly methods agree (ensemble score 0.25)']",0.2529,2,Chandigarh,MANISH TEWARI,CHANDIGARH,178351443.75,147000000.0,21.327512755102052,75.0,False,0.75,"[{'factor': 'Allocation 21% above entitlement benchmark', 'contribution_points': 20.0, 'support': '₹17.84 cr vs benchmark ₹14.7 cr (2/3 methods agree)'}, {'factor': 'Non-round allocation (interest component)', 'contribution_points': 5.0, 'support': '₹75.00 paise part implies interest-bearing balance accrual'}]",['Reconcile interest accrual on unspent balance with agency bank statements'],"{'benchmark_ratio': -0.0309, 'log_amount': -0.0261, 'excess_over_benchmark_cr': -0.0072, 'shortfall_ratio': -0.0241, 'paise_component': 0.106, 'state_deviation_pct': -0.0229, 'state_percentile': -0.0413, 'amount_missing_ind': -0.0345, 'name_quality_score': -0.0463}"
281,29.7,MEDIUM,False,50.0,12.0,9.7,32.0,0.2436,False,['Non-round allocation (₹11.00 paise component) suggests interest-bearing balance accrual'],0.144,1,Rajasthan,MANJU SHARMA,JAIPUR,167082901.11,147000000.0,13.661837489795925,11.0,False,0.75,"[{'factor': 'Allocation 14% above entitlement benchmark', 'contribution_points': 20.0, 'support': '₹16.71 cr vs benchmark ₹14.7 cr (1/3 methods agree)'}, {'factor': 'Non-round allocation (interest component)', 'contribution_points': 4.8, 'support': '₹11.00 paise part implies interest-bearing balance accrual'}]",['Reconcile interest accrual on unspent balance with agency bank statements'],"{'benchmark_ratio': -0.0186, 'log_amount': -0.0133, 'excess_over_benchmark_cr': 0.002, 'shortfall_ratio': -0.0168, 'paise_component': -0.0419, 'state_deviation_pct': -0.0001, 'state_percentile': 0.0126, 'amount_missing_ind': 0.0017, 'name_quality_score': -0.0035}"
282,3.0,LOW,False,0.0,12.0,0.0,0.0,0.0,False,[],0.0001,0,Rajasthan,MANNA LAL RAWAT,UDAIPUR(ST),147000000.0,147000000.0,0.0,0.0,False,0.75,[],['No investigative action indicated by current signals'],{}
283,4.8,LOW,False,0.3,12.0,8.5,0.0,0.2136,False,[],0.0057,0,Haryana,MANOHAR LAL,KARNAL,147000000.0,147000000.0,0.0,0.0,False,0.75,[],['No investigative action indicated by current signals'],{}
284,5.1,LOW,False,0.0,12.0,10.3,0.0,0.2585,False,[],0.0,0,Bihar,MANOJ KUMAR,SASARAM(SC),147000000.0,147000000.0,0.0,0.0,False,0.75,[],['No investigative action indicated by current signals'],{}
285,5.1,LOW,False,0.0,12.0,10.3,0.0,0.2585,False,[],0.0,0,West Bengal,MANOJ TIGGA,ALIPURDUARS(ST),147000000.0,147000000.0,0.0,0.0,False,0.75,[],['No investigative action indicated by current signals'],{}
286,38.1,MEDIUM,False,90.0,0.0,10.3,0.0,0.2567,False,"['Allocation is 54% above the ₹14.7 cr full-entitlement benchmark', '2/3 anomaly methods agree (ensemble score 0.39)']",0.393,2,Delhi,Manoj Tiwari,NORTH EAST DELHI,225843858.0,147000000.0,53.6352775510204,0.0,False,1.0,"[{'factor': 'Allocation 54% above entitlement benchmark', 'contribution_points': 36.0, 'support': '₹22.58 cr vs benchmark ₹14.7 cr (2/3 methods agree)'}]",['Review sanction ledger for carry-forward/unspent balances explaining the excess'],"{'benchmark_ratio': 0.0013, 'log_amount': 0.0189, 'excess_over_benchmark_cr': 0.0753, 'shortfall_ratio': 0.0229, 'paise_component': -0.0226, 'state_deviation_pct': 0.0006, 'state_percentile': 0.0135, 'amount_missing_ind': 0.0211, 'name_quality_score': 0.0469}"
287,0.4,LOW,False,1.1,0.0,0.0,0.0,0.0,False,[],0.0179,0,Gujarat,Mansukhbhai Dhanjibhai Vasava,BHARUCH,147000000.0,147000000.0,0.0,0.0,False,1.0,[],['No investigative action indicated by current signals'],{}
288,3.4,LOW,False,0.9,12.0,0.0,0.0,0.0,False,[],0.0148,0,Jammu And Kashmir,MIAN ALTAF AHMAD,ANANTNAG,147000000.0,147000000.0,0.0,0.0,False,0.75,[],['No investigative action indicated by current signals'],{}
289,25.0,LOW,False,50.0,0.0,0.0,33.2,0.0,False,['Non-round allocation (₹11.00 paise component) suggests interest-bearing balance accrual'],0.2015,1,Andhra Pradesh,Midhun Reddy,RAJAMPET,178951477.11,147000000.0,21.735698714285732,11.0,False,1.0,"[{'factor': 'Allocation 22% above entitlement benchmark', 'contribution_points': 20.0, 'support': '₹17.90 cr vs benchmark ₹14.7 cr (1/3 methods agree)'}, {'factor': 'Non-round allocation (interest component)', 'contribution_points': 5.0, 'support': '₹11.00 paise part implies interest-bearing balance accrual'}]",['Reconcile interest accrual on unspent balance with agency bank statements'],"{'benchmark_ratio': -0.0147, 'log_amount': -0.0066, 'excess_over_benchmark_cr': 0.0159, 'shortfall_ratio': -0.0376, 'paise_component': -0.0722, 'state_deviation_pct': -0.024, 'state_percentile': -0.007, 'amount_missing_ind': -0.0072, 'name_quality_score': 0.0101}"
290,6.3,LOW,False,0.0,12.0,16.7,0.0,0.4163,False,[],0.0,0,Bihar,MISHA BHARTI,PATALIPUTRA,147000000.0,147000000.0,0.0,0.0,False,0.75,[],['No investigative action indicated by current signals'],{}
291,0.4,LOW,False,1.1,0.0,0.0,0.0,0.0,False,[],0.0179,0,Gujarat,Mitesh Rameshbhai Bakabhai Patel,ANAND,147000000.0,147000000.0,0.0,0.0,False,1.0,[],['No investigative action indicated by current signals'],{}
292,12.0,LOW,False,30.0,0.0,0.0,0.0,0.0,False,['2/3 anomaly methods agree (ensemble score 0.17)'],0.1722,2,Ladakh,Mohamed Haneefa,LADAKH,161114542.0,147000000.0,9.601729251700686,0.0,False,1.0,"[{'factor': 'Allocation 10% above entitlement benchmark', 'contribution_points': 12.0, 'support': '₹16.11 cr vs benchmark ₹14.7 cr (2/3 methods agree)'}]",['No investigative action indicated by current signals'],{}
293,3.0,LOW,False,0.0,12.0,0.0,0.0,0.0,False,[],0.0004,0,Uttar Pradesh,MOHIBBULLAH,RAMPUR,147000000.0,147000000.0,0.0,0.0,False,0.75,[],['No investigative action indicated by current signals'],{}
294,36.2,MEDIUM,False,70.0,12.0,0.0,34.9,0.0,False,"['Allocation is 33% above the ₹14.7 cr full-entitlement benchmark', 'Non-round allocation (₹70.00 paise component) suggests interest-bearing balance accrual', '2/3 anomaly methods agree (ensemble score 0.29)']",0.2899,2,Maharashtra,MOHITE PATIL DHAIRYASHEEL RAJSINH,MADHA,195613601.7,147000000.0,33.07047734693877,70.0,False,0.75,"[{'factor': 'Allocation 33% above entitlement benchmark', 'contribution_points': 28.0, 'support': '₹19.56 cr vs benchmark ₹14.7 cr (2/3 methods agree)'}, {'factor': 'Non-round allocation (interest component)', 'contribution_points': 5.2, 'support': '₹70.00 paise part implies interest-bearing balance accrual'}]","['Review sanction ledger for carry-forward/unspent balances explaining the excess', 'Reconcile interest accrual on unspent balance with agency bank statements']","{'benchmark_ratio': -0.0178, 'log_amount': -0.0068, 'excess_over_benchmark_cr': 0.0217, 'shortfall_ratio': 0.0159, 'paise_component': 0.1168, 'state_deviation_pct': -0.0273, 'state_percentile': -0.0395, 'amount_missing_ind': -0.0174, 'name_quality_score': -0.034}"
295,3.4,LOW,False,0.9,12.0,0.0,0.0,0.0,False,[],0.015,0,Bihar,Mr Gopal Jee Thakur,DARBHANGA,147000000.0,147000000.0,0.0,0.0,False,0.85,[],['No investigative action indicated by current signals'],{}
296,15.0,LOW,False,30.0,12.0,0.0,0.0,0.0,False,[],0.1321,1,West Bengal,Ms Mahua Moitra,KRISHNANAGAR,159865046.0,147000000.0,8.751731972789113,0.0,False,0.85,"[{'factor': 'Allocation 9% above entitlement benchmark', 'contribution_points': 12.0, 'support': '₹15.99 cr vs benchmark ₹14.7 cr (1/3 methods agree)'}]",['No investigative action indicated by current signals'],{}
297,19.6,LOW,False,30.0,12.0,0.0,30.7,0.0,False,['Non-round allocation (₹41.00 paise component) suggests interest-bearing balance accrual'],0.1608,1,Lakshadweep,MUHAMMED HAMDULLAH SAYEED,LAKSHADWEEP(ST),153942460.41,147000000.0,4.722762183673468,41.0,False,0.75,"[{'factor': 'Allocation 5% above entitlement benchmark', 'contribution_points': 12.0, 'support': '₹15.39 cr vs benchmark ₹14.7 cr (1/3 methods agree)'}, {'factor': 'Non-round allocation (interest component)', 'contribution_points': 4.6, 'support': '₹41.00 paise part implies interest-bearing balance accrual'}]",['Reconcile interest accrual on unspent balance with agency bank statements'],{}
298,0.4,LOW,False,0.9,0.0,0.0,0.0,0.0,False,[],0.0151,0,Uttar Pradesh,Mukesh Rajput,FARRUKHABAD,147000000.0,147000000.0,0.0,0.0,False,1.0,[],['No investigative action indicated by current signals'],{}
299,3.1,LOW,False,0.2,12.0,0.0,0.0,0.0,False,[],0.0034,0,Gujarat,MUKESHKUMAR CHANDRAKAANT DALAL,SURAT,147000000.0,147000000.0,0.0,0.0,False,0.75,[],['No investigative action indicated by current signals'],{}
300,3.0,LOW,False,0.0,12.0,0.0,0.0,0.0,False,[],0.0001,0,Rajasthan,MURARI LAL MEENA,DAUSA(ST),147000000.0,147000000.0,0.0,0.0,False,0.75,[],['No investigative action indicated by current signals'],{}
301,3.6,LOW,False,1.4,12.0,0.0,0.0,0.0,False,[],0.0238,0,Tamil Nadu,MURASOLI S,THANJAVUR,147000000.0,147000000.0,0.0,0.0,False,0.75,[],['No investigative action indicated by current signals'],{}
302,6.0,LOW,False,0.1,12.0,15.0,0.0,0.3742,False,[],0.0014,0,Maharashtra,MURLIDHAR MOHOL,PUNE,147000000.0,147000000.0,0.0,0.0,False,0.75,[],['No investigative action indicated by current signals'],{}
303,10.8,LOW,False,4.0,12.0,8.6,30.1,0.2154,False,['Non-round allocation (₹11.00 paise component) suggests interest-bearing balance accrual'],0.0664,1,Odisha,NABA CHARAN MAJHI,MAYURBHANJ (ST),147563957.11,147000000.0,0.3836442925170269,11.0,False,0.75,"[{'factor': 'Non-round allocation (interest component)', 'contribution_points': 4.5, 'support': '₹11.00 paise part implies interest-bearing balance accrual'}]",['Reconcile interest accrual on unspent balance with agency bank statements'],{}
304,9.0,LOW,False,3.8,12.0,0.0,30.0,0.0,False,['Non-round allocation (₹11.00 paise component) suggests interest-bearing balance accrual'],0.0632,1,Jharkhand,NALIN SOREN,DUMKA(ST),147364097.11,147000000.0,0.24768510884354278,11.0,False,0.75,"[{'factor': 'Non-round allocation (interest component)', 'contribution_points': 4.5, 'support': '₹11.00 paise part implies interest-bearing balance accrual'}]",['Reconcile interest accrual on unspent balance with agency bank statements'],{}
305,3.0,LOW,False,0.0,12.0,0.0,0.0,0.0,False,[],0.0004,0,Uttar Pradesh,NARAYAN DAS AHIRWAR,JALAUN(SC),147000000.0,147000000.0,0.0,0.0,False,0.75,[],['No investigative action indicated by current signals'],{}
306,3.0,LOW,False,0.1,12.0,0.0,0.0,0.0,False,[],0.0014,0,Maharashtra,NARAYAN TATU RANE,RATNAGIRI-SINDHUDURG,147000000.0,147000000.0,0.0,0.0,False,0.75,[],['No investigative action indicated by current signals'],{}
307,3.0,LOW,False,0.0,12.0,0.0,0.0,0.0,False,[],0.0004,0,Uttar Pradesh,NARESH CHANDRA UTTAM PATEL,FATEHPUR,147000000.0,147000000.0,0.0,0.0,False,0.75,[],['No investigative action indicated by current signals'],{}
308,3.0,LOW,False,0.1,12.0,0.0,0.0,0.0,False,[],0.0014,0,Maharashtra,NARESH GANPAT MHASKE,THANE,147000000.0,147000000.0,0.0,0.0,False,0.75,[],['No investigative action indicated by current signals'],{}
309,3.1,LOW,False,0.3,12.0,0.0,0.0,0.0,False,[],0.0057,0,Haryana,NAVEEN JINDAL,KURUKSHETRA,147000000.0,147000000.0,0.0,0.0,False,0.75,[],['No investigative action indicated by current signals'],{}
310,3.0,LOW,False,0.0,12.0,0.0,0.0,0.0,False,[],0.0004,0,Uttar Pradesh,NEERAJ MAURYA,AONLA,147000000.0,147000000.0,0.0,0.0,False,0.75,[],['No investigative action indicated by current signals'],{}
311,3.0,LOW,False,0.1,12.0,0.0,0.0,0.0,False,[],0.0014,0,Maharashtra,NILESH DNYANDEV LANKE,AHMEDNAGAR,147000000.0,147000000.0,0.0,0.0,False,0.75,[],['No investigative action indicated by current signals'],{}
312,3.1,LOW,False,0.2,12.0,0.0,0.0,0.0,False,[],0.0034,0,Gujarat,NIMUBEN JAYANTIBHAI BAMBHANIYA,BHAVNAGAR,147000000.0,147000000.0,0.0,0.0,False,0.75,[],['No investigative action indicated by current signals'],{}
313,2.4,LOW,False,1.5,0.0,9.2,0.0,0.2288,False,[],0.0247,0,Jharkhand,Nishikant Dubey,GODDA,147000000.0,147000000.0,0.0,0.0,False,1.0,[],['No investigative action indicated by current signals'],{}
314,24.8,LOW,False,50.0,0.0,0.0,32.1,0.0,False,['Non-round allocation (₹11.00 paise component) suggests interest-bearing balance accrual'],0.1563,1,Maharashtra,Nitin Jairam Gadkari,NAGPUR,168195086.11,147000000.0,14.418425925170087,11.0,False,1.0,"[{'factor': 'Allocation 14% above entitlement benchmark', 'contribution_points': 20.0, 'support': '₹16.82 cr vs benchmark ₹14.7 cr (1/3 methods agree)'}, {'factor': 'Non-round allocation (interest component)', 'contribution_points': 4.8, 'support': '₹11.00 paise part implies interest-bearing balance accrual'}]",['Reconcile interest accrual on unspent balance with agency bank statements'],"{'benchmark_ratio': -0.0201, 'log_amount': -0.0205, 'excess_over_benchmark_cr': 0.0039, 'shortfall_ratio': -0.0138, 'paise_component': -0.0422, 'state_deviation_pct': -0.0122, 'state_percentile': -0.0155, 'amount_missing_ind': -0.0141, 'name_quality_score': 0.0378}"
315,0.3,LOW,False,0.8,0.0,0.0,0.0,0.0,False,[],0.0135,0,Bihar,Nityanand Rai,UJJARPUR,147000000.0,147000000.0,0.0,0.0,False,1.0,[],['No investigative action indicated by current signals'],{}
316,24.8,LOW,False,50.0,0.0,0.0,31.7,0.0,False,['Non-round allocation (₹60.00 paise component) suggests interest-bearing balance accrual'],0.1931,1,Rajasthan,Om Birla,KOTA,163906956.6,147000000.0,11.501331020408156,60.0,False,1.0,"[{'factor': 'Allocation 12% above entitlement benchmark', 'contribution_points': 20.0, 'support': '₹16.39 cr vs benchmark ₹14.7 cr (1/3 methods agree)'}, {'factor': 'Non-round allocation (interest component)', 'contribution_points': 4.8, 'support': '₹60.00 paise part implies interest-bearing balance accrual'}]",['Reconcile interest accrual on unspent balance with agency bank statements'],"{'benchmark_ratio': -0.0499, 'log_amount': -0.046, 'excess_over_benchmark_cr': -0.0244, 'shortfall_ratio': 0.0025, 'paise_component': 0.1134, 'state_deviation_pct': -0.0507, 'state_percentile': -0.0456, 'amount_missing_ind': -0.026, 'name_quality_score': 0.0214}"
317,33.1,MEDIUM,False,70.0,0.0,0.0,33.8,0.0,False,"['Allocation is 26% above the ₹14.7 cr full-entitlement benchmark', 'Non-round allocation (₹11.00 paise component) suggests interest-bearing balance accrual']",0.23,1,Maharashtra,Omprakash Bhupalsinh Alias Pawan Rajenimbalkar,OSMANABAD,184758519.11,147000000.0,25.686067421768712,11.0,False,1.0,"[{'factor': 'Allocation 26% above entitlement benchmark', 'contribution_points': 28.0, 'support': '₹18.48 cr vs benchmark ₹14.7 cr (1/3 methods agree)'}, {'factor': 'Non-round allocation (interest component)', 'contribution_points': 5.1, 'support': '₹11.00 paise part implies interest-bearing balance accrual'}]","['Review sanction ledger for carry-forward/unspent balances explaining the excess', 'Reconcile interest accrual on unspent balance with agency bank statements']","{'benchmark_ratio': -0.0116, 'log_amount': -0.002, 'excess_over_benchmark_cr': 0.0153, 'shortfall_ratio': 0.0058, 'paise_component': -0.0323, 'state_deviation_pct': 0.0153, 'state_percentile': 0.0054, 'amount_missing_ind': 0.007, 'name_quality_score': 0.0552}"
318,18.5,LOW,False,30.0,0.0,9.0,31.3,0.2251,False,['Non-round allocation (₹11.00 paise component) suggests interest-bearing balance accrual'],0.129,1,Karnataka,P C Mohan,BANGALORE CENTRAL,159995711.11,147000000.0,8.840619802721106,11.0,False,1.0,"[{'factor': 'Allocation 9% above entitlement benchmark', 'contribution_points': 12.0, 'support': '₹16.00 cr vs benchmark ₹14.7 cr (1/3 methods agree)'}, {'factor': 'Non-round allocation (interest component)', 'contribution_points': 4.7, 'support': '₹11.00 paise part implies interest-bearing balance accrual'}]",['Reconcile interest accrual on unspent balance with agency bank statements'],{}
319,0.4,LOW,False,0.9,0.0,0.0,0.0,0.0,False,[],0.0151,0,Uttar Pradesh,Pankaj Chowdhary,MAHARAJGANJ_UP,147000000.0,147000000.0,0.0,0.0,False,1.0,[],['No investigative action indicated by current signals'],{}
320,9.8,LOW,False,5.8,12.0,0.0,30.1,0.0,False,['Non-round allocation (₹11.00 paise component) suggests interest-bearing balance accrual'],0.0965,1,Assam,PARIMAL SUKLABAIDYA,SILCHAR,148300157.11,147000000.0,0.8844606190476334,11.0,False,0.75,"[{'factor': 'Non-round allocation (interest component)', 'contribution_points': 4.5, 'support': '₹11.00 paise part implies interest-bearing balance accrual'}]",['Reconcile interest accrual on unspent balance with agency bank statements'],{}
321,3.1,LOW,False,0.2,12.0,0.0,0.0,0.0,False,[],0.0034,0,Gujarat,PARSHOTTAMBHAI RUPALA,RAJKOT,147000000.0,147000000.0,0.0,0.0,False,0.75,[],['No investigative action indicated by current signals'],{}
322,3.0,LOW,False,0.0,12.0,0.0,0.0,0.0,False,[],0.0,0,West Bengal,PARTHA BHOWMICK,BARRACKPUR,147000000.0,147000000.0,0.0,0.0,False,0.75,[],['No investigative action indicated by current signals'],{}
323,24.8,LOW,False,50.0,0.0,0.0,32.1,0.0,False,['Non-round allocation (₹11.00 paise component) suggests interest-bearing balance accrual'],0.1592,1,Karnataka,Parvatagouda Chandanagouda Gaddigoudar,BAGALKOT,167541747.11,147000000.0,13.973977625850353,11.0,False,1.0,"[{'factor': 'Allocation 14% above entitlement benchmark', 'contribution_points': 20.0, 'support': '₹16.75 cr vs benchmark ₹14.7 cr (1/3 methods agree)'}, {'factor': 'Non-round allocation (interest component)', 'contribution_points': 4.8, 'support': '₹11.00 paise part implies interest-bearing balance accrual'}]",['Reconcile interest accrual on unspent balance with agency bank statements'],"{'benchmark_ratio': -0.0382, 'log_amount': -0.0304, 'excess_over_benchmark_cr': -0.007, 'shortfall_ratio': -0.0213, 'paise_component': -0.0383, 'state_deviation_pct': -0.0245, 'state_percentile': -0.0035, 'amount_missing_ind': -0.0096, 'name_quality_score': 0.0388}"
324,39.0,MEDIUM,False,90.0,12.0,0.0,0.0,0.0,False,"['Allocation is 67% above the ₹14.7 cr full-entitlement benchmark', '2/3 anomaly methods agree (ensemble score 0.42)']",0.4216,2,The Dadra And Nagar Haveli And Daman And Diu,PATEL UMESHBHAI BABUBHAI,DAMAN and DIU,245063957.0,147000000.0,66.71017482993197,0.0,False,0.75,"[{'factor': 'Allocation 67% above entitlement benchmark', 'contribution_points': 36.0, 'support': '₹24.51 cr vs benchmark ₹14.7 cr (2/3 methods agree)'}]",['Review sanction ledger for carry-forward/unspent balances explaining the excess'],"{'benchmark_ratio': 0.0484, 'log_amount': 0.0522, 'excess_over_benchmark_cr': 0.0961, 'shortfall_ratio': 0.0038, 'paise_component': -0.0125, 'state_deviation_pct': -0.0317, 'state_percentile': -0.0103, 'amount_missing_ind': 0.0129, 'name_quality_score': 0.0014}"
325,3.0,LOW,False,0.0,12.0,0.0,0.0,0.0,False,[],0.0,0,West Bengal,PATHAN YUSUF,BAHARAMPUR,147000000.0,147000000.0,0.0,0.0,False,0.75,[],['No investigative action indicated by current signals'],{}
326,4.9,LOW,False,0.5,12.0,8.7,0.0,0.2182,False,[],0.0083,0,Assam,PHANI BHUSAN CHOUDHURY,BARPETA,147000000.0,147000000.0,0.0,0.0,False,0.75,[],['No investigative action indicated by current signals'],{}
327,0.4,LOW,False,1.0,0.0,0.0,0.0,0.0,False,[],0.0159,0,Maharashtra,Piyush Vedprakash Goyal,MUMBAI NORTH,147000000.0,147000000.0,0.0,0.0,False,1.0,[],['No investigative action indicated by current signals'],{}
328,5.9,LOW,False,7.3,12.0,0.0,0.0,0.0,False,[],0.1221,1,Andhra Pradesh,PRABHAKAR REDDY VEMIREDDY,NELLORE(SC),147000000.0,147000000.0,0.0,0.0,False,0.75,[],['No investigative action indicated by current signals'],{}
329,0.4,LOW,False,1.1,0.0,0.0,0.0,0.0,False,[],0.0179,0,Gujarat,Prabhubhai Nagarbhai Vasava,BARDOLI(ST),147000000.0,147000000.0,0.0,0.0,False,1.0,[],['No investigative action indicated by current signals'],{}
330,0.6,LOW,False,1.5,0.0,0.0,0.0,0.0,False,[],0.0253,0,Assam,Pradan Baruah,LAKHIMPUR,147000000.0,147000000.0,0.0,0.0,False,1.0,[],['No investigative action indicated by current signals'],{}
331,3.0,LOW,False,0.8,0.0,13.2,0.0,0.3309,False,[],0.0135,0,Bihar,Pradeep Kumar Singh,ARARIA,147000000.0,147000000.0,0.0,0.0,False,1.0,[],['No investigative action indicated by current signals'],{}
332,5.2,LOW,False,0.8,12.0,9.2,0.0,0.2311,False,[],0.0128,0,Odisha,PRADEEP PUROHIT,BARGARH,147000000.0,147000000.0,0.0,0.0,False,0.75,[],['No investigative action indicated by current signals'],{}
333,14.0,LOW,False,35.0,0.0,0.0,0.0,0.0,False,"['Allocation is 33% below the full-entitlement benchmark (possible pro-rated term — verify membership dates)', '3/3 anomaly methods agree (ensemble score 0.55)']",0.5462,3,Assam,Pradyut Bordoloi,NOWGONG,98000000.0,147000000.0,-33.333333333333336,0.0,False,1.0,"[{'factor': 'Allocation 33% below entitlement benchmark', 'contribution_points': 14.0, 'support': '₹9.80 cr vs benchmark ₹14.7 cr (3/3 methods agree)'}]",['Verify membership start date (by-election / replaced member) to confirm pro-rating'],{}
334,0.3,LOW,False,0.8,0.0,0.0,0.0,0.0,False,[],0.014,0,Karnataka,Pralhad Venkatesh Joshi,DHARWAD,147000000.0,147000000.0,0.0,0.0,False,1.0,[],['No investigative action indicated by current signals'],{}
335,3.0,LOW,False,0.1,12.0,0.0,0.0,0.0,False,[],0.0014,0,Maharashtra,PRANITI SUSHILKUMAR SHINDE,SOLAPUR(SC),147000000.0,147000000.0,0.0,0.0,False,0.75,[],['No investigative action indicated by current signals'],{}
336,3.7,LOW,False,0.8,0.0,16.8,0.0,0.4211,False,[],0.0132,0,West Bengal,Prasun Banerjee,HOWRAH,147000000.0,147000000.0,0.0,0.0,False,1.0,[],['No investigative action indicated by current signals'],{}
337,6.4,LOW,False,4.8,0.0,0.0,30.0,0.0,False,['Non-round allocation (₹11.00 paise component) suggests interest-bearing balance accrual'],0.0803,1,Odisha,Pratap Chandra Sarangi,BALASORE,147064254.11,147000000.0,0.04371027891156842,11.0,False,1.0,"[{'factor': 'Non-round allocation (interest component)', 'contribution_points': 4.5, 'support': '₹11.00 paise part implies interest-bearing balance accrual'}]",['Reconcile interest accrual on unspent balance with agency bank statements'],{}
338,0.4,LOW,False,1.0,0.0,0.0,0.0,0.0,False,[],0.0159,0,Maharashtra,Prataprao Jadhav,BULDHANA,147000000.0,147000000.0,0.0,0.0,False,1.0,[],['No investigative action indicated by current signals'],{}
339,0.3,LOW,False,0.8,0.0,0.0,0.0,0.0,False,[],0.0132,0,West Bengal,Pratima Mondal,JOYNAGAR(SC),147000000.0,147000000.0,0.0,0.0,False,1.0,[],['No investigative action indicated by current signals'],{}
340,3.6,LOW,False,3.9,0.0,10.1,0.0,0.2532,False,[],0.065,1,Delhi,Praveen Khandelwal,CHANDINI CHOWK,147470276.0,147000000.0,0.3199156462585062,0.0,False,1.0,[],['No investigative action indicated by current signals'],{}
341,21.6,LOW,False,30.0,12.0,10.1,30.5,0.2532,False,['Non-round allocation (₹9.00 paise component) suggests interest-bearing balance accrual'],0.0953,1,Uttar Pradesh,PRAVEEN PATEL,PHULPUR,151559884.09,147000000.0,3.1019619659863995,9.0,False,0.75,"[{'factor': 'Allocation 3% above entitlement benchmark', 'contribution_points': 12.0, 'support': '₹15.16 cr vs benchmark ₹14.7 cr (1/3 methods agree)'}, {'factor': 'Non-round allocation (interest component)', 'contribution_points': 4.6, 'support': '₹9.00 paise part implies interest-bearing balance accrual'}]",['Reconcile interest accrual on unspent balance with agency bank statements'],{}
342,6.0,LOW,False,0.0,12.0,14.8,0.0,0.369,False,[],0.0004,0,Uttar Pradesh,PRIYA SAROJ,MACHHLISHAHR(SC),147000000.0,147000000.0,0.0,0.0,False,0.75,[],['No investigative action indicated by current signals'],{}
343,8.6,LOW,False,21.4,0.0,0.0,0.0,0.0,False,"['Allocation is 17% below the full-entitlement benchmark (possible pro-rated term — verify membership dates)', '3/3 anomaly methods agree (ensemble score 0.36)']",0.3566,3,Kerala,Priyanka Gandhi Vadra,WAYANAD,122500000.0,147000000.0,-16.666666666666664,0.0,False,1.0,"[{'factor': 'Allocation 17% below entitlement benchmark', 'contribution_points': 8.6, 'support': '₹12.25 cr vs benchmark ₹14.7 cr (3/3 methods agree)'}]",['No investigative action indicated by current signals'],{}
344,3.0,LOW,False,0.0,12.0,0.0,0.0,0.0,False,[],0.0001,0,Karnataka,PRIYANKA SATISH JARKIHOLI,CHIKKODI,147000000.0,147000000.0,0.0,0.0,False,0.75,[],['No investigative action indicated by current signals'],{}
345,3.4,LOW,False,0.9,12.0,0.0,0.0,0.0,False,[],0.0143,0,West Bengal,Prof Sougata Ray,DUM DUM,147000000.0,147000000.0,0.0,0.0,False,0.85,[],['No investigative action indicated by current signals'],{}
346,5.5,LOW,False,1.0,12.0,10.7,0.0,0.2674,False,[],0.016,0,Uttar Pradesh,Prof SP Singh Baghel,AGRA(SC),147000000.0,147000000.0,0.0,0.0,False,0.85,[],['No investigative action indicated by current signals'],{}
347,6.0,LOW,False,0.0,12.0,14.8,0.0,0.369,False,[],0.0004,0,Uttar Pradesh,PUSHPENDRA SAROJ,KAUSHAMBI(SC),147000000.0,147000000.0,0.0,0.0,False,0.75,[],['No investigative action indicated by current signals'],{}
348,2.8,LOW,False,7.1,0.0,0.0,0.0,0.0,False,[],0.1182,1,Andhra Pradesh,Putta Mahesh Kumar,ELURU,147000000.0,147000000.0,0.0,0.0,False,1.0,[],['No investigative action indicated by current signals'],{}
349,6.2,LOW,False,0.0,12.0,16.1,0.0,0.4028,False,[],0.0004,0,Uttar Pradesh,R.K. CHAUDHARY,MOHANLALGANJ(SC),147000000.0,147000000.0,0.0,0.0,False,0.75,[],['No investigative action indicated by current signals'],{}
350,8.9,LOW,False,3.4,12.0,0.0,30.0,0.0,False,['Non-round allocation (₹11.00 paise component) suggests interest-bearing balance accrual'],0.0561,1,Odisha,RABINDRA NARAYAN BEHERA,JAJPUR(SC),147064617.11,147000000.0,0.04395721768708505,11.0,False,0.75,"[{'factor': 'Non-round allocation (interest component)', 'contribution_points': 4.5, 'support': '₹11.00 paise part implies interest-bearing balance accrual'}]",['Reconcile interest accrual on unspent balance with agency bank statements'],{}
351,6.3,LOW,False,0.0,12.0,16.5,0.0,0.4136,False,[],0.0,0,West Bengal,RACHNA BANERJEE,HOOGHLY,147000000.0,147000000.0,0.0,0.0,False,0.75,[],['No investigative action indicated by current signals'],{}
352,2.1,LOW,False,0.8,0.0,9.0,0.0,0.2251,False,[],0.0135,0,Bihar,Radha Mohan Singh,PURVI CHAMPARAN,147000000.0,147000000.0,0.0,0.0,False,1.0,[],['No investigative action indicated by current signals'],{}
353,5.0,LOW,False,0.0,12.0,10.2,0.0,0.256,False,[],0.0001,0,Karnataka,RADHAKRISHNA,GULBARGA(SC),147000000.0,147000000.0,0.0,0.0,False,0.75,[],['No investigative action indicated by current signals'],{}
354,19.7,LOW,False,30.0,12.0,0.0,31.3,0.0,False,['Non-round allocation (₹9.00 paise component) suggests interest-bearing balance accrual'],0.1206,1,Chhattisgarh,RADHE SHYAM RATHIYA,RAIGARH(ST),159706972.09,147000000.0,8.644198700680272,9.0,False,0.75,"[{'factor': 'Allocation 9% above entitlement benchmark', 'contribution_points': 12.0, 'support': '₹15.97 cr vs benchmark ₹14.7 cr (1/3 methods agree)'}, {'factor': 'Non-round allocation (interest component)', 'contribution_points': 4.7, 'support': '₹9.00 paise part implies interest-bearing balance accrual'}]",['Reconcile interest accrual on unspent balance with agency bank statements'],{}
355,4.9,LOW,False,0.0,12.0,9.6,0.0,0.2395,False,[],0.0004,0,Uttar Pradesh,RAHUL GANDHI,RAE BARELI,147000000.0,147000000.0,0.0,0.0,False,0.75,[],['No investigative action indicated by current signals'],{}
356,2.2,LOW,False,0.8,0.0,9.6,0.0,0.2395,False,[],0.0133,0,Rajasthan,Rahul Kaswan,CHURU,147000000.0,147000000.0,0.0,0.0,False,1.0,[],['No investigative action indicated by current signals'],{}
357,30.3,MEDIUM,False,50.0,12.0,12.9,31.6,0.3237,False,['Non-round allocation (₹37.00 paise component) suggests interest-bearing balance accrual'],0.1663,1,Madhya Pradesh,RAHUL SINGH LODHI,DAMOH,163058785.37,147000000.0,10.924343789115643,37.0,False,0.75,"[{'factor': 'Allocation 11% above entitlement benchmark', 'contribution_points': 20.0, 'support': '₹16.31 cr vs benchmark ₹14.7 cr (1/3 methods agree)'}, {'factor': 'Non-round allocation (interest component)', 'contribution_points': 4.7, 'support': '₹37.00 paise part implies interest-bearing balance accrual'}]",['Reconcile interest accrual on unspent balance with agency bank statements'],"{'benchmark_ratio': -0.0232, 'log_amount': -0.0111, 'excess_over_benchmark_cr': 0.0063, 'shortfall_ratio': -0.0033, 'paise_component': 0.0663, 'state_deviation_pct': -0.016, 'state_percentile': -0.0034, 'amount_missing_ind': -0.0172, 'name_quality_score': -0.0055}"
358,4.9,LOW,False,0.0,12.0,9.4,0.0,0.236,False,[],0.0,0,Bihar,RAJ BHUSHAN CHOUDHARY,MUZAFFARPUR,147000000.0,147000000.0,0.0,0.0,False,0.75,[],['No investigative action indicated by current signals'],{}
359,4.9,LOW,False,0.0,12.0,9.7,0.0,0.243,False,[],0.0001,0,Rajasthan,RAJ KUMAR ROAT,BANSWARA(ST),147000000.0,147000000.0,0.0,0.0,False,0.75,[],['No investigative action indicated by current signals'],{}
360,4.9,LOW,False,0.0,12.0,9.5,0.0,0.2371,False,[],0.0,0,Bihar,RAJA RAM SINGH,KARAKAT,147000000.0,147000000.0,0.0,0.0,False,0.75,[],['No investigative action indicated by current signals'],{}
361,19.6,LOW,False,30.0,12.0,0.0,30.6,0.0,False,['Non-round allocation (₹11.00 paise component) suggests interest-bearing balance accrual'],0.0942,1,Maharashtra,RAJABHAU,NASHIK,152878682.11,147000000.0,3.99910347619048,11.0,False,0.75,"[{'factor': 'Allocation 4% above entitlement benchmark', 'contribution_points': 12.0, 'support': '₹15.29 cr vs benchmark ₹14.7 cr (1/3 methods agree)'}, {'factor': 'Non-round allocation (interest component)', 'contribution_points': 4.6, 'support': '₹11.00 paise part implies interest-bearing balance accrual'}]",['Reconcile interest accrual on unspent balance with agency bank statements'],{}
362,30.0,MEDIUM,False,50.0,12.0,10.3,33.2,0.258,False,['Non-round allocation (₹11.00 paise component) suggests interest-bearing balance accrual'],0.1876,1,Himachal Pradesh,RAJEEV BHARDWAJ,KANGRA,179388967.11,147000000.0,22.033310959183684,11.0,False,0.75,"[{'factor': 'Allocation 22% above entitlement benchmark', 'contribution_points': 20.0, 'support': '₹17.94 cr vs benchmark ₹14.7 cr (1/3 methods agree)'}, {'factor': 'Non-round allocation (interest component)', 'contribution_points': 5.0, 'support': '₹11.00 paise part implies interest-bearing balance accrual'}]",['Reconcile interest accrual on unspent balance with agency bank statements'],"{'benchmark_ratio': -0.0199, 'log_amount': -0.0132, 'excess_over_benchmark_cr': 0.0144, 'shortfall_ratio': -0.034, 'paise_component': -0.0502, 'state_deviation_pct': -0.0016, 'state_percentile': -0.0134, 'amount_missing_ind': -0.0055, 'name_quality_score': -0.0204}"
363,5.1,LOW,False,0.0,12.0,10.3,0.0,0.258,False,[],0.0004,0,Uttar Pradesh,RAJEEV RAI,GHOSI,147000000.0,147000000.0,0.0,0.0,False,0.75,[],['No investigative action indicated by current signals'],{}
364,3.0,LOW,False,0.0,12.0,0.0,0.0,0.0,False,[],0.0,0,Bihar,RAJESH RANJAN ALIAS PAPPU YADAV,PURNEA,147000000.0,147000000.0,0.0,0.0,False,0.75,[],['No investigative action indicated by current signals'],{}
365,5.0,LOW,False,0.0,12.0,9.8,0.0,0.2461,False,[],0.0,0,Bihar,RAJESH VERMA,KHAGARIA,147000000.0,147000000.0,0.0,0.0,False,0.75,[],['No investigative action indicated by current signals'],{}
366,0.4,LOW,False,1.1,0.0,0.0,0.0,0.0,False,[],0.0179,0,Gujarat,Rajeshbhai Naranbhai Chudasama,JUNAGADH,147000000.0,147000000.0,0.0,0.0,False,1.0,[],['No investigative action indicated by current signals'],{}
367,0.3,LOW,False,0.8,0.0,0.0,0.0,0.0,False,[],0.0135,0,Bihar,Rajiv Pratap Rudy,SARAN,147000000.0,147000000.0,0.0,0.0,False,1.0,[],['No investigative action indicated by current signals'],{}
368,0.3,LOW,False,0.8,0.0,0.0,0.0,0.0,False,[],0.0135,0,Bihar,Rajiv Ranjan (Lalan) Singh,MUNGER,147000000.0,147000000.0,0.0,0.0,False,1.0,[],['No investigative action indicated by current signals'],{}
369,3.5,LOW,False,0.9,0.0,15.8,0.0,0.3955,False,[],0.0151,0,Uttar Pradesh,Rajkumar Chahar,FATEHPUR SIKRI,147000000.0,147000000.0,0.0,0.0,False,1.0,[],['No investigative action indicated by current signals'],{}
370,16.6,LOW,False,30.0,0.0,0.0,30.8,0.0,False,['Non-round allocation (₹11.00 paise component) suggests interest-bearing balance accrual'],0.1182,1,Uttar Pradesh,Rajnath Singh,LUCKNOW,154808797.11,147000000.0,5.312106877551037,11.0,False,1.0,"[{'factor': 'Allocation 5% above entitlement benchmark', 'contribution_points': 12.0, 'support': '₹15.48 cr vs benchmark ₹14.7 cr (1/3 methods agree)'}, {'factor': 'Non-round allocation (interest component)', 'contribution_points': 4.6, 'support': '₹11.00 paise part implies interest-bearing balance accrual'}]",['Reconcile interest accrual on unspent balance with agency bank statements'],{}
371,3.1,LOW,False,0.2,12.0,0.0,0.0,0.0,False,[],0.0034,0,Gujarat,RAJPALSINH MAHENDRASINH JADAV,PANCHMAHAL,147000000.0,147000000.0,0.0,0.0,False,0.75,[],['No investigative action indicated by current signals'],{}
372,0.3,LOW,False,0.8,0.0,0.0,0.0,0.0,False,[],0.0132,0,West Bengal,Raju Bista,DARJEELING,147000000.0,147000000.0,0.0,0.0,False,1.0,[],['No investigative action indicated by current signals'],{}
373,3.0,LOW,False,0.0,12.0,0.0,0.0,0.0,False,[],0.0004,0,Uttar Pradesh,RAKESH RATHOR,SITAPUR,147000000.0,147000000.0,0.0,0.0,False,0.75,[],['No investigative action indicated by current signals'],{}
374,3.2,LOW,False,0.5,12.0,0.0,0.0,0.0,False,[],0.0083,0,Assam,RAKIBUL HUSSAIN,DHUBRI,147000000.0,147000000.0,0.0,0.0,False,0.75,[],['No investigative action indicated by current signals'],{}
375,39.6,MEDIUM,False,70.0,12.0,16.1,35.7,0.4028,False,"['Allocation is 39% above the ₹14.7 cr full-entitlement benchmark', 'Non-round allocation (₹11.00 paise component) suggests interest-bearing balance accrual', '2/3 anomaly methods agree (ensemble score 0.29)']",0.2904,2,Uttar Pradesh,RAM PRASAD CHAUDHARY,BASTI,204176957.11,147000000.0,38.8958891904762,11.0,False,0.75,"[{'factor': 'Allocation 39% above entitlement benchmark', 'contribution_points': 28.0, 'support': '₹20.42 cr vs benchmark ₹14.7 cr (2/3 methods agree)'}, {'factor': 'Non-round allocation (interest component)', 'contribution_points': 5.4, 'support': '₹11.00 paise part implies interest-bearing balance accrual'}]","['Review sanction ledger for carry-forward/unspent balances explaining the excess', 'Reconcile interest accrual on unspent balance with agency bank statements']","{'benchmark_ratio': 0.019, 'log_amount': 0.0194, 'excess_over_benchmark_cr': 0.0415, 'shortfall_ratio': -0.0026, 'paise_component': -0.0105, 'state_deviation_pct': 0.0304, 'state_percentile': 0.0019, 'amount_missing_ind': 0.0036, 'name_quality_score': -0.0033}"
376,16.6,LOW,False,30.0,0.0,0.0,30.5,0.0,False,['Non-round allocation (₹11.00 paise component) suggests interest-bearing balance accrual'],0.1081,1,Uttar Pradesh,Ram Shiromani,SHRAWASTI,151746878.11,147000000.0,3.229168782312941,11.0,False,1.0,"[{'factor': 'Allocation 3% above entitlement benchmark', 'contribution_points': 12.0, 'support': '₹15.17 cr vs benchmark ₹14.7 cr (1/3 methods agree)'}, {'factor': 'Non-round allocation (interest component)', 'contribution_points': 4.6, 'support': '₹11.00 paise part implies interest-bearing balance accrual'}]",['Reconcile interest accrual on unspent balance with agency bank statements'],{}
377,3.2,LOW,False,0.5,12.0,0.0,0.0,0.0,False,[],0.0077,0,Telangana,RAMASAHAYAM RAGHURAM REDDY,KHAMMAM,147000000.0,147000000.0,0.0,0.0,False,0.75,[],['No investigative action indicated by current signals'],{}
378,19.7,LOW,False,30.0,12.0,0.0,31.3,0.0,False,['Non-round allocation (₹7.00 paise component) suggests interest-bearing balance accrual'],0.1226,1,Uttar Pradesh,RAMASHANKAR RAJBHAR,SALEMPUR,160056927.07,147000000.0,8.882263312925165,7.0,False,0.75,"[{'factor': 'Allocation 9% above entitlement benchmark', 'contribution_points': 12.0, 'support': '₹16.01 cr vs benchmark ₹14.7 cr (1/3 methods agree)'}, {'factor': 'Non-round allocation (interest component)', 'contribution_points': 4.7, 'support': '₹7.00 paise part implies interest-bearing balance accrual'}]",['Reconcile interest accrual on unspent balance with agency bank statements'],{}
379,19.6,LOW,False,30.0,12.0,0.0,30.4,0.0,False,['Non-round allocation (₹11.00 paise component) suggests interest-bearing balance accrual'],0.0887,1,Uttar Pradesh,RAMBHUAL NISHAD,SULTANPUR,151231957.11,147000000.0,2.8788823877551106,11.0,False,0.75,"[{'factor': 'Allocation 3% above entitlement benchmark', 'contribution_points': 12.0, 'support': '₹15.12 cr vs benchmark ₹14.7 cr (1/3 methods agree)'}, {'factor': 'Non-round allocation (interest component)', 'contribution_points': 4.6, 'support': '₹11.00 paise part implies interest-bearing balance accrual'}]",['Reconcile interest accrual on unspent balance with agency bank statements'],{}
380,3.0,LOW,False,0.0,12.0,0.0,0.0,0.0,False,[],0.0004,0,Uttar Pradesh,RAMESH AWASTHI,KANPUR,147000000.0,147000000.0,0.0,0.0,False,0.75,[],['No investigative action indicated by current signals'],{}
381,36.0,MEDIUM,False,90.0,0.0,0.0,0.0,0.0,False,"['Allocation is 83% above the ₹14.7 cr full-entitlement benchmark', '2/3 anomaly methods agree (ensemble score 0.51)']",0.5059,2,Karnataka,Ramesh Chandappa Jigajinagi,BIJAPUR(SC),269500000.0,147000000.0,83.33333333333333,0.0,False,1.0,"[{'factor': 'Allocation 83% above entitlement benchmark', 'contribution_points': 36.0, 'support': '₹26.95 cr vs benchmark ₹14.7 cr (2/3 methods agree)'}]",['Review sanction ledger for carry-forward/unspent balances explaining the excess'],"{'benchmark_ratio': 0.0036, 'log_amount': 0.0156, 'excess_over_benchmark_cr': 0.0582, 'shortfall_ratio': -0.001, 'paise_component': -0.0112, 'state_deviation_pct': -0.0032, 'state_percentile': -0.0, 'amount_missing_ind': 0.0041, 'name_quality_score': 0.0253}"
382,0.3,LOW,False,0.8,0.0,0.0,0.0,0.0,False,[],0.0135,0,Bihar,Ramprit Mandal,JHANJHARPUR,147000000.0,147000000.0,0.0,0.0,False,1.0,[],['No investigative action indicated by current signals'],{}
383,1.5,LOW,False,3.8,0.0,0.0,0.0,0.0,False,[],0.0633,1,Delhi,Ramvir Singh Bidhuri,SOUTH DELHI,147559100.0,147000000.0,0.3803401360544134,0.0,False,1.0,[],['No investigative action indicated by current signals'],{}
384,3.2,LOW,False,0.5,12.0,0.0,0.0,0.0,False,[],0.0083,0,Assam,RANJIT DUTTA,Sonitpur,147000000.0,147000000.0,0.0,0.0,False,0.75,[],['No investigative action indicated by current signals'],{}
385,2.5,LOW,False,1.3,0.0,9.9,0.0,0.2483,False,[],0.0211,0,Haryana,Rao Inderjit Singh,GURGAON,147000000.0,147000000.0,0.0,0.0,False,1.0,[],['No investigative action indicated by current signals'],{}
386,2.3,LOW,False,0.8,0.0,9.9,0.0,0.2483,False,[],0.0133,0,Rajasthan,Rao Rajendra Singh,JAIPUR RURAL,147000000.0,147000000.0,0.0,0.0,False,1.0,[],['No investigative action indicated by current signals'],{}
387,0.3,LOW,False,0.8,0.0,0.0,0.0,0.0,False,[],0.0135,0,Bihar,Ravi Shankar Prasad,PATNA SAHIB,147000000.0,147000000.0,0.0,0.0,False,1.0,[],['No investigative action indicated by current signals'],{}
388,3.0,LOW,False,0.1,12.0,0.0,0.0,0.0,False,[],0.0014,0,Maharashtra,RAVINDRA DATTARAM WAIKAR,MUMBAI NORTH WEST,147000000.0,147000000.0,0.0,0.0,False,0.75,[],['No investigative action indicated by current signals'],{}
389,0.4,LOW,False,0.9,0.0,0.0,0.0,0.0,False,[],0.0151,0,Uttar Pradesh,Ravindra Shyamnarayan Alias Ravi Kishan Shukla,GORAKHPUR,147000000.0,147000000.0,0.0,0.0,False,1.0,[],['No investigative action indicated by current signals'],{}
390,15.7,LOW,False,1.0,0.0,76.3,0.0,0.7633,True,[],0.0159,0,Maharashtra,Ravindra Vasantrao Chavan,NANDED,147000000.0,147000000.0,0.0,0.0,False,1.0,"[{'factor': 'Potential duplicate member record', 'contribution_points': 15.3, 'support': 'similar record similarity 0.76 — REQUIRES VERIFICATION'}]",['Cross-check the matched record — confirm whether two roster entries exist in error'],{}
391,4.5,LOW,False,3.7,12.0,0.0,0.0,0.0,False,[],0.0624,0,Mizoram,RICHARD VANLALHMANGAIHA,MIZORAM (ST),147000000.0,147000000.0,0.0,0.0,False,0.75,[],['No investigative action indicated by current signals'],{}
392,9.1,LOW,False,3.9,12.0,0.0,30.0,0.0,False,['Non-round allocation (₹11.00 paise component) suggests interest-bearing balance accrual'],0.0653,1,Tamil Nadu,ROBERT BRUCE C,TIRUNELVELI,147475440.11,147000000.0,0.32342864625851675,11.0,False,0.75,"[{'factor': 'Non-round allocation (interest component)', 'contribution_points': 4.5, 'support': '₹11.00 paise part implies interest-bearing balance accrual'}]",['Reconcile interest accrual on unspent balance with agency bank statements'],{}
393,0.4,LOW,False,1.1,0.0,0.0,0.0,0.0,False,[],0.0183,0,Madhya Pradesh,Rodmal Nagar,RAJGARH,147000000.0,147000000.0,0.0,0.0,False,1.0,[],['No investigative action indicated by current signals'],{}
394,16.9,LOW,False,30.0,12.0,9.3,0.0,0.2335,False,[],0.1044,1,Chhattisgarh,ROOP KUMARI CHOUDHARY,MAHASAMUND,153035414.0,147000000.0,4.105723809523809,0.0,False,0.75,"[{'factor': 'Allocation 4% above entitlement benchmark', 'contribution_points': 12.0, 'support': '₹15.30 cr vs benchmark ₹14.7 cr (1/3 methods agree)'}]",['No investigative action indicated by current signals'],{}
395,3.0,LOW,False,0.0,12.0,0.0,0.0,0.0,False,[],0.0004,0,Uttar Pradesh,RUCHI VIRA,MORADABAD,147000000.0,147000000.0,0.0,0.0,False,0.75,[],['No investigative action indicated by current signals'],{}
396,19.6,LOW,False,30.0,12.0,0.0,30.8,0.0,False,['Non-round allocation (₹11.00 paise component) suggests interest-bearing balance accrual'],0.1028,1,Odisha,RUDRA NARAYAN PANY,DHENKANAL,155013957.11,147000000.0,5.4516715034013785,11.0,False,0.75,"[{'factor': 'Allocation 5% above entitlement benchmark', 'contribution_points': 12.0, 'support': '₹15.50 cr vs benchmark ₹14.7 cr (1/3 methods agree)'}, {'factor': 'Non-round allocation (interest component)', 'contribution_points': 4.6, 'support': '₹11.00 paise part implies interest-bearing balance accrual'}]",['Reconcile interest accrual on unspent balance with agency bank statements'],{}
397,4.5,LOW,False,3.7,12.0,0.0,0.0,0.0,False,[],0.0624,0,Nagaland,S SUPONGMEREN JAMIR,NAGALAND,147000000.0,147000000.0,0.0,0.0,False,0.75,[],['No investigative action indicated by current signals'],{}
398,0.8,LOW,False,2.0,0.0,0.0,0.0,0.0,False,[],0.0332,0,Tamil Nadu,S Venkatesan,MADURAI,147000000.0,147000000.0,0.0,0.0,False,1.0,[],['No investigative action indicated by current signals'],{}
399,25.0,MEDIUM,False,50.0,0.0,0.0,33.4,0.0,False,['Non-round allocation (₹34.00 paise component) suggests interest-bearing balance accrual'],0.235,1,Tamil Nadu,S. Jagathrakshakan,ARAKKONAM,180589332.34,147000000.0,22.84988594557824,34.0,False,1.0,"[{'factor': 'Allocation 23% above entitlement benchmark', 'contribution_points': 20.0, 'support': '₹18.06 cr vs benchmark ₹14.7 cr (1/3 methods agree)'}, {'factor': 'Non-round allocation (interest component)', 'contribution_points': 5.0, 'support': '₹34.00 paise part implies interest-bearing balance accrual'}]",['Reconcile interest accrual on unspent balance with agency bank statements'],"{'benchmark_ratio': -0.0281, 'log_amount': -0.0257, 'excess_over_benchmark_cr': 0.0013, 'shortfall_ratio': -0.003, 'paise_component': 0.0298, 'state_deviation_pct': -0.0071, 'state_percentile': -0.0101, 'amount_missing_ind': -0.0158, 'name_quality_score': 0.0287}"
400,3.6,LOW,False,1.4,12.0,0.0,0.0,0.0,False,[],0.0238,0,Tamil Nadu,SACHITHANANTHAM R,DINDIGUL,147000000.0,147000000.0,0.0,0.0,False,0.75,[],['No investigative action indicated by current signals'],{}
401,3.0,LOW,False,0.0,12.0,0.0,0.0,0.0,False,[],0.0001,0,Karnataka,SAGAR ESHWAR KHANDRE,BIDAR,147000000.0,147000000.0,0.0,0.0,False,0.75,[],['No investigative action indicated by current signals'],{}
402,5.5,LOW,False,6.3,12.0,0.0,0.0,0.0,False,[],0.105,0,Meghalaya,SALENG A SANGMA,TURA,147000000.0,147000000.0,0.0,0.0,False,0.75,[],['No investigative action indicated by current signals'],{}
403,3.3,LOW,False,0.8,12.0,0.0,0.0,0.0,False,[],0.0128,0,Odisha,SAMBIT PATRA,PURI,147000000.0,147000000.0,0.0,0.0,False,0.75,[],['No investigative action indicated by current signals'],{}
404,30.0,MEDIUM,False,50.0,12.0,9.8,33.3,0.2444,False,['Non-round allocation (₹40.00 paise component) suggests interest-bearing balance accrual'],0.2147,1,Uttar Pradesh,SANATAN PANDEY,BALLIA,180420041.4,147000000.0,22.734722040816322,40.0,False,0.75,"[{'factor': 'Allocation 23% above entitlement benchmark', 'contribution_points': 20.0, 'support': '₹18.04 cr vs benchmark ₹14.7 cr (1/3 methods agree)'}, {'factor': 'Non-round allocation (interest component)', 'contribution_points': 5.0, 'support': '₹40.00 paise part implies interest-bearing balance accrual'}]",['Reconcile interest accrual on unspent balance with agency bank statements'],"{'benchmark_ratio': -0.0213, 'log_amount': -0.0157, 'excess_over_benchmark_cr': -0.0081, 'shortfall_ratio': -0.0324, 'paise_component': 0.0385, 'state_deviation_pct': -0.0257, 'state_percentile': -0.0418, 'amount_missing_ind': -0.0202, 'name_quality_score': -0.0382}"
405,4.7,LOW,False,0.1,12.0,8.5,0.0,0.2128,False,[],0.0014,0,Maharashtra,SANJAY DINA PATIL,MUMBAI NORTH EAST,147000000.0,147000000.0,0.0,0.0,False,0.75,[],['No investigative action indicated by current signals'],{}
406,0.4,LOW,False,1.0,0.0,0.0,0.0,0.0,False,[],0.0159,0,Maharashtra,Sanjay Haribhau Jadhav,PARBHANI,147000000.0,147000000.0,0.0,0.0,False,1.0,[],['No investigative action indicated by current signals'],{}
407,2.6,LOW,False,0.8,0.0,11.4,0.0,0.2855,False,[],0.0135,0,Bihar,Sanjay Jaiswal,PASCHIM CHAMPARAN,147000000.0,147000000.0,0.0,0.0,False,1.0,[],['No investigative action indicated by current signals'],{}
408,24.9,LOW,False,50.0,0.0,0.0,32.6,0.0,False,['Non-round allocation (₹11.00 paise component) suggests interest-bearing balance accrual'],0.179,1,Telangana,Sanjay Kumar Bandi,KARIMNAGAR,172775317.11,147000000.0,17.534229326530614,11.0,False,1.0,"[{'factor': 'Allocation 18% above entitlement benchmark', 'contribution_points': 20.0, 'support': '₹17.28 cr vs benchmark ₹14.7 cr (1/3 methods agree)'}, {'factor': 'Non-round allocation (interest component)', 'contribution_points': 4.9, 'support': '₹11.00 paise part implies interest-bearing balance accrual'}]",['Reconcile interest accrual on unspent balance with agency bank statements'],"{'benchmark_ratio': -0.0302, 'log_amount': -0.023, 'excess_over_benchmark_cr': -0.0064, 'shortfall_ratio': -0.025, 'paise_component': -0.0613, 'state_deviation_pct': -0.0091, 'state_percentile': -0.0054, 'amount_missing_ind': -0.0143, 'name_quality_score': 0.0165}"
409,8.3,LOW,False,4.8,0.0,9.2,30.0,0.23,False,['Non-round allocation (₹11.00 paise component) suggests interest-bearing balance accrual'],0.0804,1,Jharkhand,Sanjay Seth,RANCHI,147064357.11,147000000.0,0.04378034693879318,11.0,False,1.0,"[{'factor': 'Non-round allocation (interest component)', 'contribution_points': 4.5, 'support': '₹11.00 paise part implies interest-bearing balance accrual'}]",['Reconcile interest accrual on unspent balance with agency bank statements'],{}
410,28.0,MEDIUM,False,70.0,0.0,0.0,0.0,0.0,False,['Allocation is 26% above the ₹14.7 cr full-entitlement benchmark'],0.2404,1,Maharashtra,Sanjay Uttamrao Deshmukh,YAVATMAL-WASHIM,185640423.0,147000000.0,26.286002040816324,0.0,False,1.0,"[{'factor': 'Allocation 26% above entitlement benchmark', 'contribution_points': 28.0, 'support': '₹18.56 cr vs benchmark ₹14.7 cr (1/3 methods agree)'}]",['Review sanction ledger for carry-forward/unspent balances explaining the excess'],"{'benchmark_ratio': -0.0147, 'log_amount': 0.0075, 'excess_over_benchmark_cr': 0.023, 'shortfall_ratio': 0.0131, 'paise_component': 0.0028, 'state_deviation_pct': 0.0153, 'state_percentile': 0.0052, 'amount_missing_ind': -0.0023, 'name_quality_score': 0.0568}"
411,3.0,LOW,False,0.0,12.0,0.0,0.0,0.0,False,[],0.0001,0,Rajasthan,SANJNA JATAV,BHARATPUR(SC),147000000.0,147000000.0,0.0,0.0,False,0.75,[],['No investigative action indicated by current signals'],{}
412,3.8,LOW,False,4.7,0.0,9.8,0.0,0.2444,False,[],0.0786,1,Chhattisgarh,Santosh Pandey,RAJNANDGAON,147000000.0,147000000.0,0.0,0.0,False,1.0,[],['No investigative action indicated by current signals'],{}
413,36.0,MEDIUM,False,90.0,0.0,0.0,0.0,0.0,False,"['Allocation is 83% above the ₹14.7 cr full-entitlement benchmark', '2/3 anomaly methods agree (ensemble score 0.51)']",0.5059,2,Odisha,Saptagiri Sankar Ulaka,KORAPUT(ST),269500000.0,147000000.0,83.33333333333333,0.0,False,1.0,"[{'factor': 'Allocation 83% above entitlement benchmark', 'contribution_points': 36.0, 'support': '₹26.95 cr vs benchmark ₹14.7 cr (2/3 methods agree)'}]",['Review sanction ledger for carry-forward/unspent balances explaining the excess'],"{'benchmark_ratio': 0.0036, 'log_amount': 0.0156, 'excess_over_benchmark_cr': 0.0582, 'shortfall_ratio': -0.001, 'paise_component': -0.0112, 'state_deviation_pct': -0.0032, 'state_percentile': -0.0, 'amount_missing_ind': 0.0041, 'name_quality_score': 0.0253}"
414,19.6,LOW,False,30.0,12.0,0.0,30.4,0.0,False,['Non-round allocation (₹15.00 paise component) suggests interest-bearing balance accrual'],0.1075,1,Punjab,SARABJEET SINGH KHALSA,FARIDKOT(SC),150850348.15,147000000.0,2.6192844557823225,15.0,False,0.75,"[{'factor': 'Allocation 3% above entitlement benchmark', 'contribution_points': 12.0, 'support': '₹15.09 cr vs benchmark ₹14.7 cr (1/3 methods agree)'}, {'factor': 'Non-round allocation (interest component)', 'contribution_points': 4.6, 'support': '₹15.00 paise part implies interest-bearing balance accrual'}]",['Reconcile interest accrual on unspent balance with agency bank statements'],{}
415,20.0,LOW,False,50.0,0.0,0.0,0.0,0.0,False,[],0.1786,1,Tamil Nadu,Sasikanth Senthil,TIRUVALLUR(SC),171500000.0,147000000.0,16.666666666666675,0.0,False,1.0,"[{'factor': 'Allocation 17% above entitlement benchmark', 'contribution_points': 20.0, 'support': '₹17.15 cr vs benchmark ₹14.7 cr (1/3 methods agree)'}]",['No investigative action indicated by current signals'],"{'benchmark_ratio': -0.0109, 'log_amount': -0.0013, 'excess_over_benchmark_cr': 0.0251, 'shortfall_ratio': -0.0007, 'paise_component': -0.0057, 'state_deviation_pct': -0.0076, 'state_percentile': -0.0026, 'amount_missing_ind': -0.009, 'name_quality_score': 0.034}"
416,3.1,LOW,False,0.3,12.0,0.0,0.0,0.0,False,[],0.0057,0,Haryana,SATPAL BRAHAMCHARI,SONEPAT,147000000.0,147000000.0,0.0,0.0,False,0.75,[],['No investigative action indicated by current signals'],{}
417,0.3,LOW,False,0.8,0.0,0.0,0.0,0.0,False,[],0.0132,0,West Bengal,Saumitra khan,BISHNUPUR(SC),147000000.0,147000000.0,0.0,0.0,False,1.0,[],['No investigative action indicated by current signals'],{}
418,4.9,LOW,False,0.3,12.0,9.0,0.0,0.2241,False,[],0.0046,0,Madhya Pradesh,SAVITRI THAKUR,DHAR(ST),147000000.0,147000000.0,0.0,0.0,False,0.75,[],['No investigative action indicated by current signals'],{}
419,3.0,LOW,False,0.0,12.0,0.0,0.0,0.0,False,[],0.0,0,West Bengal,SAYANI GHOSH,JADAVPUR,147000000.0,147000000.0,0.0,0.0,False,0.75,[],['No investigative action indicated by current signals'],{}
420,3.1,LOW,False,0.3,12.0,0.0,0.0,0.0,False,[],0.0057,0,Haryana,SELJA,SIRSA(SC),147000000.0,147000000.0,0.0,0.0,False,0.75,[],['No investigative action indicated by current signals'],{}
421,3.6,LOW,False,1.4,12.0,0.0,0.0,0.0,False,[],0.0238,0,Tamil Nadu,SELVAGANAPATHI T M,SALEM,147000000.0,147000000.0,0.0,0.0,False,0.75,[],['No investigative action indicated by current signals'],{}
422,3.6,LOW,False,1.4,12.0,0.0,0.0,0.0,False,[],0.0238,0,Tamil Nadu,SELVARAJ V,NAGAPATTINAM(SC),147000000.0,147000000.0,0.0,0.0,False,0.75,[],['No investigative action indicated by current signals'],{}
423,3.0,LOW,False,0.1,12.0,0.0,0.0,0.0,False,[],0.0023,0,Kerala,SHAFI PARAMBIL,VADAKARA,147000000.0,147000000.0,0.0,0.0,False,0.75,[],['No investigative action indicated by current signals'],{}
424,3.0,LOW,False,0.0,12.0,0.0,0.0,0.0,False,[],0.0,0,Bihar,SHAMBHAVI,SAMASTIPUR(SC),147000000.0,147000000.0,0.0,0.0,False,0.75,[],['No investigative action indicated by current signals'],{}
425,0.4,LOW,False,1.1,0.0,0.0,0.0,0.0,False,[],0.0183,0,Madhya Pradesh,Shankar Lalwani,INDORE,147000000.0,147000000.0,0.0,0.0,False,1.0,[],['No investigative action indicated by current signals'],{}
426,3.0,LOW,False,0.0,12.0,0.0,0.0,0.0,False,[],0.0004,0,Uttar Pradesh,SHASHANK MANI,DEORIA,147000000.0,147000000.0,0.0,0.0,False,0.75,[],['No investigative action indicated by current signals'],{}
427,0.3,LOW,False,0.8,0.0,0.0,0.0,0.0,False,[],0.0132,0,West Bengal,Shatrughan Sinha,ASANSOL,147000000.0,147000000.0,0.0,0.0,False,1.0,[],['No investigative action indicated by current signals'],{}
428,3.0,LOW,False,0.1,12.0,0.0,0.0,0.0,False,[],0.0014,0,Punjab,SHER SINGH GHUBAYA,FIROZPUR,147000000.0,147000000.0,0.0,0.0,False,0.75,[],['No investigative action indicated by current signals'],{}
429,3.1,LOW,False,0.3,12.0,0.0,0.0,0.0,False,[],0.0046,0,Madhya Pradesh,SHIVMANGAL SINGH TOMAR,MORENA,147000000.0,147000000.0,0.0,0.0,False,0.75,[],['No investigative action indicated by current signals'],{}
430,3.1,LOW,False,0.3,12.0,0.0,0.0,0.0,False,[],0.0046,0,Madhya Pradesh,SHIVRAJ SINGH CHOUHAN,VIDISHA,147000000.0,147000000.0,0.0,0.0,False,0.75,[],['No investigative action indicated by current signals'],{}
431,3.0,LOW,False,0.0,12.0,0.0,0.0,0.0,False,[],0.0001,0,Karnataka,SHOBHA KARANDLAJE,BANGALORE NORTH,147000000.0,147000000.0,0.0,0.0,False,0.75,[],['No investigative action indicated by current signals'],{}
432,3.1,LOW,False,0.2,12.0,0.0,0.0,0.0,False,[],0.0034,0,Gujarat,SHOBHANABEN MAHENDRASINH BARAIYA,SABARKANTHA,147000000.0,147000000.0,0.0,0.0,False,0.75,[],['No investigative action indicated by current signals'],{}
433,3.0,LOW,False,0.0,12.0,0.0,0.0,0.0,False,[],0.0001,0,Karnataka,SHREYAS. M. PATEL,HASSAN,147000000.0,147000000.0,0.0,0.0,False,0.75,[],['No investigative action indicated by current signals'],{}
434,3.1,LOW,False,0.3,12.0,0.0,0.0,0.0,False,[],0.0057,0,Haryana,Shri Dharambir Singh,BHIWANI MAHENDRAGARH,147000000.0,147000000.0,0.0,0.0,False,0.75,[],['No investigative action indicated by current signals'],{}
435,6.6,LOW,False,0.9,12.0,16.0,0.0,0.4003,False,[],0.0143,0,West Bengal,Shri Abhishek Banerjee,DIAMOND HARBOUR,147000000.0,147000000.0,0.0,0.0,False,0.85,[],['No investigative action indicated by current signals'],{}
436,5.2,LOW,False,1.0,12.0,9.0,0.0,0.2256,False,[],0.0174,0,Punjab,Shri Amar Singh,FATEHGARH SAHIB(SC),147000000.0,147000000.0,0.0,0.0,False,0.85,[],['No investigative action indicated by current signals'],{}
437,3.5,LOW,False,1.2,12.0,0.0,0.0,0.0,False,[],0.0192,0,Gujarat,Shri Amit Shah,GANDHINAGAR,147000000.0,147000000.0,0.0,0.0,False,0.85,[],['No investigative action indicated by current signals'],{}
438,3.5,LOW,False,1.3,12.0,0.0,0.0,0.0,False,[],0.0214,0,Madhya Pradesh,Shri Anil Firojiya,UJJAIN(SC),147000000.0,147000000.0,0.0,0.0,False,0.85,[],['No investigative action indicated by current signals'],{}
439,3.4,LOW,False,0.9,12.0,0.0,0.0,0.0,False,[],0.0145,0,Rajasthan,Shri Arjun Ram Meghwal,BIKANER(SC),147000000.0,147000000.0,0.0,0.0,False,0.85,[],['No investigative action indicated by current signals'],{}
440,3.4,LOW,False,1.0,12.0,0.0,0.0,0.0,False,[],0.016,0,Uttar Pradesh,Shri Arun Kumar Sagar,SHAHJAHANPUR(SC),147000000.0,147000000.0,0.0,0.0,False,0.85,[],['No investigative action indicated by current signals'],{}
441,3.4,LOW,False,0.9,12.0,0.0,0.0,0.0,False,[],0.0156,0,Karnataka,Shri B Y Raghavendra,SHIMOGA,147000000.0,147000000.0,0.0,0.0,False,0.85,[],['No investigative action indicated by current signals'],{}
442,3.4,LOW,False,1.1,12.0,0.0,0.0,0.0,False,[],0.0186,0,Kerala,Shri Benny Behanan,CHALAKUDY,147000000.0,147000000.0,0.0,0.0,False,0.85,[],['No investigative action indicated by current signals'],{}
443,3.7,LOW,False,1.8,12.0,0.0,0.0,0.0,False,[],0.0302,0,Odisha,Shri Bhartruhari Mahtab,CUTTACK,147000000.0,147000000.0,0.0,0.0,False,0.85,[],['No investigative action indicated by current signals'],{}
444,6.3,LOW,False,1.7,12.0,13.2,0.0,0.3303,False,[],0.0291,0,Jharkhand,Shri Chandra Prakash Choudhary,GIRIDIH,147000000.0,147000000.0,0.0,0.0,False,0.85,[],['No investigative action indicated by current signals'],{}
445,31.0,MEDIUM,False,70.0,12.0,0.0,0.0,0.0,False,"['Allocation is 37% above the ₹14.7 cr full-entitlement benchmark', '2/3 anomaly methods agree (ensemble score 0.29)']",0.294,2,West Bengal,Shri Deepak (Dev) Adhikari,GHATAL,200747364.0,147000000.0,36.562832653061214,0.0,False,0.85,"[{'factor': 'Allocation 37% above entitlement benchmark', 'contribution_points': 28.0, 'support': '₹20.07 cr vs benchmark ₹14.7 cr (2/3 methods agree)'}]",['Review sanction ledger for carry-forward/unspent balances explaining the excess'],"{'benchmark_ratio': -0.0109, 'log_amount': 0.0081, 'excess_over_benchmark_cr': 0.0257, 'shortfall_ratio': -0.0053, 'paise_component': -0.0057, 'state_deviation_pct': 0.0051, 'state_percentile': 0.0014, 'amount_missing_ind': 0.0053, 'name_quality_score': 0.0219}"
446,3.4,LOW,False,1.0,12.0,0.0,0.0,0.0,False,[],0.0174,0,Punjab,Shri Gurjeet Singh Aujla,AMRITSAR,147000000.0,147000000.0,0.0,0.0,False,0.85,[],['No investigative action indicated by current signals'],{}
447,6.3,LOW,False,0.9,12.0,14.8,0.0,0.3701,False,[],0.0145,0,Rajasthan,Shri Hanuman Beniwal,NAGAUR,147000000.0,147000000.0,0.0,0.0,False,0.85,[],['No investigative action indicated by current signals'],{}
448,27.7,MEDIUM,False,50.0,12.0,0.0,31.5,0.0,False,['Non-round allocation (₹11.00 paise component) suggests interest-bearing balance accrual'],0.1368,1,Kerala,Shri Hibi Eden,ERNAKULAM,162177260.11,147000000.0,10.324666741496614,11.0,False,0.85,"[{'factor': 'Allocation 10% above entitlement benchmark', 'contribution_points': 20.0, 'support': '₹16.22 cr vs benchmark ₹14.7 cr (1/3 methods agree)'}, {'factor': 'Non-round allocation (interest component)', 'contribution_points': 4.7, 'support': '₹11.00 paise part implies interest-bearing balance accrual'}]",['Reconcile interest accrual on unspent balance with agency bank statements'],"{'benchmark_ratio': -0.0334, 'log_amount': -0.0231, 'excess_over_benchmark_cr': -0.0072, 'shortfall_ratio': -0.0306, 'paise_component': -0.0565, 'state_deviation_pct': -0.0318, 'state_percentile': 0.0099, 'amount_missing_ind': -0.0152, 'name_quality_score': 0.0147}"
449,5.1,LOW,False,0.9,12.0,8.9,0.0,0.2237,False,[],0.015,0,Bihar,Shri Janardan Singh Sigriwal,MAHARAJGANJ_BR,147000000.0,147000000.0,0.0,0.0,False,0.85,[],['No investigative action indicated by current signals'],{}
450,27.9,MEDIUM,False,50.0,12.0,0.0,32.6,0.0,False,"['Non-round allocation (₹91.00 paise component) suggests interest-bearing balance accrual', '2/3 anomaly methods agree (ensemble score 0.25)']",0.2456,2,Odisha,Shri Jual Oram,SUNDARGARH (ST),173096756.91,147000000.0,17.75289585714286,91.0,False,0.85,"[{'factor': 'Allocation 18% above entitlement benchmark', 'contribution_points': 20.0, 'support': '₹17.31 cr vs benchmark ₹14.7 cr (2/3 methods agree)'}, {'factor': 'Non-round allocation (interest component)', 'contribution_points': 4.9, 'support': '₹91.00 paise part implies interest-bearing balance accrual'}]",['Reconcile interest accrual on unspent balance with agency bank statements'],"{'benchmark_ratio': -0.0542, 'log_amount': -0.0357, 'excess_over_benchmark_cr': -0.0152, 'shortfall_ratio': -0.0193, 'paise_component': 0.1593, 'state_deviation_pct': -0.0733, 'state_percentile': -0.0461, 'amount_missing_ind': -0.0357, 'name_quality_score': -0.016}"
451,3.8,LOW,False,2.0,12.0,0.0,0.0,0.0,False,[],0.0328,0,Jammu And Kashmir,Shri Jugal Kishore Sharma,JAMMU,147000000.0,147000000.0,0.0,0.0,False,0.85,[],['No investigative action indicated by current signals'],{}
452,3.4,LOW,False,0.9,12.0,0.0,0.0,0.0,False,[],0.0143,0,West Bengal,Shri Jyotirmay Singh Mahato,PURULIA,147000000.0,147000000.0,0.0,0.0,False,0.85,[],['No investigative action indicated by current signals'],{}
453,19.7,LOW,False,30.0,12.0,0.0,31.2,0.0,False,['Non-round allocation (₹11.00 paise component) suggests interest-bearing balance accrual'],0.137,1,Tamil Nadu,Shri Karti P Chidambaram,SIVAGANGA,159049284.11,147000000.0,8.196791911564638,11.0,False,0.85,"[{'factor': 'Allocation 8% above entitlement benchmark', 'contribution_points': 12.0, 'support': '₹15.90 cr vs benchmark ₹14.7 cr (1/3 methods agree)'}, {'factor': 'Non-round allocation (interest component)', 'contribution_points': 4.7, 'support': '₹11.00 paise part implies interest-bearing balance accrual'}]",['Reconcile interest accrual on unspent balance with agency bank statements'],{}
454,3.4,LOW,False,1.1,12.0,0.0,0.0,0.0,False,[],0.0186,0,Kerala,Shri Kumbakudi Sudhakaran,KANNUR,147000000.0,147000000.0,0.0,0.0,False,0.85,[],['No investigative action indicated by current signals'],{}
455,3.4,LOW,False,0.9,12.0,0.0,0.0,0.0,False,[],0.0156,0,Karnataka,Shri LS Tejasvi Surya,BANGALORE SOUTH,147000000.0,147000000.0,0.0,0.0,False,0.85,[],['No investigative action indicated by current signals'],{}
456,3.4,LOW,False,1.1,12.0,0.0,0.0,0.0,False,[],0.0186,0,Kerala,Shri M K Raghavan,KOZHIKODE,147000000.0,147000000.0,0.0,0.0,False,0.85,[],['No investigative action indicated by current signals'],{}
457,27.7,MEDIUM,False,50.0,12.0,0.0,31.5,0.0,False,['Non-round allocation (₹11.00 paise component) suggests interest-bearing balance accrual'],0.134,1,Uttar Pradesh,Shri Narendra Modi,VARANASI,162070276.11,147000000.0,10.251888510204088,11.0,False,0.85,"[{'factor': 'Allocation 10% above entitlement benchmark', 'contribution_points': 20.0, 'support': '₹16.21 cr vs benchmark ₹14.7 cr (1/3 methods agree)'}, {'factor': 'Non-round allocation (interest component)', 'contribution_points': 4.7, 'support': '₹11.00 paise part implies interest-bearing balance accrual'}]",['Reconcile interest accrual on unspent balance with agency bank statements'],"{'benchmark_ratio': -0.0337, 'log_amount': -0.0241, 'excess_over_benchmark_cr': -0.0106, 'shortfall_ratio': -0.0183, 'paise_component': -0.037, 'state_deviation_pct': -0.0291, 'state_percentile': 0.0012, 'amount_missing_ind': -0.0124, 'name_quality_score': 0.0248}"
458,27.9,MEDIUM,False,50.0,12.0,0.0,32.4,0.0,False,['Non-round allocation (₹11.00 paise component) suggests interest-bearing balance accrual'],0.1645,1,Kerala,Shri NK Premachandran,KOLLAM,171477994.11,147000000.0,16.651696673469395,11.0,False,0.85,"[{'factor': 'Allocation 17% above entitlement benchmark', 'contribution_points': 20.0, 'support': '₹17.15 cr vs benchmark ₹14.7 cr (1/3 methods agree)'}, {'factor': 'Non-round allocation (interest component)', 'contribution_points': 4.9, 'support': '₹11.00 paise part implies interest-bearing balance accrual'}]",['Reconcile interest accrual on unspent balance with agency bank statements'],"{'benchmark_ratio': -0.0245, 'log_amount': -0.025, 'excess_over_benchmark_cr': -0.0123, 'shortfall_ratio': -0.0157, 'paise_component': -0.0409, 'state_deviation_pct': -0.0134, 'state_percentile': -0.0181, 'amount_missing_ind': -0.0097, 'name_quality_score': 0.0318}"
459,6.7,LOW,False,0.9,12.0,16.9,0.0,0.4225,False,[],0.0145,0,Rajasthan,Shri PP Chaudhary,PALI,147000000.0,147000000.0,0.0,0.0,False,0.85,[],['No investigative action indicated by current signals'],{}
460,19.6,LOW,False,30.0,12.0,0.0,31.0,0.0,False,['Non-round allocation (₹11.00 paise component) suggests interest-bearing balance accrual'],0.1299,1,Kerala,Shri Rajmohan Unnithan,KASARAGOD,156754633.11,147000000.0,6.635804836734693,11.0,False,0.85,"[{'factor': 'Allocation 7% above entitlement benchmark', 'contribution_points': 12.0, 'support': '₹15.68 cr vs benchmark ₹14.7 cr (1/3 methods agree)'}, {'factor': 'Non-round allocation (interest component)', 'contribution_points': 4.6, 'support': '₹11.00 paise part implies interest-bearing balance accrual'}]",['Reconcile interest accrual on unspent balance with agency bank statements'],{}
461,3.7,LOW,False,1.7,12.0,0.0,0.0,0.0,False,[],0.028,0,Assam,Shri Sarbananda Sonowal (18LS),DIBRUGARH,147000000.0,147000000.0,0.0,0.0,False,0.85,[],['No investigative action indicated by current signals'],{}
462,3.4,LOW,False,1.0,12.0,0.0,0.0,0.0,False,[],0.016,0,Uttar Pradesh,Shri Satish Kumar Gautam,ALIGARH,147000000.0,147000000.0,0.0,0.0,False,0.85,[],['No investigative action indicated by current signals'],{}
463,5.2,LOW,False,0.9,12.0,9.1,0.0,0.2265,False,[],0.0143,0,West Bengal,Shri Shantanu Thakur,BANGAON(SC),147000000.0,147000000.0,0.0,0.0,False,0.85,[],['No investigative action indicated by current signals'],{}
464,11.9,LOW,False,10.9,12.0,0.0,30.2,0.0,False,['Non-round allocation (₹83.00 paise component) suggests interest-bearing balance accrual'],0.1814,1,Madhya Pradesh,Shri Sudheer Gupta,MANDSOUR,148988014.83,147000000.0,1.3523910408163253,83.0,False,0.85,"[{'factor': 'Non-round allocation (interest component)', 'contribution_points': 4.5, 'support': '₹83.00 paise part implies interest-bearing balance accrual'}]",['Reconcile interest accrual on unspent balance with agency bank statements'],{}
465,27.9,MEDIUM,False,50.0,12.0,0.0,32.5,0.0,False,['Non-round allocation (₹11.00 paise component) suggests interest-bearing balance accrual'],0.1729,1,Kerala,Shri Suresh Kodikunnil,MAVELIKKARA(SC),172429519.11,147000000.0,17.298992591836736,11.0,False,0.85,"[{'factor': 'Allocation 17% above entitlement benchmark', 'contribution_points': 20.0, 'support': '₹17.24 cr vs benchmark ₹14.7 cr (1/3 methods agree)'}, {'factor': 'Non-round allocation (interest component)', 'contribution_points': 4.9, 'support': '₹11.00 paise part implies interest-bearing balance accrual'}]",['Reconcile interest accrual on unspent balance with agency bank statements'],"{'benchmark_ratio': -0.0246, 'log_amount': -0.0212, 'excess_over_benchmark_cr': -0.0202, 'shortfall_ratio': -0.025, 'paise_component': -0.046, 'state_deviation_pct': -0.0105, 'state_percentile': -0.0094, 'amount_missing_ind': -0.0092, 'name_quality_score': 0.0278}"
466,4.2,LOW,False,2.9,12.0,0.0,0.0,0.0,False,[],0.0486,0,Arunachal Pradesh,Shri Tapir Gao,ARUNACHAL EAST,147000000.0,147000000.0,0.0,0.0,False,0.85,[],['No investigative action indicated by current signals'],{}
467,23.0,LOW,False,50.0,12.0,0.0,0.0,0.0,False,[],0.1735,1,Tamil Nadu,Shri vijayakumar Vasanth,KANNIYAKUMARI,171500000.0,147000000.0,16.666666666666675,0.0,False,0.85,"[{'factor': 'Allocation 17% above entitlement benchmark', 'contribution_points': 20.0, 'support': '₹17.15 cr vs benchmark ₹14.7 cr (1/3 methods agree)'}]",['No investigative action indicated by current signals'],"{'benchmark_ratio': -0.0221, 'log_amount': -0.0147, 'excess_over_benchmark_cr': 0.003, 'shortfall_ratio': -0.0066, 'paise_component': -0.0181, 'state_deviation_pct': -0.0265, 'state_percentile': -0.0113, 'amount_missing_ind': -0.0163, 'name_quality_score': 0.0187}"
468,0.4,LOW,False,1.0,0.0,0.0,0.0,0.0,False,[],0.0159,0,Maharashtra,Shrikant Eknath Shinde,KALYAN,147000000.0,147000000.0,0.0,0.0,False,1.0,[],['No investigative action indicated by current signals'],{}
469,3.0,LOW,False,0.1,12.0,0.0,0.0,0.0,False,[],0.0014,0,Maharashtra,SHRIMANT CHH UDAYANRAJE PRATAPSINHAMAHARAJ BHONSLE,SATARA,147000000.0,147000000.0,0.0,0.0,False,0.75,[],['No investigative action indicated by current signals'],{}
470,1.1,LOW,False,2.8,0.0,0.0,0.0,0.0,False,[],0.0468,0,Goa,Shripad Yesso Naik,NORTH GOA,147000000.0,147000000.0,0.0,0.0,False,1.0,[],['No investigative action indicated by current signals'],{}
471,0.4,LOW,False,1.0,0.0,0.0,0.0,0.0,False,[],0.0159,0,Maharashtra,Shrirang Appa Barne,MAVAL,147000000.0,147000000.0,0.0,0.0,False,1.0,[],['No investigative action indicated by current signals'],{}
472,0.4,LOW,False,1.0,0.0,0.0,0.0,0.0,False,[],0.0159,0,Maharashtra,Shyamkumar,RAMTEK(SC),147000000.0,147000000.0,0.0,0.0,False,1.0,[],['No investigative action indicated by current signals'],{}
473,2.8,LOW,False,7.1,0.0,0.0,0.0,0.0,False,[],0.1182,1,Andhra Pradesh,Sivanath Kesineni,VIJAYAWADA,147000000.0,147000000.0,0.0,0.0,False,1.0,[],['No investigative action indicated by current signals'],{}
474,23.0,LOW,False,50.0,12.0,0.0,0.0,0.0,False,"['Allocation is 67% below the full-entitlement benchmark (possible pro-rated term — verify membership dates)', '3/3 anomaly methods agree (ensemble score 0.83)']",0.8341,3,West Bengal,SK NURUL ISLAM,BASIRHAT,49000000.0,147000000.0,-66.66666666666667,0.0,False,0.75,"[{'factor': 'Allocation 67% below entitlement benchmark', 'contribution_points': 20.0, 'support': '₹4.90 cr vs benchmark ₹14.7 cr (3/3 methods agree)'}]",['Verify membership start date (by-election / replaced member) to confirm pro-rating'],"{'benchmark_ratio': -0.0343, 'log_amount': -0.0106, 'excess_over_benchmark_cr': -0.0407, 'shortfall_ratio': 0.1041, 'paise_component': -0.0407, 'state_deviation_pct': -0.023, 'state_percentile': 0.0303, 'amount_missing_ind': -0.0407, 'name_quality_score': -0.0407}"
475,9.2,LOW,False,4.2,12.0,0.0,30.1,0.0,False,['Non-round allocation (₹11.00 paise component) suggests interest-bearing balance accrual'],0.0696,1,Maharashtra,SMITA UDAY WAGH,JALGAON,148107373.11,147000000.0,0.7533150408163269,11.0,False,0.75,"[{'factor': 'Non-round allocation (interest component)', 'contribution_points': 4.5, 'support': '₹11.00 paise part implies interest-bearing balance accrual'}]",['Reconcile interest accrual on unspent balance with agency bank statements'],{}
476,3.4,LOW,False,1.0,12.0,0.0,0.0,0.0,False,[],0.016,0,Uttar Pradesh,Smt Anupriya Patel,MIRZAPUR,147000000.0,147000000.0,0.0,0.0,False,0.85,[],['No investigative action indicated by current signals'],{}
477,10.6,LOW,False,7.8,12.0,0.0,30.0,0.0,False,['Non-round allocation (₹41.00 paise component) suggests interest-bearing balance accrual'],0.1304,1,Odisha,Smt Aparajita Sarangi,BHUBANESWAR,147420861.41,147000000.0,0.2863002789115665,41.0,False,0.85,"[{'factor': 'Non-round allocation (interest component)', 'contribution_points': 4.5, 'support': '₹41.00 paise part implies interest-bearing balance accrual'}]",['Reconcile interest accrual on unspent balance with agency bank statements'],{}
478,36.2,MEDIUM,False,70.0,12.0,0.0,34.5,0.0,False,"['Allocation is 31% above the ₹14.7 cr full-entitlement benchmark', 'Non-round allocation (₹11.00 paise component) suggests interest-bearing balance accrual']",0.2487,1,Uttar Pradesh,Smt Dimple Yadav,MAINPURI,192042469.11,147000000.0,30.641135448979597,11.0,False,0.85,"[{'factor': 'Allocation 31% above entitlement benchmark', 'contribution_points': 28.0, 'support': '₹19.20 cr vs benchmark ₹14.7 cr (1/3 methods agree)'}, {'factor': 'Non-round allocation (interest component)', 'contribution_points': 5.2, 'support': '₹11.00 paise part implies interest-bearing balance accrual'}]","['Review sanction ledger for carry-forward/unspent balances explaining the excess', 'Reconcile interest accrual on unspent balance with agency bank statements']","{'benchmark_ratio': -0.015, 'log_amount': 0.003, 'excess_over_benchmark_cr': 0.0184, 'shortfall_ratio': -0.0059, 'paise_component': -0.0193, 'state_deviation_pct': 0.005, 'state_percentile': 0.0087, 'amount_missing_ind': 0.0057, 'name_quality_score': 0.0494}"
479,19.7,LOW,False,30.0,12.0,0.0,31.3,0.0,False,['Non-round allocation (₹39.00 paise component) suggests interest-bearing balance accrual'],0.1702,1,Punjab,Smt Harsimrat Kaur Badal,BHATINDA,159775982.39,147000000.0,8.691144482993195,39.0,False,0.85,"[{'factor': 'Allocation 9% above entitlement benchmark', 'contribution_points': 12.0, 'support': '₹15.98 cr vs benchmark ₹14.7 cr (1/3 methods agree)'}, {'factor': 'Non-round allocation (interest component)', 'contribution_points': 4.7, 'support': '₹39.00 paise part implies interest-bearing balance accrual'}]",['Reconcile interest accrual on unspent balance with agency bank statements'],{}
480,3.4,LOW,False,1.0,12.0,0.0,0.0,0.0,False,[],0.016,0,Uttar Pradesh,Smt Hema Malini,MATHURA,147000000.0,147000000.0,0.0,0.0,False,0.85,[],['No investigative action indicated by current signals'],{}
481,19.6,LOW,False,30.0,12.0,0.0,30.4,0.0,False,['Non-round allocation (₹11.00 paise component) suggests interest-bearing balance accrual'],0.1034,1,Madhya Pradesh,Smt Himadri Singh,SHAHDOL (ST),150724861.11,147000000.0,2.53391912244898,11.0,False,0.85,"[{'factor': 'Allocation 3% above entitlement benchmark', 'contribution_points': 12.0, 'support': '₹15.07 cr vs benchmark ₹14.7 cr (1/3 methods agree)'}, {'factor': 'Non-round allocation (interest component)', 'contribution_points': 4.6, 'support': '₹11.00 paise part implies interest-bearing balance accrual'}]",['Reconcile interest accrual on unspent balance with agency bank statements'],{}
482,3.5,LOW,False,1.2,12.0,0.0,0.0,0.0,False,[],0.0192,0,Gujarat,Smt Poonamben Hematbhai Maadam,JAMNAGAR,147000000.0,147000000.0,0.0,0.0,False,0.85,[],['No investigative action indicated by current signals'],{}
483,19.6,LOW,False,30.0,12.0,0.0,30.6,0.0,False,['Non-round allocation (₹11.00 paise component) suggests interest-bearing balance accrual'],0.1109,1,Maharashtra,Smt Raksha Nikhil Khadse,RAVER,153112586.11,147000000.0,4.158221843537424,11.0,False,0.85,"[{'factor': 'Allocation 4% above entitlement benchmark', 'contribution_points': 12.0, 'support': '₹15.31 cr vs benchmark ₹14.7 cr (1/3 methods agree)'}, {'factor': 'Non-round allocation (interest component)', 'contribution_points': 4.6, 'support': '₹11.00 paise part implies interest-bearing balance accrual'}]",['Reconcile interest accrual on unspent balance with agency bank statements'],{}
484,4.0,LOW,False,2.4,12.0,0.0,0.0,0.0,False,[],0.0403,0,Tamil Nadu,Smt S Jothimani,KARUR,147000000.0,147000000.0,0.0,0.0,False,0.85,[],['No investigative action indicated by current signals'],{}
485,3.4,LOW,False,0.9,12.0,0.0,0.0,0.0,False,[],0.0143,0,West Bengal,Smt Sajda Ahmed,ULUBERIA,147000000.0,147000000.0,0.0,0.0,False,0.85,[],['No investigative action indicated by current signals'],{}
486,3.5,LOW,False,1.3,12.0,0.0,0.0,0.0,False,[],0.0214,0,Madhya Pradesh,Smt Sandhya Ray,BHIND(SC),147000000.0,147000000.0,0.0,0.0,False,0.85,[],['No investigative action indicated by current signals'],{}
487,3.7,LOW,False,1.8,12.0,0.0,0.0,0.0,False,[],0.0302,0,Odisha,Smt Sangeeta Kumari Singh Deo,BOLANGIR,147000000.0,147000000.0,0.0,0.0,False,0.85,[],['No investigative action indicated by current signals'],{}
488,3.4,LOW,False,0.9,12.0,0.0,0.0,0.0,False,[],0.0143,0,West Bengal,Smt Satabdi Roy (Banerjee),BIRBHUM,147000000.0,147000000.0,0.0,0.0,False,0.85,[],['No investigative action indicated by current signals'],{}
489,3.4,LOW,False,1.1,12.0,0.0,0.0,0.0,False,[],0.0182,0,Maharashtra,Smt Supriya Sadanand Sule,BARAMATI,147000000.0,147000000.0,0.0,0.0,False,0.85,[],['No investigative action indicated by current signals'],{}
490,3.4,LOW,False,0.9,12.0,0.0,0.0,0.0,False,[],0.015,0,Bihar,Smt Veena Devi,VAISHALI,147000000.0,147000000.0,0.0,0.0,False,0.85,[],['No investigative action indicated by current signals'],{}
491,20.0,LOW,False,50.0,0.0,0.0,0.0,0.0,False,[],0.1617,1,Andhra Pradesh,Sribharat MathuKumli,VISAKHAPATNAM,164841922.0,147000000.0,12.137361904761912,0.0,False,1.0,"[{'factor': 'Allocation 12% above entitlement benchmark', 'contribution_points': 20.0, 'support': '₹16.48 cr vs benchmark ₹14.7 cr (1/3 methods agree)'}]",['No investigative action indicated by current signals'],"{'benchmark_ratio': -0.038, 'log_amount': -0.0378, 'excess_over_benchmark_cr': 0.0046, 'shortfall_ratio': -0.029, 'paise_component': -0.0522, 'state_deviation_pct': -0.0589, 'state_percentile': 0.0147, 'amount_missing_ind': -0.0446, 'name_quality_score': 0.0063}"
492,3.0,LOW,False,0.0,12.0,0.0,0.0,0.0,False,[],0.0,0,Bihar,SUDAMA PRASAD,ARRAH,147000000.0,147000000.0,0.0,0.0,False,0.75,[],['No investigative action indicated by current signals'],{}
493,9.1,LOW,False,4.0,12.0,0.0,30.0,0.0,False,"['Non-round allocation (₹11.00 paise component) suggests interest-bearing balance accrual', '2/3 anomaly methods agree (ensemble score 0.07)']",0.0663,2,Tamil Nadu,SUDHA R,MAYILADUTHURAI,147332315.11,147000000.0,0.22606470068027296,11.0,False,0.75,"[{'factor': 'Non-round allocation (interest component)', 'contribution_points': 4.5, 'support': '₹11.00 paise part implies interest-bearing balance accrual'}]",['Reconcile interest accrual on unspent balance with agency bank statements'],{}
494,36.1,MEDIUM,False,70.0,12.0,0.0,33.8,0.0,False,"['Allocation is 26% above the ₹14.7 cr full-entitlement benchmark', 'Non-round allocation (₹54.00 paise component) suggests interest-bearing balance accrual']",0.2456,1,Bihar,SUDHAKAR SINGH,BUXAR,185211956.54,147000000.0,25.99452825850339,54.0,False,0.75,"[{'factor': 'Allocation 26% above entitlement benchmark', 'contribution_points': 28.0, 'support': '₹18.52 cr vs benchmark ₹14.7 cr (1/3 methods agree)'}, {'factor': 'Non-round allocation (interest component)', 'contribution_points': 5.1, 'support': '₹54.00 paise part implies interest-bearing balance accrual'}]","['Review sanction ledger for carry-forward/unspent balances explaining the excess', 'Reconcile interest accrual on unspent balance with agency bank statements']","{'benchmark_ratio': -0.0048, 'log_amount': 0.0029, 'excess_over_benchmark_cr': 0.0152, 'shortfall_ratio': 0.0028, 'paise_component': 0.0989, 'state_deviation_pct': -0.0159, 'state_percentile': -0.0373, 'amount_missing_ind': -0.0042, 'name_quality_score': -0.0144}"
495,0.3,LOW,False,0.8,0.0,0.0,0.0,0.0,False,[],0.0132,0,West Bengal,Sudip Bandyopadhyay,KOLKATA UTTAR,147000000.0,147000000.0,0.0,0.0,False,1.0,[],['No investigative action indicated by current signals'],{}
496,36.2,MEDIUM,False,70.0,12.0,0.0,34.4,0.0,False,"['Allocation is 30% above the ₹14.7 cr full-entitlement benchmark', 'Non-round allocation (₹11.00 paise component) suggests interest-bearing balance accrual']",0.2283,1,Odisha,SUKANTA KUMAR PANIGRAHI,KANDHAMAL,190712424.11,147000000.0,29.736342931972803,11.0,False,0.75,"[{'factor': 'Allocation 30% above entitlement benchmark', 'contribution_points': 28.0, 'support': '₹19.07 cr vs benchmark ₹14.7 cr (1/3 methods agree)'}, {'factor': 'Non-round allocation (interest component)', 'contribution_points': 5.2, 'support': '₹11.00 paise part implies interest-bearing balance accrual'}]","['Review sanction ledger for carry-forward/unspent balances explaining the excess', 'Reconcile interest accrual on unspent balance with agency bank statements']","{'benchmark_ratio': 0.0004, 'log_amount': 0.0084, 'excess_over_benchmark_cr': 0.0194, 'shortfall_ratio': -0.0082, 'paise_component': -0.0143, 'state_deviation_pct': 0.0155, 'state_percentile': 0.0121, 'amount_missing_ind': 0.0179, 'name_quality_score': 0.0037}"
497,27.9,MEDIUM,False,50.0,12.0,0.0,32.5,0.0,False,['Non-round allocation (₹11.00 paise component) suggests interest-bearing balance accrual'],0.1605,1,Jharkhand,SUKHDEO BHAGAT,LOHARDAGA(ST),171821957.11,147000000.0,16.88568510884354,11.0,False,0.75,"[{'factor': 'Allocation 17% above entitlement benchmark', 'contribution_points': 20.0, 'support': '₹17.18 cr vs benchmark ₹14.7 cr (1/3 methods agree)'}, {'factor': 'Non-round allocation (interest component)', 'contribution_points': 4.9, 'support': '₹11.00 paise part implies interest-bearing balance accrual'}]",['Reconcile interest accrual on unspent balance with agency bank statements'],"{'benchmark_ratio': -0.0342, 'log_amount': -0.0222, 'excess_over_benchmark_cr': -0.0065, 'shortfall_ratio': -0.0285, 'paise_component': -0.0497, 'state_deviation_pct': -0.0065, 'state_percentile': -0.002, 'amount_missing_ind': -0.0212, 'name_quality_score': -0.016}"
498,3.0,LOW,False,0.1,12.0,0.0,0.0,0.0,False,[],0.0014,0,Punjab,SUKHJINDER SINGH RANDHAWA,GURDASPUR,147000000.0,147000000.0,0.0,0.0,False,0.75,[],['No investigative action indicated by current signals'],{}
499,5.2,LOW,False,0.0,12.0,11.1,0.0,0.2772,False,[],0.0001,0,Karnataka,SUNIL BOSE,CHAMARAJANAGAR(SC),147000000.0,147000000.0,0.0,0.0,False,0.75,[],['No investigative action indicated by current signals'],{}
500,0.4,LOW,False,1.0,0.0,0.0,0.0,0.0,False,[],0.0159,0,Maharashtra,Sunil Dattatray Tatkare,RAIGAD,147000000.0,147000000.0,0.0,0.0,False,1.0,[],['No investigative action indicated by current signals'],{}
501,2.5,LOW,False,0.8,0.0,11.1,0.0,0.2772,False,[],0.0135,0,Bihar,Sunil Kumar,VALMIKI NAGAR,147000000.0,147000000.0,0.0,0.0,False,1.0,[],['No investigative action indicated by current signals'],{}
502,15.0,LOW,False,30.0,12.0,0.0,0.0,0.0,False,[],0.1113,1,Bihar,SURENDRA PRASAD YADAV,JAHANABAD,155325714.0,147000000.0,5.66375102040817,0.0,False,0.75,"[{'factor': 'Allocation 6% above entitlement benchmark', 'contribution_points': 12.0, 'support': '₹15.53 cr vs benchmark ₹14.7 cr (1/3 methods agree)'}]",['No investigative action indicated by current signals'],{}
503,3.0,LOW,False,0.1,12.0,0.0,0.0,0.0,False,[],0.0023,0,Kerala,SURESH GOPI,THRISSUR,147000000.0,147000000.0,0.0,0.0,False,0.75,[],['No investigative action indicated by current signals'],{}
504,18.9,LOW,False,30.0,0.0,11.5,30.7,0.2883,False,['Non-round allocation (₹11.00 paise component) suggests interest-bearing balance accrual'],0.1205,1,Himachal Pradesh,Suresh Kumar Kashyap,SHIMLA (SC),153563957.11,147000000.0,4.465276945578234,11.0,False,1.0,"[{'factor': 'Allocation 4% above entitlement benchmark', 'contribution_points': 12.0, 'support': '₹15.36 cr vs benchmark ₹14.7 cr (1/3 methods agree)'}, {'factor': 'Non-round allocation (interest component)', 'contribution_points': 4.6, 'support': '₹11.00 paise part implies interest-bearing balance accrual'}]",['Reconcile interest accrual on unspent balance with agency bank statements'],{}
505,5.5,LOW,False,0.5,12.0,11.5,0.0,0.2883,False,[],0.0077,0,Telangana,SURESH KUMAR SHETKAR,ZAHIRABAD,147000000.0,147000000.0,0.0,0.0,False,0.75,[],['No investigative action indicated by current signals'],{}
506,3.4,LOW,False,1.0,12.0,0.0,0.0,0.0,False,[],0.016,0,Uttar Pradesh,Swami Sachchidanandhari Sakshi ji Maharaj,UNNAO,147000000.0,147000000.0,0.0,0.0,False,0.85,[],['No investigative action indicated by current signals'],{}
507,0.8,LOW,False,2.0,0.0,0.0,0.0,0.0,False,[],0.0332,0,Tamil Nadu,T Sumathy (A) Thamizhachi Thangapandian,CHENNAI SOUTH,147000000.0,147000000.0,0.0,0.0,False,1.0,[],['No investigative action indicated by current signals'],{}
508,36.3,MEDIUM,False,70.0,12.0,0.0,35.2,0.0,False,"['Allocation is 36% above the ₹14.7 cr full-entitlement benchmark', 'Non-round allocation (₹76.00 paise component) suggests interest-bearing balance accrual', '2/3 anomaly methods agree (ensemble score 0.31)']",0.3074,2,Andhra Pradesh,TANGELLA UDAY SRINIVAS,KAKINADA,199417886.76,147000000.0,35.65842636734693,76.0,False,0.75,"[{'factor': 'Allocation 36% above entitlement benchmark', 'contribution_points': 28.0, 'support': '₹19.94 cr vs benchmark ₹14.7 cr (2/3 methods agree)'}, {'factor': 'Non-round allocation (interest component)', 'contribution_points': 5.3, 'support': '₹76.00 paise part implies interest-bearing balance accrual'}]","['Review sanction ledger for carry-forward/unspent balances explaining the excess', 'Reconcile interest accrual on unspent balance with agency bank statements']","{'benchmark_ratio': -0.0294, 'log_amount': -0.0187, 'excess_over_benchmark_cr': 0.0043, 'shortfall_ratio': -0.0152, 'paise_component': 0.0968, 'state_deviation_pct': -0.0504, 'state_percentile': -0.0359, 'amount_missing_ind': -0.0215, 'name_quality_score': -0.0404}"
509,9.2,LOW,False,4.2,12.0,0.0,30.1,0.0,False,['Non-round allocation (₹11.00 paise component) suggests interest-bearing balance accrual'],0.0704,1,Uttar Pradesh,TANUJ PUNIA,BARABANKI(SC),148198170.11,147000000.0,0.8150817074830119,11.0,False,0.75,"[{'factor': 'Non-round allocation (interest component)', 'contribution_points': 4.5, 'support': '₹11.00 paise part implies interest-bearing balance accrual'}]",['Reconcile interest accrual on unspent balance with agency bank statements'],{}
510,3.0,LOW,False,0.0,12.0,0.0,0.0,0.0,False,[],0.0,0,Bihar,TARIQ ANWAR,KATIHAR,147000000.0,147000000.0,0.0,0.0,False,0.75,[],['No investigative action indicated by current signals'],{}
511,33.2,MEDIUM,False,70.0,0.0,0.0,35.0,0.0,False,"['Allocation is 34% above the ₹14.7 cr full-entitlement benchmark', 'Non-round allocation (₹11.00 paise component) suggests interest-bearing balance accrual']",0.2742,1,Tamil Nadu,Thalikkottai Rajuthevar Baalu,SRIPERUMBUDUR,196905535.11,147000000.0,33.94934361224491,11.0,False,1.0,"[{'factor': 'Allocation 34% above entitlement benchmark', 'contribution_points': 28.0, 'support': '₹19.69 cr vs benchmark ₹14.7 cr (1/3 methods agree)'}, {'factor': 'Non-round allocation (interest component)', 'contribution_points': 5.2, 'support': '₹11.00 paise part implies interest-bearing balance accrual'}]","['Review sanction ledger for carry-forward/unspent balances explaining the excess', 'Reconcile interest accrual on unspent balance with agency bank statements']","{'benchmark_ratio': -0.0283, 'log_amount': -0.0027, 'excess_over_benchmark_cr': 0.0314, 'shortfall_ratio': -0.001, 'paise_component': -0.044, 'state_deviation_pct': -0.0093, 'state_percentile': -0.0031, 'amount_missing_ind': 0.0021, 'name_quality_score': 0.0671}"
512,3.6,LOW,False,1.4,12.0,0.0,0.0,0.0,False,[],0.0238,0,Tamil Nadu,THANGA TAMILSELVAN,THENI,147000000.0,147000000.0,0.0,0.0,False,0.75,[],['No investigative action indicated by current signals'],{}
513,27.8,MEDIUM,False,50.0,12.0,0.0,32.1,0.0,False,['Non-round allocation (₹35.00 paise component) suggests interest-bearing balance accrual'],0.1914,1,Tamil Nadu,THARANIVENTHAN M S,ARANI,168337124.35,147000000.0,14.515050578231282,35.0,False,0.75,"[{'factor': 'Allocation 15% above entitlement benchmark', 'contribution_points': 20.0, 'support': '₹16.83 cr vs benchmark ₹14.7 cr (1/3 methods agree)'}, {'factor': 'Non-round allocation (interest component)', 'contribution_points': 4.8, 'support': '₹35.00 paise part implies interest-bearing balance accrual'}]",['Reconcile interest accrual on unspent balance with agency bank statements'],"{'benchmark_ratio': -0.0151, 'log_amount': -0.0153, 'excess_over_benchmark_cr': 0.0073, 'shortfall_ratio': 0.0239, 'paise_component': 0.0473, 'state_deviation_pct': -0.0239, 'state_percentile': 0.0071, 'amount_missing_ind': -0.0216, 'name_quality_score': 0.0019}"
514,0.8,LOW,False,2.0,0.0,0.0,0.0,0.0,False,[],0.0332,0,Tamil Nadu,Thiru Dayanidhi Maran,CHENNAI CENTRAL,147000000.0,147000000.0,0.0,0.0,False,1.0,[],['No investigative action indicated by current signals'],{}
515,0.8,LOW,False,2.0,0.0,0.0,0.0,0.0,False,[],0.0332,0,Tamil Nadu,Thirumaa Valavan Thol,CHIDAMBARAM(SC),147000000.0,147000000.0,0.0,0.0,False,1.0,[],['No investigative action indicated by current signals'],{}
516,4.8,LOW,False,4.4,12.0,0.0,0.0,0.0,False,[],0.0737,1,Chhattisgarh,TOKHAN SAHU,BILASPUR,147000000.0,147000000.0,0.0,0.0,False,0.75,[],['No investigative action indicated by current signals'],{}
517,3.4,LOW,False,0.9,12.0,0.0,0.0,0.0,False,[],0.0148,0,Uttarakhand,TRIVENDRA SINGH RAWAT,HARDWAR,147000000.0,147000000.0,0.0,0.0,False,0.75,[],['No investigative action indicated by current signals'],{}
518,3.0,LOW,False,0.0,12.0,0.0,0.0,0.0,False,[],0.0004,0,Uttar Pradesh,UJJWAL RAMAN SINGH,ALLAHABAD,147000000.0,147000000.0,0.0,0.0,False,0.75,[],['No investigative action indicated by current signals'],{}
519,6.0,LOW,False,0.0,12.0,14.8,0.0,0.3701,False,[],0.0001,0,Rajasthan,UMMEDA RAM BENIWAL,BARMER,147000000.0,147000000.0,0.0,0.0,False,0.75,[],['No investigative action indicated by current signals'],{}
520,3.0,LOW,False,0.0,12.0,0.0,0.0,0.0,False,[],0.0004,0,Uttar Pradesh,UTKARSH VERMA MADHUR,KHERI,147000000.0,147000000.0,0.0,0.0,False,0.75,[],['No investigative action indicated by current signals'],{}
521,24.7,LOW,False,50.0,0.0,0.0,31.6,0.0,False,['Non-round allocation (₹11.00 paise component) suggests interest-bearing balance accrual'],0.141,1,Tamil Nadu,V S Matheswaran,NAMAKKAL,162539930.11,147000000.0,10.57138102721089,11.0,False,1.0,"[{'factor': 'Allocation 11% above entitlement benchmark', 'contribution_points': 20.0, 'support': '₹16.25 cr vs benchmark ₹14.7 cr (1/3 methods agree)'}, {'factor': 'Non-round allocation (interest component)', 'contribution_points': 4.7, 'support': '₹11.00 paise part implies interest-bearing balance accrual'}]",['Reconcile interest accrual on unspent balance with agency bank statements'],"{'benchmark_ratio': -0.0268, 'log_amount': -0.0309, 'excess_over_benchmark_cr': 0.0016, 'shortfall_ratio': -0.0284, 'paise_component': -0.0594, 'state_deviation_pct': -0.035, 'state_percentile': 0.008, 'amount_missing_ind': -0.0268, 'name_quality_score': 0.0194}"
522,3.0,LOW,False,0.0,12.0,0.0,0.0,0.0,False,[],0.0001,0,Karnataka,V. SOMANNA,TUMKUR,147000000.0,147000000.0,0.0,0.0,False,0.75,[],['No investigative action indicated by current signals'],{}
523,33.4,MEDIUM,False,70.0,0.0,0.0,36.2,0.0,False,"['Allocation is 42% above the ₹14.7 cr full-entitlement benchmark', 'Non-round allocation (₹11.00 paise component) suggests interest-bearing balance accrual', '2/3 anomaly methods agree (ensemble score 0.33)']",0.3259,2,Puducherry,Vaithilingam Ve,Puducherry,209368972.11,147000000.0,42.42787218367348,11.0,False,1.0,"[{'factor': 'Allocation 42% above entitlement benchmark', 'contribution_points': 28.0, 'support': '₹20.94 cr vs benchmark ₹14.7 cr (2/3 methods agree)'}, {'factor': 'Non-round allocation (interest component)', 'contribution_points': 5.4, 'support': '₹11.00 paise part implies interest-bearing balance accrual'}]","['Review sanction ledger for carry-forward/unspent balances explaining the excess', 'Reconcile interest accrual on unspent balance with agency bank statements']","{'benchmark_ratio': 0.0047, 'log_amount': 0.0031, 'excess_over_benchmark_cr': 0.0501, 'shortfall_ratio': -0.025, 'paise_component': -0.0636, 'state_deviation_pct': -0.0309, 'state_percentile': -0.0135, 'amount_missing_ind': -0.0146, 'name_quality_score': 0.0234}"
524,9.4,LOW,False,4.7,12.0,0.0,30.1,0.0,False,['Non-round allocation (₹11.00 paise component) suggests interest-bearing balance accrual'],0.0777,1,Telangana,VAMSI KRISHNA GADDAM,PEDDAPALLE,148451721.11,147000000.0,0.9875653809523932,11.0,False,0.75,"[{'factor': 'Non-round allocation (interest component)', 'contribution_points': 4.5, 'support': '₹11.00 paise part implies interest-bearing balance accrual'}]",['Reconcile interest accrual on unspent balance with agency bank statements'],{}
525,39.0,MEDIUM,False,90.0,12.0,0.0,0.0,0.0,False,"['Allocation is 74% above the ₹14.7 cr full-entitlement benchmark', '2/3 anomaly methods agree (ensemble score 0.47)']",0.4714,2,Haryana,VARUN CHAUDHRY,AMBALA (SC),255454264.0,147000000.0,73.77841088435375,0.0,False,0.75,"[{'factor': 'Allocation 74% above entitlement benchmark', 'contribution_points': 36.0, 'support': '₹25.55 cr vs benchmark ₹14.7 cr (2/3 methods agree)'}]",['Review sanction ledger for carry-forward/unspent balances explaining the excess'],"{'benchmark_ratio': 0.0348, 'log_amount': 0.0401, 'excess_over_benchmark_cr': 0.0862, 'shortfall_ratio': 0.0143, 'paise_component': 0.0051, 'state_deviation_pct': 0.0373, 'state_percentile': 0.0106, 'amount_missing_ind': 0.0296, 'name_quality_score': 0.0241}"
526,0.4,LOW,False,1.0,0.0,0.0,0.0,0.0,False,[],0.0165,0,Kerala,Vellalath Kochukrishnan Nair Sreekandan,PALAKKAD,147000000.0,147000000.0,0.0,0.0,False,1.0,[],['No investigative action indicated by current signals'],{}
527,4.0,LOW,False,4.7,0.0,10.7,0.0,0.2674,False,[],0.0786,1,Chhattisgarh,Vijay Baghel,DURG,147000000.0,147000000.0,0.0,0.0,False,1.0,[],['No investigative action indicated by current signals'],{}
528,4.6,LOW,False,5.8,0.0,11.6,0.0,0.2892,False,[],0.096,1,Uttar Pradesh,Vijay Kumar Dubey,KUSHI NAGAR,148900000.0,147000000.0,1.2925170068027292,0.0,False,1.0,[],['No investigative action indicated by current signals'],{}
529,8.9,LOW,False,5.2,0.0,11.6,30.0,0.2892,False,['Non-round allocation (₹11.00 paise component) suggests interest-bearing balance accrual'],0.0866,1,Jharkhand,Vijay Kumar Hansdak,RAJMAHAL(ST),147223957.11,147000000.0,0.15235177551020662,11.0,False,1.0,"[{'factor': 'Non-round allocation (interest component)', 'contribution_points': 4.5, 'support': '₹11.00 paise part implies interest-bearing balance accrual'}]",['Reconcile interest accrual on unspent balance with agency bank statements'],{}
530,3.0,LOW,False,0.0,12.0,0.0,0.0,0.0,False,[],0.0,0,Bihar,VIJAYLAKSHMI DEVI,SIWAN,147000000.0,147000000.0,0.0,0.0,False,0.75,[],['No investigative action indicated by current signals'],{}
531,2.2,LOW,False,1.1,0.0,8.6,0.0,0.2162,False,[],0.0179,0,Gujarat,Vinod Chavda,KACHCHH(SC),147000000.0,147000000.0,0.0,0.0,False,1.0,[],['No investigative action indicated by current signals'],{}
532,4.7,LOW,False,0.0,12.0,8.6,0.0,0.2162,False,[],0.0004,0,Uttar Pradesh,VINOD KUMAR BIND,BHADOHI,147000000.0,147000000.0,0.0,0.0,False,0.75,[],['No investigative action indicated by current signals'],{}
533,3.1,LOW,False,1.1,0.0,13.5,0.0,0.337,False,[],0.0183,0,Madhya Pradesh,Virendra Kumar,TIKAMGARH(SC),147000000.0,147000000.0,0.0,0.0,False,1.0,[],['No investigative action indicated by current signals'],{}
534,5.7,LOW,False,0.0,12.0,13.5,0.0,0.337,False,[],0.0004,0,Uttar Pradesh,VIRENDRA SINGH,CHANDAULI,147000000.0,147000000.0,0.0,0.0,False,0.75,[],['No investigative action indicated by current signals'],{}
535,3.0,LOW,False,0.1,12.0,0.0,0.0,0.0,False,[],0.0014,0,Maharashtra,VISHAL,SANGLI,147000000.0,147000000.0,0.0,0.0,False,0.75,[],['No investigative action indicated by current signals'],{}
536,16.7,LOW,False,30.0,0.0,0.0,31.1,0.0,False,['Non-round allocation (₹11.00 paise component) suggests interest-bearing balance accrual'],0.1258,1,Jharkhand,Vishnu Dayal Ram,PALAMU(SC),158176083.11,147000000.0,7.602777625850354,11.0,False,1.0,"[{'factor': 'Allocation 8% above entitlement benchmark', 'contribution_points': 12.0, 'support': '₹15.82 cr vs benchmark ₹14.7 cr (1/3 methods agree)'}, {'factor': 'Non-round allocation (interest component)', 'contribution_points': 4.7, 'support': '₹11.00 paise part implies interest-bearing balance accrual'}]",['Reconcile interest accrual on unspent balance with agency bank statements'],{}
537,0.4,LOW,False,1.1,0.0,0.0,0.0,0.0,False,[],0.0183,0,Madhya Pradesh,Vishnu Dutt Sharma,KHAJURAHO,147000000.0,147000000.0,0.0,0.0,False,1.0,[],['No investigative action indicated by current signals'],{}
538,4.7,LOW,False,0.0,12.0,8.5,0.0,0.2122,False,[],0.0001,0,Karnataka,VISHWESHWAR HEGDE KAGERI,UTTARA KANNADA,147000000.0,147000000.0,0.0,0.0,False,0.75,[],['No investigative action indicated by current signals'],{}
539,4.8,LOW,False,0.0,12.0,9.1,0.0,0.2265,False,[],0.0,0,Bihar,VIVEK THAKUR,NAWADA,147000000.0,147000000.0,0.0,0.0,False,0.75,[],['No investigative action indicated by current signals'],{}
540,16.6,LOW,False,30.0,0.0,0.0,30.9,0.0,False,"['Non-round allocation (₹11.00 paise component) suggests interest-bearing balance accrual', '2/3 anomaly methods agree (ensemble score 0.16)']",0.1596,2,Andhra Pradesh,Y S Avinash Reddy,KADAPA,156430260.11,147000000.0,6.415142931972806,11.0,False,1.0,"[{'factor': 'Allocation 6% above entitlement benchmark', 'contribution_points': 12.0, 'support': '₹15.64 cr vs benchmark ₹14.7 cr (2/3 methods agree)'}, {'factor': 'Non-round allocation (interest component)', 'contribution_points': 4.6, 'support': '₹11.00 paise part implies interest-bearing balance accrual'}]",['Reconcile interest accrual on unspent balance with agency bank statements'],{}
541,3.0,LOW,False,0.0,12.0,0.0,0.0,0.0,False,[],0.0001,0,Karnataka,YADUVEER KRISHNADATTA CHAMARAJA WADIYAR,MYSORE,147000000.0,147000000.0,0.0,0.0,False,0.75,[],['No investigative action indicated by current signals'],{}
542,1.8,LOW,False,4.6,0.0,0.0,0.0,0.0,False,[],0.0774,1,Delhi,Yogendra Chandoliya,NORTH WEST DELHI(SC),147876307.0,147000000.0,0.5961272108843563,0.0,False,1.0,[],['No investigative action indicated by current signals'],{}
543,3.0,LOW,False,0.0,12.0,0.0,0.0,0.0,False,[],0.0004,0,Uttar Pradesh,ZIA UR REHMAN,SAMBHAL,147000000.0,147000000.0,0.0,0.0,False,0.75,[],['No investigative action indicated by current signals'],{}
