member_id,sr_no,state,mp_name,mp_name_clean,constituency,constituency_base,constituency_category,allocated_amount,amount_missing,amount_has_paise,benchmark_amount,benchmark_ratio,log_amount,excess_over_benchmark_cr,shortfall_ratio,paise_component,state_median_amount,state_deviation_pct,state_percentile,national_percentile,is_above_benchmark,is_below_benchmark,name_quality_score,amount_missing_ind,national_median_amount,deviation_from_national_median_pct,deviation_from_state_median_pct,deviation_from_benchmark_pct,benchmark_verdict,peer_state_n
1,1,Maharashtra,AASHTIKAR PATIL NAGESH BAPURAO,AASHTIKAR PATIL NAGESH BAPURAO,HINGOLI,HINGOLI,general,190289442.0,False,False,147000000.0,1.294486,8.279414692604718,4.3289442,0.0,0.0,147000000.0,0.294486,0.9583333333333334,0.9558011049723757,True,False,0.75,0.0,147000000.0,29.448600000000003,29.448600000000003,29.448600000000003,ABOVE BENCHMARK,49
2,2,Jammu And Kashmir,ABDUL RASHID SHEIKH,ABDUL RASHID SHEIKH,BARAMULLAH,BARAMULLAH,general,147000000.0,False,False,147000000.0,1.0,8.167317334748176,0.0,0.0,0.0,147000000.0,0.0,0.6,0.3683241252302026,False,False,0.75,0.0,147000000.0,0.0,0.0,0.0,AT BENCHMARK,5
3,3,Bihar,ABHAY KUMAR SINHA,ABHAY KUMAR SINHA,AURANGABAD_BR,AURANGABAD (BR),general,147000000.0,False,False,147000000.0,1.0,8.167317334748176,0.0,0.0,0.0,147000000.0,0.0,0.425,0.3683241252302026,False,False,0.75,0.0,147000000.0,0.0,0.0,0.0,AT BENCHMARK,40
4,4,West Bengal,ABHIJIT GANGOPADHYAY,ABHIJIT GANGOPADHYAY,TAMLUK,TAMLUK,general,147000000.0,False,False,147000000.0,1.0,8.167317334748176,0.0,0.0,0.0,147000000.0,0.0,0.44047619047619047,0.3683241252302026,False,False,0.75,0.0,147000000.0,0.0,0.0,0.0,AT BENCHMARK,42
5,5,West Bengal,Abu Taher Khan,Abu Taher Khan,MURSHIDABAD,MURSHIDABAD,general,147000000.0,False,False,147000000.0,1.0,8.167317334748176,0.0,0.0,0.0,147000000.0,0.0,0.44047619047619047,0.3683241252302026,False,False,1.0,0.0,147000000.0,0.0,0.0,0.0,AT BENCHMARK,42
6,6,West Bengal,ADHIKARI SOUMENDU,ADHIKARI SOUMENDU,KANTHI,KANTHI,general,147000000.0,False,False,147000000.0,1.0,8.167317334748176,0.0,0.0,0.0,147000000.0,0.0,0.44047619047619047,0.3683241252302026,False,False,0.75,0.0,147000000.0,0.0,0.0,0.0,AT BENCHMARK,42
7,7,Uttar Pradesh,ADITYA YADAV,ADITYA YADAV,BADAUN,BADAUN,general,147000000.0,False,False,147000000.0,1.0,8.167317334748176,0.0,0.0,0.0,147000000.0,0.0,0.4,0.3683241252302026,False,False,0.75,0.0,147000000.0,0.0,0.0,0.0,AT BENCHMARK,80
8,8,Kerala,Adv Adoor Prakash,Adoor Prakash,ATTINGAL,ATTINGAL,general,147000000.0,False,False,147000000.0,1.0,8.167317334748176,0.0,0.0,0.0,147000000.0,0.0,0.375,0.3683241252302026,False,False,0.85,0.0,147000000.0,0.0,0.0,0.0,AT BENCHMARK,20
9,9,Kerala,Adv Dean Kuriakose,Dean Kuriakose,IDUKKI,IDUKKI,general,147000000.0,False,False,147000000.0,1.0,8.167317334748176,0.0,0.0,0.0,147000000.0,0.0,0.375,0.3683241252302026,False,False,0.85,0.0,147000000.0,0.0,0.0,0.0,AT BENCHMARK,20
10,10,Maharashtra,ADV GOWAAL KAGADA PADAVI,GOWAAL KAGADA PADAVI,NANDURBAR(ST),NANDURBAR,st,147816309.11,False,True,147000000.0,1.005553123197279,8.169722353989249,0.08163091100000143,0.0,11.0,147000000.0,0.005553123197279009,0.7708333333333334,0.7550644567219152,True,False,0.6,0.0,147000000.0,0.555312319727901,0.555312319727901,0.5553123197278964,ABOVE BENCHMARK,49
11,11,Kerala,ADV K FRANCIS GEORGE,K FRANCIS GEORGE,KOTTAYAM,KOTTAYAM,general,188722256.11,False,True,147000000.0,1.2838248714965987,8.275823119750509,4.172225611000002,0.0,11.0,147000000.0,0.28382487149659874,1.0,0.9521178637200737,True,False,0.6,0.0,147000000.0,28.382487149659873,28.382487149659873,28.382487149659873,ABOVE BENCHMARK,20
12,12,Uttar Pradesh,AFZAL ANSARI,AFZAL ANSARI,GHAZIPUR,GHAZIPUR,general,220500000.0,False,False,147000000.0,1.5,8.343408593803858,7.35,0.0,0.0,147000000.0,0.5,1.0,0.9834254143646409,True,False,0.75,0.0,147000000.0,50.0,50.0,50.0,ABOVE BENCHMARK,80
13,13,Jammu And Kashmir,AGA SYED RUHULLAH MEHDI,AGA SYED RUHULLAH MEHDI,SRINAGAR,SRINAGAR,general,147000000.0,False,False,147000000.0,1.0,8.167317334748176,0.0,0.0,0.0,147000000.0,0.0,0.6,0.3683241252302026,False,False,0.75,0.0,147000000.0,0.0,0.0,0.0,AT BENCHMARK,5
14,14,Uttarakhand,Ajay Bhatt,Ajay Bhatt,NAINITAL UDHAM SINGH NAG.,NAINITAL UDHAM SINGH NAG.,general,147000000.0,False,False,147000000.0,1.0,8.167317334748176,0.0,0.0,0.0,147000000.0,0.0,0.6,0.3683241252302026,False,False,1.0,0.0,147000000.0,0.0,0.0,0.0,AT BENCHMARK,5
15,15,Bihar,Ajay Kumar Mandal,Ajay Kumar Mandal,BHAGALPUR,BHAGALPUR,general,147000000.0,False,False,147000000.0,1.0,8.167317334748176,0.0,0.0,0.0,147000000.0,0.0,0.425,0.3683241252302026,False,False,1.0,0.0,147000000.0,0.0,0.0,0.0,AT BENCHMARK,40
16,16,Uttarakhand,Ajay Tamta,Ajay Tamta,ALMORA(SC),ALMORA,sc,147000000.0,False,False,147000000.0,1.0,8.167317334748176,0.0,0.0,0.0,147000000.0,0.0,0.6,0.3683241252302026,False,False,1.0,0.0,147000000.0,0.0,0.0,0.0,AT BENCHMARK,5
17,17,Uttar Pradesh,AJENDRA SINGH LODHI,AJENDRA SINGH LODHI,HAMIRPUR_UP,HAMIRPUR (UP),general,147000000.0,False,False,147000000.0,1.0,8.167317334748176,0.0,0.0,0.0,147000000.0,0.0,0.4,0.3683241252302026,False,False,0.75,0.0,147000000.0,0.0,0.0,0.0,AT BENCHMARK,80
18,18,Uttar Pradesh,AKHILESH YADAV,AKHILESH YADAV,KANNAUJ,KANNAUJ,general,147000000.0,False,False,147000000.0,1.0,8.167317334748176,0.0,0.0,0.0,147000000.0,0.0,0.4,0.3683241252302026,False,False,0.75,0.0,147000000.0,0.0,0.0,0.0,AT BENCHMARK,80
19,19,Uttar Pradesh,AKSHAYA YADAV,AKSHAYA YADAV,FIROZABAD,FIROZABAD,general,147000000.0,False,False,147000000.0,1.0,8.167317334748176,0.0,0.0,0.0,147000000.0,0.0,0.4,0.3683241252302026,False,False,0.75,0.0,147000000.0,0.0,0.0,0.0,AT BENCHMARK,80
20,20,Manipur,ALFRED KANNGAM S ARTHUR,ALFRED KANNGAM S ARTHUR,OUTER MANIPUR(ST),OUTER MANIPUR,st,147000000.0,False,False,147000000.0,1.0,8.167317334748176,0.0,0.0,0.0,147000000.0,0.0,0.75,0.3683241252302026,False,False,0.75,0.0,147000000.0,0.0,0.0,0.0,AT BENCHMARK,2
21,21,Bihar,Alok Kumar Suman,Alok Kumar Suman,GOPALGANJ (SC),GOPALGANJ,sc,147000000.0,False,False,147000000.0,1.0,8.167317334748176,0.0,0.0,0.0,147000000.0,0.0,0.425,0.3683241252302026,False,False,1.0,0.0,147000000.0,0.0,0.0,0.0,AT BENCHMARK,40
22,22,Madhya Pradesh,ALOK SHARMA,ALOK SHARMA,BHOPAL,BHOPAL,general,147000000.0,False,False,147000000.0,1.0,8.167317334748176,0.0,0.0,0.0,147000000.0,0.0,0.3620689655172414,0.3683241252302026,False,False,0.75,0.0,147000000.0,0.0,0.0,0.0,AT BENCHMARK,29
23,23,Maharashtra,AMAR SHARADRAO KALE,AMAR SHARADRAO KALE,WARDHA,WARDHA,general,147000000.0,False,False,147000000.0,1.0,8.167317334748176,0.0,0.0,0.0,147000000.0,0.0,0.3854166666666667,0.3683241252302026,False,False,0.75,0.0,147000000.0,0.0,0.0,0.0,AT BENCHMARK,49
24,24,Assam,AMARSING TISSO,AMARSING TISSO,Diphu (ST),Diphu,st,147000000.0,False,False,147000000.0,1.0,8.167317334748176,0.0,0.0,0.0,147000000.0,0.0,0.5357142857142857,0.3683241252302026,False,False,0.75,0.0,147000000.0,0.0,0.0,0.0,AT BENCHMARK,14
25,25,Andhra Pradesh,AMBICA G LAKSHMINARAYANA VALMIKI,AMBICA G LAKSHMINARAYANA VALMIKI,ANANTAPUR,ANANTAPUR,general,201899064.11,False,True,147000000.0,1.3734630211564627,8.305134305804438,5.4899064110000015,0.0,11.0,156430260.11,0.2906650156307791,0.96,0.9742173112338858,True,False,0.75,0.0,147000000.0,37.34630211564627,29.066501563077914,37.34630211564627,ABOVE BENCHMARK,25
26,26,Maharashtra,Amol Ramsing Kolhe,Amol Ramsing Kolhe,SHIRUR,SHIRUR,general,147000000.0,False,False,147000000.0,1.0,8.167317334748176,0.0,0.0,0.0,147000000.0,0.0,0.3854166666666667,0.3683241252302026,False,False,1.0,0.0,147000000.0,0.0,0.0,0.0,AT BENCHMARK,49
27,27,Rajasthan,AMRARAM,AMRARAM,SIKAR,SIKAR,general,165691544.11,False,True,147000000.0,1.127153361292517,8.21930034523242,1.8691544110000013,0.0,11.0,147000000.0,0.12715336129251711,0.92,0.8876611418047882,True,False,0.75,0.0,147000000.0,12.715336129251712,12.715336129251712,12.715336129251709,ABOVE BENCHMARK,25
28,28,Punjab,AMRINDER SINGH RAJA WARRING,AMRINDER SINGH RAJA WARRING,LUDHIANA,LUDHIANA,general,147000000.0,False,False,147000000.0,1.0,8.167317334748176,0.0,0.0,0.0,147000000.0,0.0,0.4583333333333333,0.3683241252302026,False,False,0.75,0.0,147000000.0,0.0,0.0,0.0,AT BENCHMARK,12
29,29,Uttar Pradesh,ANAND BHADAURIYA,ANAND BHADAURIYA,DHAURAHRA,DHAURAHRA,general,147000000.0,False,False,147000000.0,1.0,8.167317334748176,0.0,0.0,0.0,147000000.0,0.0,0.4,0.3683241252302026,False,False,0.75,0.0,147000000.0,0.0,0.0,0.0,AT BENCHMARK,80
30,30,Uttar Pradesh,ANAND KUMAR,ANAND KUMAR,BAHRAICH(SC),BAHRAICH,sc,147000000.0,False,False,147000000.0,1.0,8.167317334748176,0.0,0.0,0.0,147000000.0,0.0,0.4,0.3683241252302026,False,False,0.75,0.0,147000000.0,0.0,0.0,0.0,AT BENCHMARK,80
31,31,Odisha,ANANTA NAYAK,ANANTA NAYAK,KEONJHAR(ST),KEONJHAR,st,147000000.0,False,False,147000000.0,1.0,8.167317334748176,0.0,0.0,0.0,147000000.0,0.0,0.30952380952380953,0.3683241252302026,False,False,0.75,0.0,147000000.0,0.0,0.0,0.0,AT BENCHMARK,21
32,32,Tamil Nadu,Andimuthu Raja,Andimuthu Raja,NILGIRIS(SC),NILGIRIS,sc,147000000.0,False,False,147000000.0,1.0,8.167317334748176,0.0,0.0,0.0,147000000.0,0.0,0.2692307692307692,0.3683241252302026,False,False,1.0,0.0,147000000.0,0.0,0.0,0.0,AT BENCHMARK,39
33,33,Meghalaya,ANDREW J. SYNGKON,ANDREW J. SYNGKON,SHILLONG,SHILLONG,general,98000000.0,False,False,147000000.0,0.6666666666666666,7.991226075692495,0.0,0.3333333333333333,0.0,122500000.0,-0.2,0.5,0.006445672191528545,False,True,0.75,0.0,147000000.0,-33.33333333333333,-20.0,-33.333333333333336,BELOW BENCHMARK,2
34,34,Manipur,ANGOMCHA BIMOL AKOIJAM,ANGOMCHA BIMOL AKOIJAM,INNER MANIPUR,INNER MANIPUR,general,147000000.0,False,False,147000000.0,1.0,8.167317334748176,0.0,0.0,0.0,147000000.0,0.0,0.75,0.3683241252302026,False,False,0.75,0.0,147000000.0,0.0,0.0,0.0,AT BENCHMARK,2
35,35,Uttarakhand,ANIL BALUNI,ANIL BALUNI,GARHWAL,GARHWAL,general,147000000.0,False,False,147000000.0,1.0,8.167317334748176,0.0,0.0,0.0,147000000.0,0.0,0.6,0.3683241252302026,False,False,0.75,0.0,147000000.0,0.0,0.0,0.0,AT BENCHMARK,5
36,36,Maharashtra,ANIL YESHWANT DESAI,ANIL YESHWANT DESAI,MUMBAI SOUTH CENTRAL,MUMBAI SOUTH CENTRAL,general,147000000.0,False,False,147000000.0,1.0,8.167317334748176,0.0,0.0,0.0,147000000.0,0.0,0.3854166666666667,0.3683241252302026,False,False,0.75,0.0,147000000.0,0.0,0.0,0.0,AT BENCHMARK,49
37,37,Madhya Pradesh,ANITA NAGARSINGH CHOUHAN,ANITA NAGARSINGH CHOUHAN,RATLAM(ST),RATLAM,st,147000000.0,False,False,147000000.0,1.0,8.167317334748176,0.0,0.0,0.0,147000000.0,0.0,0.3620689655172414,0.3683241252302026,False,False,0.75,0.0,147000000.0,0.0,0.0,0.0,AT BENCHMARK,29
38,38,Odisha,ANITA SUBHADARSHINI,ANITA SUBHADARSHINI,ASKA,ASKA,general,147000000.0,False,False,147000000.0,1.0,8.167317334748176,0.0,0.0,0.0,147000000.0,0.0,0.30952380952380953,0.3683241252302026,False,False,0.75,0.0,147000000.0,0.0,0.0,0.0,AT BENCHMARK,21
39,39,Jharkhand,Annpurna Devi,Annpurna Devi,KODARMA,KODARMA,general,166665931.8,False,True,147000000.0,1.1337818489795919,8.221846834720905,1.9665931800000012,0.0,80.0,147000000.0,0.13378184897959192,0.9285714285714286,0.8913443830570903,True,False,1.0,0.0,147000000.0,13.378184897959192,13.378184897959192,13.378184897959189,ABOVE BENCHMARK,14
40,40,Uttar Pradesh,ANOOP PRADHAN BALMIKI,ANOOP PRADHAN BALMIKI,HATHRAS (SC),HATHRAS,sc,147000000.0,False,False,147000000.0,1.0,8.167317334748176,0.0,0.0,0.0,147000000.0,0.0,0.4,0.3683241252302026,False,False,0.75,0.0,147000000.0,0.0,0.0,0.0,AT BENCHMARK,80
41,41,Kerala,Anto Antony,Anto Antony,PATHANAMTHITTA,PATHANAMTHITTA,general,147000000.0,False,False,147000000.0,1.0,8.167317334748176,0.0,0.0,0.0,147000000.0,0.0,0.375,0.3683241252302026,False,False,1.0,0.0,147000000.0,0.0,0.0,0.0,AT BENCHMARK,20
42,42,Maharashtra,ANUP SANJAY DHOTRE,ANUP SANJAY DHOTRE,AKOLA,AKOLA,general,147000000.0,False,False,147000000.0,1.0,8.167317334748176,0.0,0.0,0.0,147000000.0,0.0,0.3854166666666667,0.3683241252302026,False,False,0.75,0.0,147000000.0,0.0,0.0,0.0,AT BENCHMARK,49
43,43,Uttar Pradesh,Anurag Sharma,Anurag Sharma,JHANSI,JHANSI,general,147000000.0,False,False,147000000.0,1.0,8.167317334748176,0.0,0.0,0.0,147000000.0,0.0,0.4,0.3683241252302026,False,False,1.0,0.0,147000000.0,0.0,0.0,0.0,AT BENCHMARK,80
44,44,Himachal Pradesh,Anurag Singh Thakur,Anurag Singh Thakur,HAMIRPUR_HP,HAMIRPUR (HP),general,149570117.11,False,True,147000000.0,1.0174837898639457,8.174844833698291,0.2570117110000014,0.0,11.0,151567037.11,-0.013175160233228893,0.5,0.7771639042357275,True,False,1.0,0.0,147000000.0,1.7483789863945676,-1.3175160233228893,1.748378986394572,ABOVE BENCHMARK,4
45,45,Andhra Pradesh,Appalanaidu Kalisetti,Appalanaidu Kalisetti,VIZIANAGARAM,VIZIANAGARAM,general,147000000.0,False,False,147000000.0,1.0,8.167317334748176,0.0,0.0,0.0,156430260.11,-0.060284117045952365,0.22,0.3683241252302026,False,False,1.0,0.0,147000000.0,0.0,-6.028411704595237,0.0,AT BENCHMARK,25
46,46,Bihar,ARUN BHARTI,ARUN BHARTI,JAMUI(SC),JAMUI,sc,194924621.11,False,True,147000000.0,1.3260178306802721,8.289866698721898,4.792462111000002,0.0,11.0,147000000.0,0.3260178306802722,1.0,0.9613259668508287,True,False,0.75,0.0,147000000.0,32.60178306802722,32.60178306802722,32.60178306802721,ABOVE BENCHMARK,40
47,47,Uttar Pradesh,ARUN GOVIL,ARUN GOVIL,MEERUT,MEERUT,general,147000000.0,False,False,147000000.0,1.0,8.167317334748176,0.0,0.0,0.0,147000000.0,0.0,0.4,0.3683241252302026,False,False,0.75,0.0,147000000.0,0.0,0.0,0.0,AT BENCHMARK,80
48,48,Tamil Nadu,ARUN NEHRU,ARUN NEHRU,PERAMBALUR,PERAMBALUR,general,147000000.0,False,False,147000000.0,1.0,8.167317334748176,0.0,0.0,0.0,147000000.0,0.0,0.2692307692307692,0.3683241252302026,False,False,0.75,0.0,147000000.0,0.0,0.0,0.0,AT BENCHMARK,39
49,49,Telangana,ARUNA. D. K,ARUNA. D. K,MAHABUBNAGAR,MAHABUBNAGAR,general,147000000.0,False,False,147000000.0,1.0,8.167317334748176,0.0,0.0,0.0,147000000.0,0.0,0.35294117647058826,0.3683241252302026,False,False,0.75,0.0,147000000.0,0.0,0.0,0.0,AT BENCHMARK,17
50,50,West Bengal,ARUP CHAKRABORTY,ARUP CHAKRABORTY,BANKURA,BANKURA,general,147000000.0,False,False,147000000.0,1.0,8.167317334748176,0.0,0.0,0.0,147000000.0,0.0,0.44047619047619047,0.3683241252302026,False,False,0.75,0.0,147000000.0,0.0,0.0,0.0,AT BENCHMARK,42
51,51,Telangana,Arvind Dharmapuri,Arvind Dharmapuri,NIZAMABAD,NIZAMABAD,general,281396355.11,False,True,147000000.0,1.9142609191156463,8.44931846777582,13.439635511000002,0.0,11.0,147000000.0,0.9142609191156463,0.9411764705882353,0.998158379373849,True,False,1.0,0.0,147000000.0,91.42609191156464,91.42609191156464,91.42609191156464,ABOVE BENCHMARK,17
52,52,Maharashtra,Arvind Ganpat Sawant,Arvind Ganpat Sawant,MUMBAI SOUTH,MUMBAI SOUTH,general,147000000.0,False,False,147000000.0,1.0,8.167317334748176,0.0,0.0,0.0,147000000.0,0.0,0.3854166666666667,0.3683241252302026,False,False,1.0,0.0,147000000.0,0.0,0.0,0.0,AT BENCHMARK,49
53,53,Telangana,Asaduddin Owaisi,Asaduddin Owaisi,HYDERABAD,HYDERABAD,general,147000000.0,False,False,147000000.0,1.0,8.167317334748176,0.0,0.0,0.0,147000000.0,0.0,0.35294117647058826,0.3683241252302026,False,False,1.0,0.0,147000000.0,0.0,0.0,0.0,AT BENCHMARK,17
54,54,Madhya Pradesh,ASHISH DUBEY,ASHISH DUBEY,JABALPUR,JABALPUR,general,147000000.0,False,False,147000000.0,1.0,8.167317334748176,0.0,0.0,0.0,147000000.0,0.0,0.3620689655172414,0.3683241252302026,False,False,0.75,0.0,147000000.0,0.0,0.0,0.0,AT BENCHMARK,29
55,55,Uttar Pradesh,Ashok Kumar Rawat,Ashok Kumar Rawat,MISRIKH(SC),MISRIKH,sc,147000000.0,False,False,147000000.0,1.0,8.167317334748176,0.0,0.0,0.0,147000000.0,0.0,0.4,0.3683241252302026,False,False,1.0,0.0,147000000.0,0.0,0.0,0.0,AT BENCHMARK,80
56,56,Bihar,Ashok Kumar Yadav,Ashok Kumar Yadav,MADHUBANI,MADHUBANI,general,147000000.0,False,False,147000000.0,1.0,8.167317334748176,0.0,0.0,0.0,147000000.0,0.0,0.425,0.3683241252302026,False,False,1.0,0.0,147000000.0,0.0,0.0,0.0,AT BENCHMARK,40
57,57,West Bengal,Asit Kumar Mal,Asit Kumar Mal,BOLPUR(SC),BOLPUR,sc,275694456.74,False,True,147000000.0,1.875472494829932,8.440428034036742,12.869445674000001,0.0,74.0,147000000.0,0.8754724948299321,1.0,0.996316758747698,True,False,1.0,0.0,147000000.0,87.54724948299321,87.54724948299321,87.5472494829932,ABOVE BENCHMARK,42
58,58,Uttar Pradesh,ATUL GARG,ATUL GARG,GHAZIABAD,GHAZIABAD,general,155336470.0,False,False,147000000.0,1.056710680272109,8.19127343164805,0.833647,0.0,0.0,147000000.0,0.05671068027210884,0.8875,0.8268876611418048,True,False,0.75,0.0,147000000.0,5.671068027210884,5.671068027210884,5.67106802721089,ABOVE BENCHMARK,80
59,59,Odisha,AVIMANYU SETHI,AVIMANYU SETHI,BHADRAK(SC),BHADRAK,sc,147000000.0,False,False,147000000.0,1.0,8.167317334748176,0.0,0.0,0.0,147000000.0,0.0,0.30952380952380953,0.3683241252302026,False,False,0.75,0.0,147000000.0,0.0,0.0,0.0,AT BENCHMARK,21
60,60,Uttar Pradesh,AWADHESH PRASAD,AWADHESH PRASAD,FAIZABAD,FAIZABAD,general,147000000.0,False,False,147000000.0,1.0,8.167317334748176,0.0,0.0,0.0,147000000.0,0.0,0.4,0.3683241252302026,False,False,0.75,0.0,147000000.0,0.0,0.0,0.0,AT BENCHMARK,80
61,61,West Bengal,AZAD KIRTI JHA,AZAD KIRTI JHA,BARDHAMAN-DURGAPUR,BARDHAMAN-DURGAPUR,general,179658399.98,False,True,147000000.0,1.2221659862585033,8.254447527578394,3.265839997999999,0.0,98.0,147000000.0,0.22216598625850334,0.9285714285714286,0.9337016574585635,True,False,0.75,0.0,147000000.0,22.216598625850335,22.216598625850335,22.216598625850324,ABOVE BENCHMARK,42
62,62,Andhra Pradesh,B K PARTHASARATHI,B K PARTHASARATHI,HINDUPUR,HINDUPUR,general,160491894.11,False,True,147000000.0,1.091781592585034,8.205453102583903,1.3491894110000013,0.0,11.0,156430260.11,0.025964503269021635,0.64,0.860036832412523,True,False,0.75,0.0,147000000.0,9.178159258503412,2.5964503269021635,9.178159258503404,ABOVE BENCHMARK,25
63,63,Uttar Pradesh,BABU SINGH KUSHWAHA,BABU SINGH KUSHWAHA,JAUNPUR,JAUNPUR,general,147000000.0,False,False,147000000.0,1.0,8.167317334748176,0.0,0.0,0.0,147000000.0,0.0,0.4,0.3683241252302026,False,False,0.75,0.0,147000000.0,0.0,0.0,0.0,AT BENCHMARK,80
64,64,Maharashtra,BACHHAV SHOBHA DINESH,BACHHAV SHOBHA DINESH,DHULE,DHULE,general,147000000.0,False,False,147000000.0,1.0,8.167317334748176,0.0,0.0,0.0,147000000.0,0.0,0.3854166666666667,0.3683241252302026,False,False,0.75,0.0,147000000.0,0.0,0.0,0.0,AT BENCHMARK,49
65,65,West Bengal,BAG MITALI,BAG MITALI,ARAMBAG(SC),ARAMBAG,sc,147000000.0,False,False,147000000.0,1.0,8.167317334748176,0.0,0.0,0.0,147000000.0,0.0,0.44047619047619047,0.3683241252302026,False,False,0.75,0.0,147000000.0,0.0,0.0,0.0,AT BENCHMARK,42
66,66,Odisha,BAIJAYANT PANDA,BAIJAYANT PANDA,KENDRAPARA,KENDRAPARA,general,147000000.0,False,False,147000000.0,1.0,8.167317334748176,0.0,0.0,0.0,147000000.0,0.0,0.30952380952380953,0.3683241252302026,False,False,0.75,0.0,147000000.0,0.0,0.0,0.0,AT BENCHMARK,21
67,67,Maharashtra,BAJRANG MANOHAR SONWANE,BAJRANG MANOHAR SONWANE,BEED,BEED,general,165899107.19,False,True,147000000.0,1.1285653550340136,8.219844048812186,1.8899107189999997,0.0,19.0,147000000.0,0.1285653550340136,0.875,0.8895027624309392,True,False,0.75,0.0,147000000.0,12.856535503401359,12.856535503401359,12.856535503401357,ABOVE BENCHMARK,49
68,68,Odisha,BALABHADRA MAJHI,BALABHADRA MAJHI,NABARANGPUR(ST),NABARANGPUR,st,147413962.11,False,True,147000000.0,1.0028160687755103,8.168538619073669,0.04139621100000143,0.0,11.0,147000000.0,0.0028160687755103015,0.7142857142857143,0.7440147329650092,True,False,0.75,0.0,147000000.0,0.28160687755103014,0.28160687755103014,0.28160687755103275,AT BENCHMARK,21
69,69,Andhra Pradesh,Balashowry Vallabbhaneni,Balashowry Vallabbhaneni,MACHILIPATNAM,MACHILIPATNAM,general,147000000.0,False,False,147000000.0,1.0,8.167317334748176,0.0,0.0,0.0,156430260.11,-0.060284117045952365,0.22,0.3683241252302026,False,False,1.0,0.0,147000000.0,0.0,-6.028411704595237,0.0,AT BENCHMARK,25
70,70,Telangana,BALRAM NAIK PORIKA,BALRAM NAIK PORIKA,MAHABUBABAD,MAHABUBABAD,general,147000000.0,False,False,147000000.0,1.0,8.167317334748176,0.0,0.0,0.0,147000000.0,0.0,0.35294117647058826,0.3683241252302026,False,False,0.75,0.0,147000000.0,0.0,0.0,0.0,AT BENCHMARK,17
71,71,Maharashtra,BALWANT BASWANT WANKHADE,BALWANT BASWANT WANKHADE,AMRAVATI(SC),AMRAVATI,sc,198293678.0,False,False,147000000.0,1.3489365850340136,8.29730886824725,5.1293678,0.0,0.0,147000000.0,0.3489365850340136,1.0,0.9686924493554327,True,False,0.75,0.0,147000000.0,34.89365850340136,34.89365850340136,34.89365850340136,ABOVE BENCHMARK,49
72,72,Maharashtra,BALYA MAMA SURESH GOPINATH MHATRE,BALYA MAMA SURESH GOPINATH MHATRE,BHIWANDI,BHIWANDI,general,147000000.0,False,False,147000000.0,1.0,8.167317334748176,0.0,0.0,0.0,147000000.0,0.0,0.3854166666666667,0.3683241252302026,False,False,0.75,0.0,147000000.0,0.0,0.0,0.0,AT BENCHMARK,49
73,73,Delhi,Bansuri Swaraj,Bansuri Swaraj,NEW DELHI,NEW DELHI,general,154306950.0,False,False,147000000.0,1.049707142857143,8.188385487169272,0.730695,0.0,0.0,147559100.0,0.04572981266489156,0.8571428571428571,0.8158379373848987,True,False,1.0,0.0,147000000.0,4.970714285714286,4.572981266489156,4.970714285714295,ABOVE BENCHMARK,7
74,74,West Bengal,BAPI HALDAR,BAPI HALDAR,MATHURAPUR(SC),MATHURAPUR,sc,147000000.0,False,False,147000000.0,1.0,8.167317334748176,0.0,0.0,0.0,147000000.0,0.0,0.44047619047619047,0.3683241252302026,False,False,0.75,0.0,147000000.0,0.0,0.0,0.0,AT BENCHMARK,42
75,75,Karnataka,BASAVARAJ BOMMAI,BASAVARAJ BOMMAI,HAVERI,HAVERI,general,147000000.0,False,False,147000000.0,1.0,8.167317334748176,0.0,0.0,0.0,147000000.0,0.0,0.44642857142857145,0.3683241252302026,False,False,0.75,0.0,147000000.0,0.0,0.0,0.0,AT BENCHMARK,28
76,76,Andhra Pradesh,BASTIPATI NAGARAJU PANCHALINGALA,BASTIPATI NAGARAJU PANCHALINGALA,KURNOOL,KURNOOL,general,159998515.11,False,True,147000000.0,1.0884252728571429,8.204115952140139,1.2998515110000015,0.0,11.0,156430260.11,0.022810516312450308,0.6,0.852670349907919,True,False,0.75,0.0,147000000.0,8.842527285714295,2.2810516312450306,8.842527285714286,ABOVE BENCHMARK,25
77,77,Rajasthan,Bhagirath Chaudhary,Bhagirath Chaudhary,AJMER,AJMER,general,147000000.0,False,False,147000000.0,1.0,8.167317334748176,0.0,0.0,0.0,147000000.0,0.0,0.44,0.3683241252302026,False,False,1.0,0.0,147000000.0,0.0,0.0,0.0,AT BENCHMARK,25
78,78,Rajasthan,BHAJAN LAL JATAV,BHAJAN LAL JATAV,KARAULI-DHOLPUR(SC),KARAULI-DHOLPUR,sc,147000000.0,False,False,147000000.0,1.0,8.167317334748176,0.0,0.0,0.0,147000000.0,0.0,0.44,0.3683241252302026,False,False,0.75,0.0,147000000.0,0.0,0.0,0.0,AT BENCHMARK,25
79,79,Madhya Pradesh,BHARAT SINGH KUSHWAH,BHARAT SINGH KUSHWAH,GWALIOR,GWALIOR,general,151455276.04,False,True,147000000.0,1.0303080002721088,8.180284406854398,0.4455276039999992,0.0,4.0,147000000.0,0.03030800027210879,0.7931034482758621,0.7918968692449355,True,False,0.75,0.0,147000000.0,3.030800027210879,3.030800027210879,3.030800027210878,ABOVE BENCHMARK,29
80,80,Gujarat,BHARATBHAI MANUBHAI SUTARIYA,BHARATBHAI MANUBHAI SUTARIYA,AMRELI,AMRELI,general,147000000.0,False,False,147000000.0,1.0,8.167317334748176,0.0,0.0,0.0,147000000.0,0.0,0.4807692307692308,0.3683241252302026,False,False,0.75,0.0,147000000.0,0.0,0.0,0.0,AT BENCHMARK,26
81,81,Gujarat,Bharatsinhji Shankarji Dabhi,Bharatsinhji Shankarji Dabhi,PATAN,PATAN,general,147000000.0,False,False,147000000.0,1.0,8.167317334748176,0.0,0.0,0.0,147000000.0,0.0,0.4807692307692308,0.3683241252302026,False,False,1.0,0.0,147000000.0,0.0,0.0,0.0,AT BENCHMARK,26
82,82,Madhya Pradesh,BHARTI PARDHI,BHARTI PARDHI,BALAGHAT,BALAGHAT,general,154398389.01,False,True,147000000.0,1.0503291769387755,8.188642764602584,0.739838900999999,0.0,1.0,147000000.0,0.05032917693877544,0.896551724137931,0.8176795580110497,True,False,0.75,0.0,147000000.0,5.032917693877544,5.032917693877544,5.032917693877548,ABOVE BENCHMARK,29
83,83,Maharashtra,BHASKAR MURLIDHAR BHAGARE,BHASKAR MURLIDHAR BHAGARE,DINDORI(ST),DINDORI,st,147000000.0,False,False,147000000.0,1.0,8.167317334748176,0.0,0.0,0.0,147000000.0,0.0,0.3854166666666667,0.3683241252302026,False,False,0.75,0.0,147000000.0,0.0,0.0,0.0,AT BENCHMARK,49
84,84,Maharashtra,BHAUSAHEB RAJARAM WAKCHAURE,BHAUSAHEB RAJARAM WAKCHAURE,SHIRDI(SC),SHIRDI,sc,147000000.0,False,False,147000000.0,1.0,8.167317334748176,0.0,0.0,0.0,147000000.0,0.0,0.3854166666666667,0.3683241252302026,False,False,0.75,0.0,147000000.0,0.0,0.0,0.0,AT BENCHMARK,49
85,85,Chhattisgarh,BHOJRAJ NAG,BHOJRAJ NAG,KANKER(ST),KANKER,st,164672734.11,False,True,147000000.0,1.1202226810204083,8.216621696280583,1.7672734110000015,0.0,11.0,150384382.11,0.09501220671670982,1.0,0.8839779005524862,True,False,0.75,0.0,147000000.0,12.022268102040826,9.501220671670982,12.022268102040833,ABOVE BENCHMARK,11
86,86,Uttar Pradesh,Bhola Singh,Bhola Singh,BULANDSHAHR(SC),BULANDSHAHR,sc,147000000.0,False,False,147000000.0,1.0,8.167317334748176,0.0,0.0,0.0,147000000.0,0.0,0.4,0.3683241252302026,False,False,1.0,0.0,147000000.0,0.0,0.0,0.0,AT BENCHMARK,80
87,87,Maharashtra,BHUMARE SANDIPANRAO ASARAM,BHUMARE SANDIPANRAO ASARAM,AURANGABAD_MH,AURANGABAD (MH),general,147000000.0,False,False,147000000.0,1.0,8.167317334748176,0.0,0.0,0.0,147000000.0,0.0,0.3854166666666667,0.3683241252302026,False,False,0.75,0.0,147000000.0,0.0,0.0,0.0,AT BENCHMARK,49
88,88,Andhra Pradesh,Bhupathiraju Srinivasa varma,Bhupathiraju Srinivasa varma,NARASAPURAM,NARASAPURAM,general,147000000.0,False,False,147000000.0,1.0,8.167317334748176,0.0,0.0,0.0,156430260.11,-0.060284117045952365,0.22,0.3683241252302026,False,False,1.0,0.0,147000000.0,0.0,-6.028411704595237,0.0,AT BENCHMARK,25
89,89,Rajasthan,BHUPENDER YADAV,BHUPENDER YADAV,ALWAR,ALWAR,general,147000000.0,False,False,147000000.0,1.0,8.167317334748176,0.0,0.0,0.0,147000000.0,0.0,0.44,0.3683241252302026,False,False,0.75,0.0,147000000.0,0.0,0.0,0.0,AT BENCHMARK,25
90,90,Odisha,BIBHU PRASAD TARAI,BIBHU PRASAD TARAI,JAGATSINGHPUR(SC),JAGATSINGHPUR,sc,147000000.0,False,False,147000000.0,1.0,8.167317334748176,0.0,0.0,0.0,147000000.0,0.0,0.30952380952380953,0.3683241252302026,False,False,0.75,0.0,147000000.0,0.0,0.0,0.0,AT BENCHMARK,21
91,91,Jharkhand,Bidyut Baran Mahato,Bidyut Baran Mahato,JAMSHEDPUR,JAMSHEDPUR,general,147000000.0,False,False,147000000.0,1.0,8.167317334748176,0.0,0.0,0.0,147000000.0,0.0,0.32142857142857145,0.3683241252302026,False,False,1.0,0.0,147000000.0,0.0,0.0,0.0,AT BENCHMARK,14
92,92,Assam,BIJULI KALITA MEDHI,BIJULI KALITA MEDHI,GUWAHATI,GUWAHATI,general,147000000.0,False,False,147000000.0,1.0,8.167317334748176,0.0,0.0,0.0,147000000.0,0.0,0.5357142857142857,0.3683241252302026,False,False,0.75,0.0,147000000.0,0.0,0.0,0.0,AT BENCHMARK,14
93,93,Tripura,BIPLAB KUMAR DEB,BIPLAB KUMAR DEB,TRIPURA WEST,TRIPURA WEST,general,147000000.0,False,False,147000000.0,1.0,8.167317334748176,0.0,0.0,0.0,147000000.0,0.0,0.75,0.3683241252302026,False,False,0.75,0.0,147000000.0,0.0,0.0,0.0,AT BENCHMARK,2
94,94,Andaman And Nicobar Islands,BISHNU PADA RAY,BISHNU PADA RAY,ANDAMAN AND NICOBAR ISLANDS,ANDAMAN AND NICOBAR ISLANDS,general,147000000.0,False,False,147000000.0,1.0,8.167317334748176,0.0,0.0,0.0,147000000.0,0.0,1.0,0.3683241252302026,False,False,0.75,0.0,147000000.0,0.0,0.0,0.0,AT BENCHMARK,1
95,95,Rajasthan,BRIJENDRA SINGH OLA,BRIJENDRA SINGH OLA,JHUNJHUNU,JHUNJHUNU,general,147000000.0,False,False,147000000.0,1.0,8.167317334748176,0.0,0.0,0.0,147000000.0,0.0,0.44,0.3683241252302026,False,False,0.75,0.0,147000000.0,0.0,0.0,0.0,AT BENCHMARK,25
96,96,Chhattisgarh,BRIJMOHAN AGRAWAL,BRIJMOHAN AGRAWAL,RAIPUR,RAIPUR,general,153766451.11,False,True,147000000.0,1.046030279659864,8.186861591075663,0.6766451110000015,0.0,11.0,150384382.11,0.02248949626648168,0.7272727272727273,0.8121546961325967,True,False,0.75,0.0,147000000.0,4.603027965986405,2.248949626648168,4.603027965986395,ABOVE BENCHMARK,11
97,97,Madhya Pradesh,BUNTY VIVEK SAHU,BUNTY VIVEK SAHU,CHHINDWARA,CHHINDWARA,general,147000000.0,False,False,147000000.0,1.0,8.167317334748176,0.0,0.0,0.0,147000000.0,0.0,0.3620689655172414,0.3683241252302026,False,False,0.75,0.0,147000000.0,0.0,0.0,0.0,AT BENCHMARK,29
98,98,Gujarat,C R Patil,C R Patil,NAVSARI,NAVSARI,general,158532494.36,False,True,147000000.0,1.078452342585034,8.200118292893603,1.1532494360000014,0.0,36.0,147000000.0,0.07845234258503411,0.9615384615384616,0.8379373848987108,True,False,1.0,0.0,147000000.0,7.845234258503411,7.845234258503411,7.8452342585034085,ABOVE BENCHMARK,26
99,99,Andhra Pradesh,C.M.RAMESH,C.M.RAMESH,ANAKAPALLE,ANAKAPALLE,general,202531656.11,False,True,147000000.0,1.3777663680952381,8.306492913967524,5.553165611000002,0.0,11.0,156430260.11,0.29470893909900814,1.0,0.9760589318600368,True,False,0.75,0.0,147000000.0,37.776636809523815,29.470893909900813,37.77663680952381,ABOVE BENCHMARK,25
100,100,Karnataka,CAPTAIN BRIJESH CHOWTA,BRIJESH CHOWTA,DAKSHINA KANNADA,DAKSHINA KANNADA,general,147000000.0,False,False,147000000.0,1.0,8.167317334748176,0.0,0.0,0.0,147000000.0,0.0,0.44642857142857145,0.3683241252302026,False,False,0.6,0.0,147000000.0,0.0,0.0,0.0,AT BENCHMARK,28
101,101,Goa,CAPTAIN VIRIATO FERNANDES,VIRIATO FERNANDES,SOUTH GOA,SOUTH GOA,general,147000000.0,False,False,147000000.0,1.0,8.167317334748176,0.0,0.0,0.0,147000000.0,0.0,0.75,0.3683241252302026,False,False,0.6,0.0,147000000.0,0.0,0.0,0.0,AT BENCHMARK,2
102,102,Telangana,CHAMALA KIRAN KUMAR REDDY,CHAMALA KIRAN KUMAR REDDY,BHONGIR,BHONGIR,general,147000000.0,False,False,147000000.0,1.0,8.167317334748176,0.0,0.0,0.0,147000000.0,0.0,0.35294117647058826,0.3683241252302026,False,False,0.75,0.0,147000000.0,0.0,0.0,0.0,AT BENCHMARK,17
103,103,Uttar Pradesh,CHANDAN CHAUHAN,CHANDAN CHAUHAN,BIJNOR,BIJNOR,general,147000000.0,False,False,147000000.0,1.0,8.167317334748176,0.0,0.0,0.0,147000000.0,0.0,0.4,0.3683241252302026,False,False,0.75,0.0,147000000.0,0.0,0.0,0.0,AT BENCHMARK,80
104,104,Rajasthan,Chandra Prakash Joshi,Chandra Prakash Joshi,CHITTORGARH,CHITTORGARH,general,147000000.0,False,False,147000000.0,1.0,8.167317334748176,0.0,0.0,0.0,147000000.0,0.0,0.44,0.3683241252302026,False,False,1.0,0.0,147000000.0,0.0,0.0,0.0,AT BENCHMARK,25
105,105,Uttar Pradesh,CHANDRA SHEKHAR,CHANDRA SHEKHAR,NAGINA(SC),NAGINA,sc,147000000.0,False,False,147000000.0,1.0,8.167317334748176,0.0,0.0,0.0,147000000.0,0.0,0.4,0.3683241252302026,False,False,0.75,0.0,147000000.0,0.0,0.0,0.0,AT BENCHMARK,80
106,106,Gujarat,CHANDUBHAI CHHAGANBHAI SHIHORA,CHANDUBHAI CHHAGANBHAI SHIHORA,SURENDRANAGAR,SURENDRANAGAR,general,147000000.0,False,False,147000000.0,1.0,8.167317334748176,0.0,0.0,0.0,147000000.0,0.0,0.4807692307692308,0.3683241252302026,False,False,0.75,0.0,147000000.0,0.0,0.0,0.0,AT BENCHMARK,26
107,107,Punjab,CHARANJIT SINGH CHANNI,CHARANJIT SINGH CHANNI,JALANDHAR(SC),JALANDHAR,sc,147000000.0,False,False,147000000.0,1.0,8.167317334748176,0.0,0.0,0.0,147000000.0,0.0,0.4583333333333333,0.3683241252302026,False,False,0.75,0.0,147000000.0,0.0,0.0,0.0,AT BENCHMARK,12
108,108,Maharashtra,CHAVAN VASANTRAO BALWANTRAO,CHAVAN VASANTRAO BALWANTRAO,NANDED,NANDED,general,,True,False,147000000.0,1.0,8.167317334748176,0.0,0.0,0.0,147000000.0,0.0,0.5,,False,False,0.75,1.0,147000000.0,,0.0,0.0,ALLOCATION NOT RECORDED,49
109,109,Uttar Pradesh,CHHATRA PAL SINGH GANGWAR,CHHATRA PAL SINGH GANGWAR,BAREILLY,BAREILLY,general,147000000.0,False,False,147000000.0,1.0,8.167317334748176,0.0,0.0,0.0,147000000.0,0.0,0.4,0.3683241252302026,False,False,0.75,0.0,147000000.0,0.0,0.0,0.0,AT BENCHMARK,80
110,110,Maharashtra,CHHATRAPATI SHAHU SHAHAJI,CHHATRAPATI SHAHU SHAHAJI,KOLHAPUR,KOLHAPUR,general,147000000.0,False,False,147000000.0,1.0,8.167317334748176,0.0,0.0,0.0,147000000.0,0.0,0.3854166666666667,0.3683241252302026,False,False,0.75,0.0,147000000.0,0.0,0.0,0.0,AT BENCHMARK,49
111,111,Uttar Pradesh,CHHOTELAL,CHHOTELAL,ROBERTSGANJ(SC),ROBERTSGANJ,sc,147000000.0,False,False,147000000.0,1.0,8.167317334748176,0.0,0.0,0.0,147000000.0,0.0,0.4,0.3683241252302026,False,False,0.75,0.0,147000000.0,0.0,0.0,0.0,AT BENCHMARK,80
112,112,Chhattisgarh,CHINTAMANI MAHARAJ,CHINTAMANI MAHARAJ,SARGUJA(ST),SARGUJA,st,147000000.0,False,False,147000000.0,1.0,8.167317334748176,0.0,0.0,0.0,150384382.11,-0.02250487758445872,0.2727272727272727,0.3683241252302026,False,False,0.75,0.0,147000000.0,0.0,-2.250487758445872,0.0,AT BENCHMARK,11
113,113,Bihar,CHIRAG PASWAN,CHIRAG PASWAN,HAJIPUR(SC),HAJIPUR,sc,147000000.0,False,False,147000000.0,1.0,8.167317334748176,0.0,0.0,0.0,147000000.0,0.0,0.425,0.3683241252302026,False,False,0.75,0.0,147000000.0,0.0,0.0,0.0,AT BENCHMARK,40
114,114,Tamil Nadu,CN Annadurai,CN Annadurai,TIRUVANNAMALAI,TIRUVANNAMALAI,general,148579509.11,False,True,147000000.0,1.0107449599319729,8.171958919154887,0.15795091100000144,0.0,11.0,147000000.0,0.010744959931972886,0.6153846153846154,0.7661141804788214,True,False,1.0,0.0,147000000.0,1.0744959931972886,1.0744959931972886,1.0744959931972886,ABOVE BENCHMARK,39
115,115,Tamil Nadu,D M Kathir Anand,D M Kathir Anand,VELLORE,VELLORE,general,160196941.11,False,True,147000000.0,1.0897751095918369,8.20465421916563,1.3196941110000013,0.0,11.0,147000000.0,0.08977510959183684,0.6923076923076923,0.856353591160221,True,False,1.0,0.0,147000000.0,8.977510959183684,8.977510959183684,8.977510959183688,ABOVE BENCHMARK,39
116,116,Tamil Nadu,D Ravikumar,D Ravikumar,VILUPPURAM(SC),VILUPPURAM,sc,197598306.11,False,True,147000000.0,1.3442061640136056,8.29578321732533,5.0598306110000015,0.0,11.0,147000000.0,0.34420616401360554,1.0,0.9668508287292817,True,False,1.0,0.0,147000000.0,34.420616401360554,34.420616401360554,34.42061640136056,ABOVE BENCHMARK,39
117,117,Andhra Pradesh,Daggubati Purandeshwari,Daggubati Purandeshwari,RAJAHMUNDRY,RAJAHMUNDRY,general,147000000.0,False,False,147000000.0,1.0,8.167317334748176,0.0,0.0,0.0,156430260.11,-0.060284117045952365,0.22,0.3683241252302026,False,False,1.0,0.0,147000000.0,0.0,-6.028411704595237,0.0,AT BENCHMARK,25
118,118,Andhra Pradesh,DAGGUMALLA PRASADA RAO,DAGGUMALLA PRASADA RAO,CHITTOOR,CHITTOOR,general,147000000.0,False,False,147000000.0,1.0,8.167317334748176,0.0,0.0,0.0,156430260.11,-0.060284117045952365,0.22,0.3683241252302026,False,False,0.75,0.0,147000000.0,0.0,-6.028411704595237,0.0,AT BENCHMARK,25
119,119,Rajasthan,DAMODAR AGARWAL,DAMODAR AGARWAL,BHILWARA,BHILWARA,general,147000000.0,False,False,147000000.0,1.0,8.167317334748176,0.0,0.0,0.0,147000000.0,0.0,0.44,0.3683241252302026,False,False,0.75,0.0,147000000.0,0.0,0.0,0.0,AT BENCHMARK,25
120,120,Uttar Pradesh,DAROGA PRASAD SAROJ,DAROGA PRASAD SAROJ,LALGANJ (SC),LALGANJ,sc,147000000.0,False,False,147000000.0,1.0,8.167317334748176,0.0,0.0,0.0,147000000.0,0.0,0.4,0.3683241252302026,False,False,0.75,0.0,147000000.0,0.0,0.0,0.0,AT BENCHMARK,80
121,121,Madhya Pradesh,DARSHAN SINGH CHOUDHARY,DARSHAN SINGH CHOUDHARY,HOSHANGABAD,HOSHANGABAD,general,147000000.0,False,False,147000000.0,1.0,8.167317334748176,0.0,0.0,0.0,147000000.0,0.0,0.3620689655172414,0.3683241252302026,False,False,0.75,0.0,147000000.0,0.0,0.0,0.0,AT BENCHMARK,29
122,122,Haryana,DEEPENDER SINGH HOODA,DEEPENDER SINGH HOODA,ROHTAK,ROHTAK,general,147000000.0,False,False,147000000.0,1.0,8.167317334748176,0.0,0.0,0.0,147000000.0,0.0,0.5,0.3683241252302026,False,False,0.75,0.0,147000000.0,0.0,0.0,0.0,AT BENCHMARK,10
123,123,Uttar Pradesh,Devendra Alias Bhole Singh,Devendra Alias Bhole Singh,AKBARPUR,AKBARPUR,general,147000000.0,False,False,147000000.0,1.0,8.167317334748176,0.0,0.0,0.0,147000000.0,0.0,0.4,0.3683241252302026,False,False,1.0,0.0,147000000.0,0.0,0.0,0.0,AT BENCHMARK,80
124,124,Bihar,DEVESH CHANDRA THAKUR,DEVESH CHANDRA THAKUR,SITAMARHI,SITAMARHI,general,163809205.11,False,True,147000000.0,1.1143483340816327,8.214338302895412,1.6809205110000014,0.0,11.0,147000000.0,0.11434833408163275,0.95,0.8766114180478821,True,False,0.75,0.0,147000000.0,11.434833408163275,11.434833408163275,11.43483340816327,ABOVE BENCHMARK,40
125,125,Uttar Pradesh,DEVESH SHAKYA,DEVESH SHAKYA,ETAH,ETAH,general,147000000.0,False,False,147000000.0,1.0,8.167317334748176,0.0,0.0,0.0,147000000.0,0.0,0.4,0.3683241252302026,False,False,0.75,0.0,147000000.0,0.0,0.0,0.0,AT BENCHMARK,80
126,126,Gujarat,Devusinh Jesingbhai Chauhan,Devusinh Jesingbhai Chauhan,KHEDA,KHEDA,general,147000000.0,False,False,147000000.0,1.0,8.167317334748176,0.0,0.0,0.0,147000000.0,0.0,0.4807692307692308,0.3683241252302026,False,False,1.0,0.0,147000000.0,0.0,0.0,0.0,AT BENCHMARK,26
127,127,Maharashtra,Dhairyasheel Sambhajirao Mane,Dhairyasheel Sambhajirao Mane,HATKANANGLE,HATKANANGLE,general,147000000.0,False,False,147000000.0,1.0,8.167317334748176,0.0,0.0,0.0,147000000.0,0.0,0.3854166666666667,0.3683241252302026,False,False,1.0,0.0,147000000.0,0.0,0.0,0.0,AT BENCHMARK,49
128,128,Maharashtra,DHANORKAR PRATIBHA SURESH ALIAS BALUBHAU,DHANORKAR PRATIBHA SURESH ALIAS BALUBHAU,CHANDRAPUR,CHANDRAPUR,general,147000000.0,False,False,147000000.0,1.0,8.167317334748176,0.0,0.0,0.0,147000000.0,0.0,0.3854166666666667,0.3683241252302026,False,False,0.75,0.0,147000000.0,0.0,0.0,0.0,AT BENCHMARK,49
129,129,Odisha,DHARMENDRA PRADHAN,DHARMENDRA PRADHAN,SAMBALPUR,SAMBALPUR,general,147000000.0,False,False,147000000.0,1.0,8.167317334748176,0.0,0.0,0.0,147000000.0,0.0,0.30952380952380953,0.3683241252302026,False,False,0.75,0.0,147000000.0,0.0,0.0,0.0,AT BENCHMARK,21
130,130,Uttar Pradesh,DHARMENDRA YADAV,DHARMENDRA YADAV,AZAMGARH,AZAMGARH,general,147000000.0,False,False,147000000.0,1.0,8.167317334748176,0.0,0.0,0.0,147000000.0,0.0,0.4,0.3683241252302026,False,False,0.75,0.0,147000000.0,0.0,0.0,0.0,AT BENCHMARK,80
131,131,Gujarat,DHAVAL LAXMANBHAI PATEL,DHAVAL LAXMANBHAI PATEL,VALSAD(ST),VALSAD,st,147000000.0,False,False,147000000.0,1.0,8.167317334748176,0.0,0.0,0.0,147000000.0,0.0,0.4807692307692308,0.3683241252302026,False,False,0.75,0.0,147000000.0,0.0,0.0,0.0,AT BENCHMARK,26
132,132,Bihar,Dileshwar Kamait,Dileshwar Kamait,SUPAUL,SUPAUL,general,150450930.89,False,True,147000000.0,1.023475720340136,8.177394879208965,0.3450930889999986,0.0,89.0,147000000.0,0.023475720340135956,0.9,0.7826887661141805,True,False,1.0,0.0,147000000.0,2.3475720340135955,2.3475720340135955,2.3475720340135897,ABOVE BENCHMARK,40
133,133,Assam,Dilip Saikia,Dilip Saikia,Darrang-Udalguri,Darrang-Udalguri,general,147000000.0,False,False,147000000.0,1.0,8.167317334748176,0.0,0.0,0.0,147000000.0,0.0,0.5357142857142857,0.3683241252302026,False,False,1.0,0.0,147000000.0,0.0,0.0,0.0,AT BENCHMARK,14
134,134,Bihar,Dinesh Chandra Yadav,Dinesh Chandra Yadav,MADHEPURA,MADHEPURA,general,150070866.11,False,True,147000000.0,1.0208902456462585,8.176296389007137,0.30708661100000145,0.0,11.0,147000000.0,0.0208902456462586,0.875,0.7790055248618785,True,False,1.0,0.0,147000000.0,2.08902456462586,2.08902456462586,2.089024564625852,ABOVE BENCHMARK,40
135,135,Gujarat,DINESHBHAI MAKWANA,DINESHBHAI MAKWANA,AHMEDABAD WEST(SC),AHMEDABAD WEST,sc,160434965.11,False,True,147000000.0,1.0913943204761907,8.205299024169403,1.3434965110000014,0.0,11.0,147000000.0,0.09139432047619057,1.0,0.858195211786372,True,False,0.75,0.0,147000000.0,9.139432047619058,9.139432047619058,9.139432047619067,ABOVE BENCHMARK,26
136,136,Andhra Pradesh,DR BYREDDY SHABARI,BYREDDY SHABARI,NANDYAL,NANDYAL,general,150675889.11,False,True,147000000.0,1.025006048367347,8.178043762837328,0.3675889110000014,0.0,11.0,156430260.11,-0.036785536225239224,0.48,0.7845303867403315,True,False,0.6,0.0,147000000.0,2.500604836734704,-3.678553622523922,2.50060483673471,ABOVE BENCHMARK,25
137,137,Karnataka,DR C N MANJUNATH,C N MANJUNATH,BANGALORE RURAL,BANGALORE RURAL,general,147000000.0,False,False,147000000.0,1.0,8.167317334748176,0.0,0.0,0.0,147000000.0,0.0,0.44642857142857145,0.3683241252302026,False,False,0.6,0.0,147000000.0,0.0,0.0,0.0,AT BENCHMARK,28
138,138,Andhra Pradesh,Dr Chandra Sekhar Pemmasani,Chandra Sekhar Pemmasani,GUNTUR,GUNTUR,general,159774113.11,False,True,147000000.0,1.0868987286394558,8.203506415502384,1.2774113110000014,0.0,11.0,156430260.11,0.021375998465058103,0.56,0.8453038674033149,True,False,0.85,0.0,147000000.0,8.689872863945588,2.13759984650581,8.689872863945581,ABOVE BENCHMARK,25
139,139,Punjab,DR DHARAMVIRA GANDHI,DHARAMVIRA GANDHI,PATIALA,PATIALA,general,147000000.0,False,False,147000000.0,1.0,8.167317334748176,0.0,0.0,0.0,147000000.0,0.0,0.4583333333333333,0.3683241252302026,False,False,0.6,0.0,147000000.0,0.0,0.0,0.0,AT BENCHMARK,12
140,140,West Bengal,Dr Jayanta Kumar Roy,Jayanta Kumar Roy,JALPAIGURI(SC),JALPAIGURI,sc,147000000.0,False,False,147000000.0,1.0,8.167317334748176,0.0,0.0,0.0,147000000.0,0.0,0.44047619047619047,0.3683241252302026,False,False,0.85,0.0,147000000.0,0.0,0.0,0.0,AT BENCHMARK,42
141,141,Maharashtra,DR KALGE SHIVAJI BANDAPPA,KALGE SHIVAJI BANDAPPA,LATUR(SC),LATUR,sc,147000000.0,False,False,147000000.0,1.0,8.167317334748176,0.0,0.0,0.0,147000000.0,0.0,0.3854166666666667,0.3683241252302026,False,False,0.6,0.0,147000000.0,0.0,0.0,0.0,AT BENCHMARK,49
142,142,Bihar,Dr Mohammad Jawed,Mohammad Jawed,KISHANGANJ,KISHANGANJ,general,148669229.11,False,True,147000000.0,1.0113553000680273,8.172221089499716,0.16692291100000142,0.0,11.0,147000000.0,0.011355300068027308,0.85,0.7679558011049724,True,False,0.85,0.0,147000000.0,1.1355300068027308,1.1355300068027308,1.1355300068027319,ABOVE BENCHMARK,40
143,143,Uttar Pradesh,DR RAJKUMAR SANGWAN,RAJKUMAR SANGWAN,BAGHPAT,BAGHPAT,general,147000000.0,False,False,147000000.0,1.0,8.167317334748176,0.0,0.0,0.0,147000000.0,0.0,0.4,0.3683241252302026,False,False,0.6,0.0,147000000.0,0.0,0.0,0.0,AT BENCHMARK,80
144,144,Tamil Nadu,DR RANI SRI KUMAR,RANI SRI KUMAR,TENKASI(SC),TENKASI,sc,153060922.82,False,True,147000000.0,1.0412307674829933,8.184864327407295,0.6060922819999993,0.0,82.0,147000000.0,0.04123076748299315,0.6410256410256411,0.8066298342541437,True,False,0.6,0.0,147000000.0,4.123076748299315,4.123076748299315,4.123076748299326,ABOVE BENCHMARK,39
145,145,Kerala,Dr Shashi Tharoor,Shashi Tharoor,THIRUVANANTHAPURAM,THIRUVANANTHAPURAM,general,147000000.0,False,False,147000000.0,1.0,8.167317334748176,0.0,0.0,0.0,147000000.0,0.0,0.375,0.3683241252302026,False,False,0.85,0.0,147000000.0,0.0,0.0,0.0,AT BENCHMARK,20
146,146,West Bengal,Dr Sukanta Majumdar,Sukanta Majumdar,BALURGHAT,BALURGHAT,general,157085364.9,False,True,147000000.0,1.068607924489796,8.196135725210288,1.0085364900000007,0.0,90.0,147000000.0,0.06860792448979595,0.8571428571428571,0.8342541436464088,True,False,0.85,0.0,147000000.0,6.860792448979596,6.860792448979596,6.860792448979591,ABOVE BENCHMARK,42
147,147,Gujarat,DR. HEMANG JOSHI,HEMANG JOSHI,VADODARA,VADODARA,general,147000000.0,False,False,147000000.0,1.0,8.167317334748176,0.0,0.0,0.0,147000000.0,0.0,0.4807692307692308,0.3683241252302026,False,False,0.6,0.0,147000000.0,0.0,0.0,0.0,AT BENCHMARK,26
148,148,Maharashtra,DR. HEMANT VISHNU SAVARA,HEMANT VISHNU SAVARA,PALGHAR(ST),PALGHAR,st,147000000.0,False,False,147000000.0,1.0,8.167317334748176,0.0,0.0,0.0,147000000.0,0.0,0.3854166666666667,0.3683241252302026,False,False,0.6,0.0,147000000.0,0.0,0.0,0.0,AT BENCHMARK,49
149,149,Maharashtra,DR. KIRSAN NAMDEO,KIRSAN NAMDEO,GADCHIROLI-CHIMUR(ST),GADCHIROLI-CHIMUR,st,147000000.0,False,False,147000000.0,1.0,8.167317334748176,0.0,0.0,0.0,147000000.0,0.0,0.3854166666666667,0.3683241252302026,False,False,0.6,0.0,147000000.0,0.0,0.0,0.0,AT BENCHMARK,49
150,150,Madhya Pradesh,DR. LATA WANKHEDE,LATA WANKHEDE,SAGAR,SAGAR,general,147000000.0,False,False,147000000.0,1.0,8.167317334748176,0.0,0.0,0.0,147000000.0,0.0,0.3620689655172414,0.3683241252302026,False,False,0.6,0.0,147000000.0,0.0,0.0,0.0,AT BENCHMARK,29
151,151,Kerala,DR. M.P ABDUSSAMAD SAMADANI,M.P ABDUSSAMAD SAMADANI,PONNANI,PONNANI,general,170434031.11,False,True,147000000.0,1.1594151776190478,8.231556316062433,2.3434031110000015,0.0,11.0,147000000.0,0.15941517761904772,0.85,0.9042357274401474,True,False,0.6,0.0,147000000.0,15.941517761904771,15.941517761904771,15.941517761904777,ABOVE BENCHMARK,20
152,152,Gujarat,DR. MANSUKH MANDAVIYA,MANSUKH MANDAVIYA,PORBANDAR,PORBANDAR,general,147000000.0,False,False,147000000.0,1.0,8.167317334748176,0.0,0.0,0.0,147000000.0,0.0,0.4807692307692308,0.3683241252302026,False,False,0.6,0.0,147000000.0,0.0,0.0,0.0,AT BENCHMARK,26
153,153,Karnataka,DR. PRABHA MALLIKARJUN,PRABHA MALLIKARJUN,DAVANAGERE,DAVANAGERE,general,147000000.0,False,False,147000000.0,1.0,8.167317334748176,0.0,0.0,0.0,147000000.0,0.0,0.44642857142857145,0.3683241252302026,False,False,0.6,0.0,147000000.0,0.0,0.0,0.0,AT BENCHMARK,28
154,154,Odisha,DR. PRADEEP KUMAR PANIGRAHY,PRADEEP KUMAR PANIGRAHY,BERHAMPUR,BERHAMPUR,general,147000000.0,False,False,147000000.0,1.0,8.167317334748176,0.0,0.0,0.0,147000000.0,0.0,0.30952380952380953,0.3683241252302026,False,False,0.6,0.0,147000000.0,0.0,0.0,0.0,AT BENCHMARK,21
155,155,Maharashtra,DR. PRASHANT YADAORAO PADOLE,PRASHANT YADAORAO PADOLE,BHANDARA-GONDIYA,BHANDARA-GONDIYA,general,159680283.39,False,True,147000000.0,1.0862604312244897,8.203251294701086,1.2680283389999987,0.0,39.0,147000000.0,0.0862604312244897,0.8541666666666666,0.8416206261510129,True,False,0.6,0.0,147000000.0,8.626043122448971,8.626043122448971,8.626043122448968,ABOVE BENCHMARK,49
156,156,Punjab,DR. RAJ KUMAR CHABBEWAL,RAJ KUMAR CHABBEWAL,HOSHIARPUR(SC),HOSHIARPUR,sc,147000000.0,False,False,147000000.0,1.0,8.167317334748176,0.0,0.0,0.0,147000000.0,0.0,0.4583333333333333,0.3683241252302026,False,False,0.6,0.0,147000000.0,0.0,0.0,0.0,AT BENCHMARK,12
157,157,Madhya Pradesh,DR. RAJESH MISHRA,RAJESH MISHRA,SIDHI,SIDHI,general,262724510.35,False,True,147000000.0,1.7872415670068027,8.419500591298444,11.572451035,0.0,35.0,147000000.0,0.7872415670068027,1.0,0.990791896869245,True,False,0.6,0.0,147000000.0,78.72415670068027,78.72415670068027,78.72415670068027,ABOVE BENCHMARK,29
158,158,Uttar Pradesh,DR. S P SINGH,S P SINGH,PRATAPGARH,PRATAPGARH,general,147000000.0,False,False,147000000.0,1.0,8.167317334748176,0.0,0.0,0.0,147000000.0,0.0,0.4,0.3683241252302026,False,False,0.6,0.0,147000000.0,0.0,0.0,0.0,AT BENCHMARK,80
159,159,West Bengal,DR. SHARMILA SARKAR,SHARMILA SARKAR,BARDHAMAN PURBA(SC),BARDHAMAN PURBA,sc,147000000.0,False,False,147000000.0,1.0,8.167317334748176,0.0,0.0,0.0,147000000.0,0.0,0.44047619047619047,0.3683241252302026,False,False,0.6,0.0,147000000.0,0.0,0.0,0.0,AT BENCHMARK,42
160,160,Karnataka,DR.K.SUDHAKAR,DR.K.SUDHAKAR,CHIKBALLAPUR,CHIKBALLAPUR,general,147000000.0,False,False,147000000.0,1.0,8.167317334748176,0.0,0.0,0.0,147000000.0,0.0,0.44642857142857145,0.3683241252302026,False,False,0.75,0.0,147000000.0,0.0,0.0,0.0,AT BENCHMARK,28
161,161,Telangana,DR.MALLU RAVI,DR.MALLU RAVI,NAGARKURNOOL(SC),NAGARKURNOOL,sc,147000000.0,False,False,147000000.0,1.0,8.167317334748176,0.0,0.0,0.0,147000000.0,0.0,0.35294117647058826,0.3683241252302026,False,False,0.75,0.0,147000000.0,0.0,0.0,0.0,AT BENCHMARK,17
162,162,Jharkhand,DULU MAHATO,DULU MAHATO,DHANBAD,DHANBAD,general,147000000.0,False,False,147000000.0,1.0,8.167317334748176,0.0,0.0,0.0,147000000.0,0.0,0.32142857142857145,0.3683241252302026,False,False,0.75,0.0,147000000.0,0.0,0.0,0.0,AT BENCHMARK,14
163,163,Tamil Nadu,DURAI VAIKO,DURAI VAIKO,TIRUCHIRAPPALLI,TIRUCHIRAPPALLI,general,147000000.0,False,False,147000000.0,1.0,8.167317334748176,0.0,0.0,0.0,147000000.0,0.0,0.2692307692307692,0.3683241252302026,False,False,0.75,0.0,147000000.0,0.0,0.0,0.0,AT BENCHMARK,39
164,164,Madhya Pradesh,Durga Das Uikey,Durga Das Uikey,BETUL(ST),BETUL,st,151569502.91,False,True,147000000.0,1.0310850538095238,8.180611826294138,0.4569502909999996,0.0,91.0,147000000.0,0.031085053809523786,0.8275862068965517,0.7955801104972375,True,False,1.0,0.0,147000000.0,3.1085053809523786,3.1085053809523786,3.1085053809523755,ABOVE BENCHMARK,29
165,165,Rajasthan,Dushyant Singh,Dushyant Singh,JHALAWAR-BARAN,JHALAWAR-BARAN,general,147000000.0,False,False,147000000.0,1.0,8.167317334748176,0.0,0.0,0.0,147000000.0,0.0,0.44,0.3683241252302026,False,False,1.0,0.0,147000000.0,0.0,0.0,0.0,AT BENCHMARK,25
166,166,Karnataka,E. TUKARAM,E. TUKARAM,BELLARY(ST),BELLARY,st,147000000.0,False,False,147000000.0,1.0,8.167317334748176,0.0,0.0,0.0,147000000.0,0.0,0.44642857142857145,0.3683241252302026,False,False,0.75,0.0,147000000.0,0.0,0.0,0.0,AT BENCHMARK,28
167,167,Kerala,E.T. MOHAMMED BASHEER,E.T. MOHAMMED BASHEER,MALAPPURAM,MALAPPURAM,general,163895872.11,False,True,147000000.0,1.1149379055102042,8.214568015544724,1.6895872110000014,0.0,11.0,147000000.0,0.11493790551020418,0.8,0.8784530386740331,True,False,0.75,0.0,147000000.0,11.493790551020417,11.493790551020417,11.493790551020421,ABOVE BENCHMARK,20
168,168,Telangana,EATALA RAJENDER,EATALA RAJENDER,MALKAJGIRI,MALKAJGIRI,general,327477390.86,False,True,147000000.0,2.2277373527891156,8.515181321537911,18.047739086,0.0,86.0,147000000.0,1.2277373527891158,1.0,1.0,True,False,0.75,0.0,147000000.0,122.77373527891157,122.77373527891157,122.77373527891156,ABOVE BENCHMARK,17
169,169,Tamil Nadu,ESWARASAMY K,ESWARASAMY K,POLLACHI,POLLACHI,general,162315106.11,False,True,147000000.0,1.1041843953061226,8.21035894000445,1.5315106110000014,0.0,11.0,147000000.0,0.10418439530612254,0.717948717948718,0.8692449355432781,True,False,0.75,0.0,147000000.0,10.418439530612254,10.418439530612254,10.418439530612256,ABOVE BENCHMARK,39
170,170,Madhya Pradesh,Faggan Singh Kulaste,Faggan Singh Kulaste,MANDLA(ST),MANDLA,st,151861648.41,False,True,147000000.0,1.0330724381632652,8.18144810969626,0.4861648409999996,0.0,41.0,147000000.0,0.03307243816326528,0.8620689655172413,0.7992633517495396,True,False,1.0,0.0,147000000.0,3.307243816326528,3.307243816326528,3.3072438163265216,ABOVE BENCHMARK,29
171,171,Karnataka,G. KUMAR NAIK,G. KUMAR NAIK,RAICHUR(ST),RAICHUR,st,147000000.0,False,False,147000000.0,1.0,8.167317334748176,0.0,0.0,0.0,147000000.0,0.0,0.44642857142857145,0.3683241252302026,False,False,0.75,0.0,147000000.0,0.0,0.0,0.0,AT BENCHMARK,28
172,172,Maharashtra,GAIKWAD VARSHA EKNATH,GAIKWAD VARSHA EKNATH,MUMBAI NORTH-CENTRAL,MUMBAI NORTH-CENTRAL,general,147000000.0,False,False,147000000.0,1.0,8.167317334748176,0.0,0.0,0.0,147000000.0,0.0,0.3854166666666667,0.3683241252302026,False,False,0.75,0.0,147000000.0,0.0,0.0,0.0,AT BENCHMARK,49
173,173,Madhya Pradesh,Gajendra Singh Patel,Gajendra Singh Patel,KHARGONE(ST),KHARGONE,st,147000000.0,False,False,147000000.0,1.0,8.167317334748176,0.0,0.0,0.0,147000000.0,0.0,0.3620689655172414,0.3683241252302026,False,False,1.0,0.0,147000000.0,0.0,0.0,0.0,AT BENCHMARK,29
174,174,Rajasthan,Gajendra Singh Shekhawat,Gajendra Singh Shekhawat,JODHPUR,JODHPUR,general,147000000.0,False,False,147000000.0,1.0,8.167317334748176,0.0,0.0,0.0,147000000.0,0.0,0.44,0.3683241252302026,False,False,1.0,0.0,147000000.0,0.0,0.0,0.0,AT BENCHMARK,25
175,175,Tamil Nadu,GANAPATHY RAJKUMAR P,GANAPATHY RAJKUMAR P,COIMBATORE,COIMBATORE,general,147370490.11,False,True,147000000.0,1.002520340884354,8.168410527855071,0.03704901100000143,0.0,11.0,147000000.0,0.0025203408843538387,0.5641025641025641,0.7421731123388582,True,False,0.75,0.0,147000000.0,0.2520340884353839,0.2520340884353839,0.2520340884353933,AT BENCHMARK,39
176,176,Tamil Nadu,Ganesan Selvam,Ganesan Selvam,KANCHEEPURAM(SC),KANCHEEPURAM,sc,186508749.11,False,True,147000000.0,1.2687670007482994,8.270699209340801,3.9508749110000014,0.0,11.0,147000000.0,0.2687670007482994,0.9487179487179487,0.9502762430939227,True,False,1.0,0.0,147000000.0,26.87670007482994,26.87670007482994,26.87670007482994,ABOVE BENCHMARK,39
177,177,Madhya Pradesh,Ganesh Singh,Ganesh Singh,SATNA,SATNA,general,147000000.0,False,False,147000000.0,1.0,8.167317334748176,0.0,0.0,0.0,147000000.0,0.0,0.3620689655172414,0.3683241252302026,False,False,1.0,0.0,147000000.0,0.0,0.0,0.0,AT BENCHMARK,29
178,178,Assam,GAURAV GOGOI,GAURAV GOGOI,JORHAT,JORHAT,general,147000000.0,False,False,147000000.0,1.0,8.167317334748176,0.0,0.0,0.0,147000000.0,0.0,0.5357142857142857,0.3683241252302026,False,False,0.75,0.0,147000000.0,0.0,0.0,0.0,AT BENCHMARK,14
179,179,Gujarat,GENIBEN NAGAJI THAKOR,GENIBEN NAGAJI THAKOR,BANASKANTHA,BANASKANTHA,general,147000000.0,False,False,147000000.0,1.0,8.167317334748176,0.0,0.0,0.0,147000000.0,0.0,0.4807692307692308,0.3683241252302026,False,False,0.75,0.0,147000000.0,0.0,0.0,0.0,AT BENCHMARK,26
180,180,Bihar,Giridhari Yadav,Giridhari Yadav,BANKA,BANKA,general,147000000.0,False,False,147000000.0,1.0,8.167317334748176,0.0,0.0,0.0,147000000.0,0.0,0.425,0.3683241252302026,False,False,1.0,0.0,147000000.0,0.0,0.0,0.0,AT BENCHMARK,40
181,181,Bihar,Giriraj Singh,Giriraj Singh,BEGUSARAI,BEGUSARAI,general,147000000.0,False,False,147000000.0,1.0,8.167317334748176,0.0,0.0,0.0,147000000.0,0.0,0.425,0.3683241252302026,False,False,1.0,0.0,147000000.0,0.0,0.0,0.0,AT BENCHMARK,40
182,182,Andhra Pradesh,GM Harish Balayogi,GM Harish Balayogi,AMALAPURAM(SC),AMALAPURAM,sc,147000000.0,False,False,147000000.0,1.0,8.167317334748176,0.0,0.0,0.0,156430260.11,-0.060284117045952365,0.22,0.3683241252302026,False,False,1.0,0.0,147000000.0,0.0,-6.028411704595237,0.0,AT BENCHMARK,25
183,183,Telangana,GODAM NAGESH,GODAM NAGESH,ADILABAD(ST),ADILABAD,st,147000000.0,False,False,147000000.0,1.0,8.167317334748176,0.0,0.0,0.0,147000000.0,0.0,0.35294117647058826,0.3683241252302026,False,False,0.75,0.0,147000000.0,0.0,0.0,0.0,AT BENCHMARK,17
184,184,Tamil Nadu,GOPINATH K,GOPINATH K,KRISHNAGIRI,KRISHNAGIRI,general,147000000.0,False,False,147000000.0,1.0,8.167317334748176,0.0,0.0,0.0,147000000.0,0.0,0.2692307692307692,0.3683241252302026,False,False,0.75,0.0,147000000.0,0.0,0.0,0.0,AT BENCHMARK,39
185,185,Karnataka,GOVIND MAKTHAPPA KARJOL,GOVIND MAKTHAPPA KARJOL,CHITRADURGA(SC),CHITRADURGA,sc,147000000.0,False,False,147000000.0,1.0,8.167317334748176,0.0,0.0,0.0,147000000.0,0.0,0.44642857142857145,0.3683241252302026,False,False,0.75,0.0,147000000.0,0.0,0.0,0.0,AT BENCHMARK,28
186,186,Andhra Pradesh,Gumma Thanuja Rani,Gumma Thanuja Rani,ARAKU(ST),ARAKU,st,149458905.11,False,True,147000000.0,1.0167272456462586,8.174521796423917,0.24589051100000142,0.0,11.0,156430260.11,-0.044565258634089215,0.44,0.7753222836095764,True,False,1.0,0.0,147000000.0,1.67272456462586,-4.456525863408921,1.6727245646258604,ABOVE BENCHMARK,25
187,187,Punjab,GURMEET SINGH MEET HAYER,GURMEET SINGH MEET HAYER,SANGRUR,SANGRUR,general,147000000.0,False,False,147000000.0,1.0,8.167317334748176,0.0,0.0,0.0,147000000.0,0.0,0.4583333333333333,0.3683241252302026,False,False,0.75,0.0,147000000.0,0.0,0.0,0.0,AT BENCHMARK,12
188,188,Madhya Pradesh,Gyaneshwar Patil,Gyaneshwar Patil,KHANDWA,KHANDWA,general,155690684.77,False,True,147000000.0,1.0591203045578232,8.19226262879156,0.8690684770000011,0.0,77.0,147000000.0,0.0591203045578232,0.9310344827586207,0.8287292817679558,True,False,1.0,0.0,147000000.0,5.91203045578232,5.91203045578232,5.9120304557823244,ABOVE BENCHMARK,29
189,189,Karnataka,H.D. KUMARASWAMY,H.D. KUMARASWAMY,MANDYA,MANDYA,general,147000000.0,False,False,147000000.0,1.0,8.167317334748176,0.0,0.0,0.0,147000000.0,0.0,0.44642857142857145,0.3683241252302026,False,False,0.75,0.0,147000000.0,0.0,0.0,0.0,AT BENCHMARK,28
190,190,Uttar Pradesh,HARENDRA SINGH MALIK,HARENDRA SINGH MALIK,MUZAFFARNAGAR,MUZAFFARNAGAR,general,147000000.0,False,False,147000000.0,1.0,8.167317334748176,0.0,0.0,0.0,147000000.0,0.0,0.4,0.3683241252302026,False,False,0.75,0.0,147000000.0,0.0,0.0,0.0,AT BENCHMARK,80
191,191,Gujarat,HARIBHAI PATEL,HARIBHAI PATEL,MAHESANA,MAHESANA,general,147000000.0,False,False,147000000.0,1.0,8.167317334748176,0.0,0.0,0.0,147000000.0,0.0,0.4807692307692308,0.3683241252302026,False,False,0.75,0.0,147000000.0,0.0,0.0,0.0,AT BENCHMARK,26
192,192,Rajasthan,HARISH CHANDRA MEENA,HARISH CHANDRA MEENA,TONK-SAWAI MADHOPUR,TONK-SAWAI MADHOPUR,general,147000000.0,False,False,147000000.0,1.0,8.167317334748176,0.0,0.0,0.0,147000000.0,0.0,0.44,0.3683241252302026,False,False,0.75,0.0,147000000.0,0.0,0.0,0.0,AT BENCHMARK,25
193,193,Delhi,Harsh Malhotra,Harsh Malhotra,EAST DELHI,EAST DELHI,general,147134131.0,False,False,147000000.0,1.000912455782313,8.167713428577832,0.0134131,0.0,0.0,147559100.0,-0.002879991813449662,0.2857142857142857,0.7348066298342542,True,False,1.0,0.0,147000000.0,0.09124557823129252,-0.2879991813449662,0.09124557823130264,AT BENCHMARK,7
194,194,Gujarat,Hasmukh Bhai Soma Bhai Patel,Hasmukh Bhai Soma Bhai Patel,AHMEDABAD EAST,AHMEDABAD EAST,general,147000000.0,False,False,147000000.0,1.0,8.167317334748176,0.0,0.0,0.0,147000000.0,0.0,0.4807692307692308,0.3683241252302026,False,False,1.0,0.0,147000000.0,0.0,0.0,0.0,AT BENCHMARK,26
195,195,Uttar Pradesh,IMRAN MASOOD,IMRAN MASOOD,SAHARANPUR,SAHARANPUR,general,147000000.0,False,False,147000000.0,1.0,8.167317334748176,0.0,0.0,0.0,147000000.0,0.0,0.4,0.3683241252302026,False,False,0.75,0.0,147000000.0,0.0,0.0,0.0,AT BENCHMARK,80
196,196,Sikkim,Indra Hang Subba,Indra Hang Subba,SIKKIM,SIKKIM,general,152003923.11,False,True,147000000.0,1.034040293265306,8.181854796912127,0.5003923110000015,0.0,11.0,152003923.11,0.0,1.0,0.8011049723756906,True,False,1.0,0.0,147000000.0,3.404029326530622,0.0,3.404029326530611,ABOVE BENCHMARK,1
197,197,Uttar Pradesh,IQRA CHOUDHARY,IQRA CHOUDHARY,KAIRANA,KAIRANA,general,147000000.0,False,False,147000000.0,1.0,8.167317334748176,0.0,0.0,0.0,147000000.0,0.0,0.4,0.3683241252302026,False,False,0.75,0.0,147000000.0,0.0,0.0,0.0,AT BENCHMARK,80
198,198,West Bengal,ISHA KHAN CHOUDHURY,ISHA KHAN CHOUDHURY,MALDAHA DAKSHIN,MALDAHA DAKSHIN,general,147000000.0,False,False,147000000.0,1.0,8.167317334748176,0.0,0.0,0.0,147000000.0,0.0,0.44047619047619047,0.3683241252302026,False,False,0.75,0.0,147000000.0,0.0,0.0,0.0,AT BENCHMARK,42
199,199,West Bengal,JAGADISH CHANDRA BARMA BASUNIA,JAGADISH CHANDRA BARMA BASUNIA,COOCHBEHAR(SC),COOCHBEHAR,sc,168604641.11,False,True,147000000.0,1.146970347687075,8.226869525097271,2.1604641110000014,0.0,11.0,147000000.0,0.14697034768707493,0.9047619047619048,0.9023941068139963,True,False,0.75,0.0,147000000.0,14.697034768707493,14.697034768707493,14.697034768707496,ABOVE BENCHMARK,42
200,200,Karnataka,JAGADISH SHETTAR,JAGADISH SHETTAR,BELGAUM,BELGAUM,general,147000000.0,False,False,147000000.0,1.0,8.167317334748176,0.0,0.0,0.0,147000000.0,0.0,0.44642857142857145,0.3683241252302026,False,False,0.75,0.0,147000000.0,0.0,0.0,0.0,AT BENCHMARK,28
201,201,West Bengal,Jagannath Sarkar,Jagannath Sarkar,RANAGHAT(SC),RANAGHAT,sc,147000000.0,False,False,147000000.0,1.0,8.167317334748176,0.0,0.0,0.0,147000000.0,0.0,0.44047619047619047,0.3683241252302026,False,False,1.0,0.0,147000000.0,0.0,0.0,0.0,AT BENCHMARK,42
202,202,Uttar Pradesh,Jagdambika Pal,Jagdambika Pal,DOMARIYAGANJ,DOMARIYAGANJ,general,160643957.11,False,True,147000000.0,1.092816034761905,8.20586439348454,1.3643957110000013,0.0,11.0,147000000.0,0.09281603476190486,0.9125,0.861878453038674,True,False,1.0,0.0,147000000.0,9.281603476190487,9.281603476190487,9.281603476190492,ABOVE BENCHMARK,80
203,203,Haryana,JAI PARKASH,JAI PARKASH,HISAR,HISAR,general,147000000.0,False,False,147000000.0,1.0,8.167317334748176,0.0,0.0,0.0,147000000.0,0.0,0.5,0.3683241252302026,False,False,0.75,0.0,147000000.0,0.0,0.0,0.0,AT BENCHMARK,10
204,204,Uttar Pradesh,Jai Prakash,Jai Prakash,HARDOI (SC),HARDOI,sc,147000000.0,False,False,147000000.0,1.0,8.167317334748176,0.0,0.0,0.0,147000000.0,0.0,0.4,0.3683241252302026,False,False,1.0,0.0,147000000.0,0.0,0.0,0.0,AT BENCHMARK,80
205,205,Madhya Pradesh,Janardan Mishra,Janardan Mishra,REWA,REWA,general,147000000.0,False,False,147000000.0,1.0,8.167317334748176,0.0,0.0,0.0,147000000.0,0.0,0.3620689655172414,0.3683241252302026,False,False,1.0,0.0,147000000.0,0.0,0.0,0.0,AT BENCHMARK,29
206,206,Gujarat,JASHUBHAI BHILUBHAI RATHVA,JASHUBHAI BHILUBHAI RATHVA,CHHOTA UDAIPUR(ST),CHHOTA UDAIPUR,st,147000000.0,False,False,147000000.0,1.0,8.167317334748176,0.0,0.0,0.0,147000000.0,0.0,0.4807692307692308,0.3683241252302026,False,False,0.75,0.0,147000000.0,0.0,0.0,0.0,AT BENCHMARK,26
207,207,Gujarat,Jaswantsinh Sumanbhai Bhabhor,Jaswantsinh Sumanbhai Bhabhor,DAHOD(ST),DAHOD,st,147000000.0,False,False,147000000.0,1.0,8.167317334748176,0.0,0.0,0.0,147000000.0,0.0,0.4807692307692308,0.3683241252302026,False,False,1.0,0.0,147000000.0,0.0,0.0,0.0,AT BENCHMARK,26
208,208,Bihar,JITAN RAM MANJHI,JITAN RAM MANJHI,GAYA (SC),GAYA,sc,147000000.0,False,False,147000000.0,1.0,8.167317334748176,0.0,0.0,0.0,147000000.0,0.0,0.425,0.3683241252302026,False,False,0.75,0.0,147000000.0,0.0,0.0,0.0,AT BENCHMARK,40
209,209,Uttar Pradesh,JITENDRA KUMAR DOHARE,JITENDRA KUMAR DOHARE,ETAWAH(SC),ETAWAH,sc,188747306.26,False,True,147000000.0,1.2839952806802721,8.275880762236243,4.174730625999999,0.0,26.0,147000000.0,0.283995280680272,0.9625,0.9539594843462247,True,False,0.75,0.0,147000000.0,28.3995280680272,28.3995280680272,28.399528068027212,ABOVE BENCHMARK,80
210,210,Jammu And Kashmir,Jitendra Singh,Jitendra Singh,UDHAMPUR,UDHAMPUR,general,147000000.0,False,False,147000000.0,1.0,8.167317334748176,0.0,0.0,0.0,147000000.0,0.0,0.6,0.3683241252302026,False,False,1.0,0.0,147000000.0,0.0,0.0,0.0,AT BENCHMARK,5
211,211,Uttar Pradesh,JITIN PRASADA,JITIN PRASADA,PILIBHIT,PILIBHIT,general,147000000.0,False,False,147000000.0,1.0,8.167317334748176,0.0,0.0,0.0,147000000.0,0.0,0.4,0.3683241252302026,False,False,0.75,0.0,147000000.0,0.0,0.0,0.0,AT BENCHMARK,80
212,212,Jharkhand,JOBA MAJHI,JOBA MAJHI,SINGHBHUM(ST),SINGHBHUM,st,147000000.0,False,False,147000000.0,1.0,8.167317334748176,0.0,0.0,0.0,147000000.0,0.0,0.32142857142857145,0.3683241252302026,False,False,0.75,0.0,147000000.0,0.0,0.0,0.0,AT BENCHMARK,14
213,213,Assam,JOYANTA BASUMATARY,JOYANTA BASUMATARY,KOKRAJHAR (ST),KOKRAJHAR,st,147000000.0,False,False,147000000.0,1.0,8.167317334748176,0.0,0.0,0.0,147000000.0,0.0,0.5357142857142857,0.3683241252302026,False,False,0.75,0.0,147000000.0,0.0,0.0,0.0,AT BENCHMARK,14
214,214,West Bengal,JUNE MALIAH,JUNE MALIAH,MEDINIPUR,MEDINIPUR,general,147000000.0,False,False,147000000.0,1.0,8.167317334748176,0.0,0.0,0.0,147000000.0,0.0,0.44047619047619047,0.3683241252302026,False,False,0.75,0.0,147000000.0,0.0,0.0,0.0,AT BENCHMARK,42
215,215,Madhya Pradesh,JYOTIRADITYA M. SCINDIA,JYOTIRADITYA M. SCINDIA,GUNA,GUNA,general,147000000.0,False,False,147000000.0,1.0,8.167317334748176,0.0,0.0,0.0,147000000.0,0.0,0.3620689655172414,0.3683241252302026,False,False,0.75,0.0,147000000.0,0.0,0.0,0.0,AT BENCHMARK,29
216,216,Chhattisgarh,Jyotsna Charandas Mahant,Jyotsna Charandas Mahant,KORBA,KORBA,general,155153738.11,False,True,147000000.0,1.0554676061904762,8.19076224347796,0.8153738110000014,0.0,11.0,150384382.11,0.03171443691879793,0.8181818181818182,0.8232044198895028,True,False,1.0,0.0,147000000.0,5.546760619047629,3.171443691879793,5.546760619047619,ABOVE BENCHMARK,11
217,217,Tamil Nadu,K E PRAKASH,K E PRAKASH,ERODE,ERODE,general,147000000.0,False,False,147000000.0,1.0,8.167317334748176,0.0,0.0,0.0,147000000.0,0.0,0.2692307692307692,0.3683241252302026,False,False,0.75,0.0,147000000.0,0.0,0.0,0.0,AT BENCHMARK,39
218,218,Kerala,K RADHAKRISHNAN,K RADHAKRISHNAN,ALATHUR(SC),ALATHUR,sc,147000000.0,False,False,147000000.0,1.0,8.167317334748176,0.0,0.0,0.0,147000000.0,0.0,0.375,0.3683241252302026,False,False,0.75,0.0,147000000.0,0.0,0.0,0.0,AT BENCHMARK,20
219,219,Tamil Nadu,K Subbarayan,K Subbarayan,TIRUPPUR,TIRUPPUR,general,147000000.0,False,False,147000000.0,1.0,8.167317334748176,0.0,0.0,0.0,147000000.0,0.0,0.2692307692307692,0.3683241252302026,False,False,1.0,0.0,147000000.0,0.0,0.0,0.0,AT BENCHMARK,39
220,220,Kerala,K. C VENUGOPAL,K. C VENUGOPAL,ALAPPUZHA,ALAPPUZHA,general,147000000.0,False,False,147000000.0,1.0,8.167317334748176,0.0,0.0,0.0,147000000.0,0.0,0.375,0.3683241252302026,False,False,0.75,0.0,147000000.0,0.0,0.0,0.0,AT BENCHMARK,20
221,221,Karnataka,K. RAJASHEKAR BASAVARAJ HITNAL,K. RAJASHEKAR BASAVARAJ HITNAL,KOPPAL,KOPPAL,general,147000000.0,False,False,147000000.0,1.0,8.167317334748176,0.0,0.0,0.0,147000000.0,0.0,0.44642857142857145,0.3683241252302026,False,False,0.75,0.0,147000000.0,0.0,0.0,0.0,AT BENCHMARK,28
222,222,Telangana,KADIYAM KAVYA,KADIYAM KAVYA,WARANGEL(SC),WARANGEL,sc,147000000.0,False,False,147000000.0,1.0,8.167317334748176,0.0,0.0,0.0,147000000.0,0.0,0.35294117647058826,0.3683241252302026,False,False,0.75,0.0,147000000.0,0.0,0.0,0.0,AT BENCHMARK,17
223,223,West Bengal,Kakoli Ghosh Dastidar,Kakoli Ghosh Dastidar,BARASAT,BARASAT,general,147000000.0,False,False,147000000.0,1.0,8.167317334748176,0.0,0.0,0.0,147000000.0,0.0,0.44047619047619047,0.3683241252302026,False,False,1.0,0.0,147000000.0,0.0,0.0,0.0,AT BENCHMARK,42
224,224,The Dadra And Nagar Haveli And Daman And Diu,Kalaben Mohanbhai Delkar,Kalaben Mohanbhai Delkar,DADRA & NAGAR HAVELI (ST),DADRA & NAGAR HAVELI,st,147000000.0,False,False,147000000.0,1.0,8.167317334748176,0.0,0.0,0.0,196031978.5,-0.2501223467476252,0.5,0.3683241252302026,False,False,1.0,0.0,147000000.0,0.0,-25.012234674762517,0.0,AT BENCHMARK,2
225,225,Tamil Nadu,Kalanidhi Veeraswamy,Kalanidhi Veeraswamy,CHENNAI NORTH,CHENNAI NORTH,general,171500000.0,False,False,147000000.0,1.1666666666666667,8.23426412437879,2.45,0.0,0.0,147000000.0,0.16666666666666666,0.8461538461538461,0.9125230202578268,True,False,1.0,0.0,147000000.0,16.666666666666664,16.666666666666664,16.666666666666675,ABOVE BENCHMARK,39
226,226,Jharkhand,KALI CHARAN MUNDA,KALI CHARAN MUNDA,KHUNTI(ST),KHUNTI,st,147000000.0,False,False,147000000.0,1.0,8.167317334748176,0.0,0.0,0.0,147000000.0,0.0,0.32142857142857145,0.3683241252302026,False,False,0.75,0.0,147000000.0,0.0,0.0,0.0,AT BENCHMARK,14
227,227,Jharkhand,KALI CHARAN SINGH,KALI CHARAN SINGH,CHATRA,CHATRA,general,147000000.0,False,False,147000000.0,1.0,8.167317334748176,0.0,0.0,0.0,147000000.0,0.0,0.32142857142857145,0.3683241252302026,False,False,0.75,0.0,147000000.0,0.0,0.0,0.0,AT BENCHMARK,14
228,228,West Bengal,KALIPADA SAREN,KALIPADA SAREN,JHARGRAM(ST),JHARGRAM,st,147000000.0,False,False,147000000.0,1.0,8.167317334748176,0.0,0.0,0.0,147000000.0,0.0,0.44047619047619047,0.3683241252302026,False,False,0.75,0.0,147000000.0,0.0,0.0,0.0,AT BENCHMARK,42
229,229,West Bengal,Kalyan Banerjee,Kalyan Banerjee,SREERAMPUR,SREERAMPUR,general,147000000.0,False,False,147000000.0,1.0,8.167317334748176,0.0,0.0,0.0,147000000.0,0.0,0.44047619047619047,0.3683241252302026,False,False,1.0,0.0,147000000.0,0.0,0.0,0.0,AT BENCHMARK,42
230,230,Maharashtra,KALYAN VAIJINATHRAO KALE,KALYAN VAIJINATHRAO KALE,JALNA,JALNA,general,147000000.0,False,False,147000000.0,1.0,8.167317334748176,0.0,0.0,0.0,147000000.0,0.0,0.3854166666666667,0.3683241252302026,False,False,0.75,0.0,147000000.0,0.0,0.0,0.0,AT BENCHMARK,49
231,231,Assam,KAMAKHYA PRASAD TASA,KAMAKHYA PRASAD TASA,Kaziranga,Kaziranga,general,147000000.0,False,False,147000000.0,1.0,8.167317334748176,0.0,0.0,0.0,147000000.0,0.0,0.5357142857142857,0.3683241252302026,False,False,0.75,0.0,147000000.0,0.0,0.0,0.0,AT BENCHMARK,14
232,232,Delhi,Kamaljeet Sehrawat,Kamaljeet Sehrawat,WEST DELHI,WEST DELHI,general,147000000.0,False,False,147000000.0,1.0,8.167317334748176,0.0,0.0,0.0,147559100.0,-0.0037889903096454233,0.14285714285714285,0.3683241252302026,False,False,1.0,0.0,147000000.0,0.0,-0.37889903096454236,0.0,AT BENCHMARK,7
233,233,Chhattisgarh,KAMLESH JANGDE,KAMLESH JANGDE,JANJGIR CHAMPA(SC),JANJGIR CHAMPA,sc,150384382.11,False,True,147000000.0,1.0230230075510205,8.177202735752703,0.33843821100000143,0.0,11.0,150384382.11,0.0,0.5454545454545454,0.7808471454880295,True,False,0.75,0.0,147000000.0,2.3023007551020505,0.0,2.302300755102049,ABOVE BENCHMARK,11
234,234,Uttar Pradesh,Kamlesh Paswan,Kamlesh Paswan,BANSGAON(SC),BANSGAON,sc,147000000.0,False,False,147000000.0,1.0,8.167317334748176,0.0,0.0,0.0,147000000.0,0.0,0.4,0.3683241252302026,False,False,1.0,0.0,147000000.0,0.0,0.0,0.0,AT BENCHMARK,80
235,235,Himachal Pradesh,Kangana Ranaut,Kangana Ranaut,MANDI,MANDI,general,147000000.0,False,False,147000000.0,1.0,8.167317334748176,0.0,0.0,0.0,151567037.11,-0.03013212633222803,0.25,0.3683241252302026,False,False,1.0,0.0,147000000.0,0.0,-3.013212633222803,0.0,AT BENCHMARK,4
236,236,Tamil Nadu,Kani K Navas,Kani K Navas,RAMANATHAPURAM,RAMANATHAPURAM,general,147000000.0,False,False,147000000.0,1.0,8.167317334748176,0.0,0.0,0.0,147000000.0,0.0,0.2692307692307692,0.3683241252302026,False,False,1.0,0.0,147000000.0,0.0,0.0,0.0,AT BENCHMARK,39
237,237,Tamil Nadu,Kanimozhi Karunanidhi,Kanimozhi Karunanidhi,THOOTHUKKUDI,THOOTHUKKUDI,general,147000000.0,False,False,147000000.0,1.0,8.167317334748176,0.0,0.0,0.0,147000000.0,0.0,0.2692307692307692,0.3683241252302026,False,False,1.0,0.0,147000000.0,0.0,0.0,0.0,AT BENCHMARK,39
238,238,Uttar Pradesh,KANWAR SINGH TANWAR,KANWAR SINGH TANWAR,AMROHA,AMROHA,general,147000000.0,False,False,147000000.0,1.0,8.167317334748176,0.0,0.0,0.0,147000000.0,0.0,0.4,0.3683241252302026,False,False,0.75,0.0,147000000.0,0.0,0.0,0.0,AT BENCHMARK,80
239,239,Uttar Pradesh,KARAN BHUSHAN SINGH,KARAN BHUSHAN SINGH,KAISERGANJ,KAISERGANJ,general,147000000.0,False,False,147000000.0,1.0,8.167317334748176,0.0,0.0,0.0,147000000.0,0.0,0.4,0.3683241252302026,False,False,0.75,0.0,147000000.0,0.0,0.0,0.0,AT BENCHMARK,80
240,240,West Bengal,KARTICK CHANDRA PAUL,KARTICK CHANDRA PAUL,RAIGANJ,RAIGANJ,general,202677986.56,False,True,147000000.0,1.3787618133333333,8.30680658127965,5.567798656,0.0,56.0,147000000.0,0.37876181333333336,0.9761904761904762,0.9779005524861878,True,False,0.75,0.0,147000000.0,37.876181333333335,37.876181333333335,37.87618133333333,ABOVE BENCHMARK,42
241,241,Bihar,Kaushalendra Kumar,Kaushalendra Kumar,NALANDA,NALANDA,general,147000000.0,False,False,147000000.0,1.0,8.167317334748176,0.0,0.0,0.0,147000000.0,0.0,0.425,0.3683241252302026,False,False,1.0,0.0,147000000.0,0.0,0.0,0.0,AT BENCHMARK,40
242,242,West Bengal,Khagen Murmu,Khagen Murmu,MALDAHA UTTAR,MALDAHA UTTAR,general,147000000.0,False,False,147000000.0,1.0,8.167317334748176,0.0,0.0,0.0,147000000.0,0.0,0.44047619047619047,0.3683241252302026,False,False,1.0,0.0,147000000.0,0.0,0.0,0.0,AT BENCHMARK,42
243,243,West Bengal,Khalilur Rahaman,Khalilur Rahaman,JANGIPUR,JANGIPUR,general,147000000.0,False,False,147000000.0,1.0,8.167317334748176,0.0,0.0,0.0,147000000.0,0.0,0.44047619047619047,0.3683241252302026,False,False,1.0,0.0,147000000.0,0.0,0.0,0.0,AT BENCHMARK,42
244,244,Andhra Pradesh,Kinjarapu Ram Mohan Naidu,Kinjarapu Ram Mohan Naidu,SRIKAKULAM,SRIKAKULAM,general,171200630.11,False,True,147000000.0,1.1646301368027212,8.233505358780342,2.4200630110000017,0.0,11.0,156430260.11,0.09442143732046243,0.76,0.9060773480662984,True,False,1.0,0.0,147000000.0,16.463013680272116,9.442143732046244,16.46301368027212,ABOVE BENCHMARK,25
245,245,Arunachal Pradesh,Kiren Rijiju,Kiren Rijiju,ARUNACHAL WEST,ARUNACHAL WEST,general,147000000.0,False,False,147000000.0,1.0,8.167317334748176,0.0,0.0,0.0,147000000.0,0.0,0.75,0.3683241252302026,False,False,1.0,0.0,147000000.0,0.0,0.0,0.0,AT BENCHMARK,2
246,246,Uttar Pradesh,Kirti Vardhan Singh,Kirti Vardhan Singh,GONDA,GONDA,general,147000000.0,False,False,147000000.0,1.0,8.167317334748176,0.0,0.0,0.0,147000000.0,0.0,0.4,0.3683241252302026,False,False,1.0,0.0,147000000.0,0.0,0.0,0.0,AT BENCHMARK,80
247,247,Telangana,Kishan Reddy Gangapuram,Kishan Reddy Gangapuram,SECUNDERABAD,SECUNDERABAD,general,147000000.0,False,False,147000000.0,1.0,8.167317334748176,0.0,0.0,0.0,147000000.0,0.0,0.35294117647058826,0.3683241252302026,False,False,1.0,0.0,147000000.0,0.0,0.0,0.0,AT BENCHMARK,17
248,248,Uttar Pradesh,KISHORI LAL,KISHORI LAL,AMETHI,AMETHI,general,171500000.0,False,False,147000000.0,1.1666666666666667,8.23426412437879,2.45,0.0,0.0,147000000.0,0.16666666666666666,0.9375,0.9125230202578268,True,False,0.75,0.0,147000000.0,16.666666666666664,16.666666666666664,16.666666666666675,ABOVE BENCHMARK,80
249,249,Telangana,KONDA VISHWESHWAR REDDY,KONDA VISHWESHWAR REDDY,CHELVELLA,CHELVELLA,general,186441916.11,False,True,147000000.0,1.268312354489796,8.270543557636023,3.9441916110000013,0.0,11.0,147000000.0,0.268312354489796,0.8823529411764706,0.9484346224677717,True,False,0.75,0.0,147000000.0,26.8312354489796,26.8312354489796,26.831235448979605,ABOVE BENCHMARK,17
250,250,Karnataka,KOTA SRINIVAS POOJARY,KOTA SRINIVAS POOJARY,UDUPI CHIKMAGALUR,UDUPI CHIKMAGALUR,general,147000000.0,False,False,147000000.0,1.0,8.167317334748176,0.0,0.0,0.0,147000000.0,0.0,0.44642857142857145,0.3683241252302026,False,False,0.75,0.0,147000000.0,0.0,0.0,0.0,AT BENCHMARK,28
251,251,Assam,Kripanath Mallah,Kripanath Mallah,KARIMGANJ (SC),KARIMGANJ,sc,147000000.0,False,False,147000000.0,1.0,8.167317334748176,0.0,0.0,0.0,147000000.0,0.0,0.5357142857142857,0.3683241252302026,False,False,1.0,0.0,147000000.0,0.0,0.0,0.0,AT BENCHMARK,14
252,252,Haryana,Krishan Pal Gurjar,Krishan Pal Gurjar,FARIDABAD,FARIDABAD,general,147000000.0,False,False,147000000.0,1.0,8.167317334748176,0.0,0.0,0.0,147000000.0,0.0,0.5,0.3683241252302026,False,False,1.0,0.0,147000000.0,0.0,0.0,0.0,AT BENCHMARK,10
253,253,Uttar Pradesh,KRISHNA DEVI SHIVSHANKER PATEL,KRISHNA DEVI SHIVSHANKER PATEL,BANDA,BANDA,general,147000000.0,False,False,147000000.0,1.0,8.167317334748176,0.0,0.0,0.0,147000000.0,0.0,0.4,0.3683241252302026,False,False,0.75,0.0,147000000.0,0.0,0.0,0.0,AT BENCHMARK,80
254,254,Andhra Pradesh,Krishna Prasad Tenneti,Krishna Prasad Tenneti,BAPATLA,BAPATLA,general,167796849.11,False,True,147000000.0,1.1414751640136056,8.224783801385483,2.0796849110000015,0.0,11.0,156430260.11,0.07266234162116167,0.72,0.8968692449355433,True,False,1.0,0.0,147000000.0,14.147516401360555,7.266234162116167,14.14751640136056,ABOVE BENCHMARK,25
255,255,Tripura,KRITI DEVI DEBBARMAN,KRITI DEVI DEBBARMAN,TRIPURA EAST(ST),TRIPURA EAST,st,147000000.0,False,False,147000000.0,1.0,8.167317334748176,0.0,0.0,0.0,147000000.0,0.0,0.75,0.3683241252302026,False,False,0.75,0.0,147000000.0,0.0,0.0,0.0,AT BENCHMARK,2
256,256,Rajasthan,KULDEEP INDORA,KULDEEP INDORA,GANGANAGAR(SC),GANGANAGAR,sc,147000000.0,False,False,147000000.0,1.0,8.167317334748176,0.0,0.0,0.0,147000000.0,0.0,0.44,0.3683241252302026,False,False,0.75,0.0,147000000.0,0.0,0.0,0.0,AT BENCHMARK,25
257,257,Telangana,KUNDURU RAGHUVEER,KUNDURU RAGHUVEER,NALGONDA,NALGONDA,general,162952022.0,False,False,147000000.0,1.108517156462585,8.212059753803889,1.5952022,0.0,0.0,147000000.0,0.10851715646258503,0.7647058823529411,0.8729281767955801,True,False,0.75,0.0,147000000.0,10.851715646258503,10.851715646258503,10.851715646258508,ABOVE BENCHMARK,17
258,258,Uttar Pradesh,LALJI VERMA,LALJI VERMA,AMBEDKAR NAGAR,AMBEDKAR NAGAR,general,147000000.0,False,False,147000000.0,1.0,8.167317334748176,0.0,0.0,0.0,147000000.0,0.0,0.4,0.3683241252302026,False,False,0.75,0.0,147000000.0,0.0,0.0,0.0,AT BENCHMARK,80
259,259,Andhra Pradesh,Lavu Sri Krishna Devarayalu,Lavu Sri Krishna Devarayalu,NARASARAOPET,NARASARAOPET,general,174009663.11,False,True,147000000.0,1.183739204829932,8.240573366206881,2.7009663110000015,0.0,11.0,156430260.11,0.11237853205408187,0.8,0.9244935543278084,True,False,1.0,0.0,147000000.0,18.373920482993206,11.237853205408186,18.3739204829932,ABOVE BENCHMARK,25
260,260,Uttar Pradesh,LAXMIKANT PAPPU NISHAD,LAXMIKANT PAPPU NISHAD,SANT KABIR NAGAR,SANT KABIR NAGAR,general,147000000.0,False,False,147000000.0,1.0,8.167317334748176,0.0,0.0,0.0,147000000.0,0.0,0.4,0.3683241252302026,False,False,0.75,0.0,147000000.0,0.0,0.0,0.0,AT BENCHMARK,80
261,261,Bihar,LOVELY ANAND,LOVELY ANAND,SHEOHAR,SHEOHAR,general,147000000.0,False,False,147000000.0,1.0,8.167317334748176,0.0,0.0,0.0,147000000.0,0.0,0.425,0.3683241252302026,False,False,0.75,0.0,147000000.0,0.0,0.0,0.0,AT BENCHMARK,40
262,262,Rajasthan,LUMBARAM,LUMBARAM,JALORE,JALORE,general,147000000.0,False,False,147000000.0,1.0,8.167317334748176,0.0,0.0,0.0,147000000.0,0.0,0.44,0.3683241252302026,False,False,0.75,0.0,147000000.0,0.0,0.0,0.0,AT BENCHMARK,25
263,263,Karnataka,M. MALLESH BABU,M. MALLESH BABU,KOLAR(SC),KOLAR,sc,147065957.11,False,True,147000000.0,1.0004486878231293,8.167512153690682,0.006595711000001431,0.0,11.0,147000000.0,0.000448687823129349,0.8928571428571429,0.7329650092081031,True,False,0.75,0.0,147000000.0,0.044868782312934896,0.044868782312934896,0.04486878231293456,AT BENCHMARK,28
264,264,Tamil Nadu,M.K. VISHNUPRASAD,M.K. VISHNUPRASAD,CUDDALORE,CUDDALORE,general,147000000.0,False,False,147000000.0,1.0,8.167317334748176,0.0,0.0,0.0,147000000.0,0.0,0.2692307692307692,0.3683241252302026,False,False,0.75,0.0,147000000.0,0.0,0.0,0.0,AT BENCHMARK,39
265,265,Andhra Pradesh,Maddila Gurumoorthy,Maddila Gurumoorthy,TIRUPATI(SC),TIRUPATI,sc,180399007.0,False,False,147000000.0,1.2272041292517006,8.256234142653776,3.3399007,0.0,0.0,156430260.11,0.1532232118846151,0.88,0.9355432780847146,True,False,1.0,0.0,147000000.0,22.72041292517007,15.32232118846151,22.720412925170063,ABOVE BENCHMARK,25
266,266,Telangana,MADHAVANENI RAGHUNANDAN RAO,MADHAVANENI RAGHUNANDAN RAO,MEDAK,MEDAK,general,147000000.0,False,False,147000000.0,1.0,8.167317334748176,0.0,0.0,0.0,147000000.0,0.0,0.35294117647058826,0.3683241252302026,False,False,0.75,0.0,147000000.0,0.0,0.0,0.0,AT BENCHMARK,17
267,267,Andhra Pradesh,Magunta Sreenivasulu Reddy,Magunta Sreenivasulu Reddy,ONGOLE,ONGOLE,general,147000000.0,False,False,147000000.0,1.0,8.167317334748176,0.0,0.0,0.0,156430260.11,-0.060284117045952365,0.22,0.3683241252302026,False,False,1.0,0.0,147000000.0,0.0,-6.028411704595237,0.0,AT BENCHMARK,25
268,268,Madhya Pradesh,Mahendra Singh Solanky,Mahendra Singh Solanky,DEWAS(SC),DEWAS,sc,147000000.0,False,False,147000000.0,1.0,8.167317334748176,0.0,0.0,0.0,147000000.0,0.0,0.3620689655172414,0.3683241252302026,False,False,1.0,0.0,147000000.0,0.0,0.0,0.0,AT BENCHMARK,29
269,269,Chhattisgarh,MAHESH KASHYAP,MAHESH KASHYAP,BASTAR(ST),BASTAR,st,147000000.0,False,False,147000000.0,1.0,8.167317334748176,0.0,0.0,0.0,150384382.11,-0.02250487758445872,0.2727272727272727,0.3683241252302026,False,False,0.75,0.0,147000000.0,0.0,-2.250487758445872,0.0,AT BENCHMARK,11
270,270,Uttar Pradesh,Mahesh Sharma,Mahesh Sharma,GAUTAM BUDDHA NAGAR,GAUTAM BUDDHA NAGAR,general,148816284.11,False,True,147000000.0,1.0123556742176871,8.172650456157253,0.18162841100000143,0.0,11.0,147000000.0,0.012355674217687173,0.8125,0.7697974217311234,True,False,1.0,0.0,147000000.0,1.2355674217687174,1.2355674217687174,1.235567421768713,ABOVE BENCHMARK,80
271,271,Rajasthan,MAHIMA KUMARI MEWAR,MAHIMA KUMARI MEWAR,RAJSAMAND,RAJSAMAND,general,183892143.0,False,False,147000000.0,1.2509669591836734,8.264563173911055,3.6892143,0.0,0.0,147000000.0,0.25096695918367345,1.0,0.9410681399631676,True,False,0.75,0.0,147000000.0,25.096695918367345,25.096695918367345,25.096695918367338,ABOVE BENCHMARK,25
272,272,Uttarakhand,Mala Rajya Laxmi Shah,Mala Rajya Laxmi Shah,TEHRI GARHWAL,TEHRI GARHWAL,general,147000000.0,False,False,147000000.0,1.0,8.167317334748176,0.0,0.0,0.0,147000000.0,0.0,0.6,0.3683241252302026,False,False,1.0,0.0,147000000.0,0.0,0.0,0.0,AT BENCHMARK,5
273,273,West Bengal,Mala Roy,Mala Roy,KOLKATA DAKSHIN,KOLKATA DAKSHIN,general,147000000.0,False,False,147000000.0,1.0,8.167317334748176,0.0,0.0,0.0,147000000.0,0.0,0.44047619047619047,0.3683241252302026,False,False,1.0,0.0,147000000.0,0.0,0.0,0.0,AT BENCHMARK,42
274,274,Tamil Nadu,MALAIYARASAN D,MALAIYARASAN D,KALLAKURICHI,KALLAKURICHI,general,176686299.0,False,False,147000000.0,1.201947612244898,8.247202873788625,2.9686299,0.0,0.0,147000000.0,0.20194761224489796,0.8974358974358975,0.9263351749539595,True,False,0.75,0.0,147000000.0,20.194761224489795,20.194761224489795,20.1947612244898,ABOVE BENCHMARK,39
275,275,Odisha,MALVIKA DEVI,MALVIKA DEVI,KALAHANDI,KALAHANDI,general,147000000.0,False,False,147000000.0,1.0,8.167317334748176,0.0,0.0,0.0,147000000.0,0.0,0.30952380952380953,0.3683241252302026,False,False,0.75,0.0,147000000.0,0.0,0.0,0.0,AT BENCHMARK,21
276,276,Punjab,MALVINDER SINGH KANG,MALVINDER SINGH KANG,ANANDPUR SAHIB,ANANDPUR SAHIB,general,147000000.0,False,False,147000000.0,1.0,8.167317334748176,0.0,0.0,0.0,147000000.0,0.0,0.4583333333333333,0.3683241252302026,False,False,0.75,0.0,147000000.0,0.0,0.0,0.0,AT BENCHMARK,12
277,277,Tamil Nadu,MANI. A.,MANI. A.,DHARAMAPURI,DHARAMAPURI,general,164515071.11,False,True,147000000.0,1.1191501436054423,8.216205689520612,1.7515071110000013,0.0,11.0,147000000.0,0.11915014360544228,0.7692307692307693,0.8821362799263351,True,False,0.75,0.0,147000000.0,11.915014360544228,11.915014360544228,11.91501436054423,ABOVE BENCHMARK,39
278,278,Tamil Nadu,Manickam Tagore B,Manickam Tagore B,VIRUDHUNAGAR,VIRUDHUNAGAR,general,147000000.0,False,False,147000000.0,1.0,8.167317334748176,0.0,0.0,0.0,147000000.0,0.0,0.2692307692307692,0.3683241252302026,False,False,1.0,0.0,147000000.0,0.0,0.0,0.0,AT BENCHMARK,39
279,279,Jharkhand,MANISH JAISWAL,MANISH JAISWAL,HAZARIBAGH,HAZARIBAGH,general,147000000.0,False,False,147000000.0,1.0,8.167317334748176,0.0,0.0,0.0,147000000.0,0.0,0.32142857142857145,0.3683241252302026,False,False,0.75,0.0,147000000.0,0.0,0.0,0.0,AT BENCHMARK,14
280,280,Chandigarh,MANISH TEWARI,MANISH TEWARI,CHANDIGARH,CHANDIGARH,general,178351443.75,False,True,147000000.0,1.2132751275510205,8.25127662929041,3.135144375,0.0,75.0,178351443.75,0.0,1.0,0.9281767955801105,True,False,0.75,0.0,147000000.0,21.327512755102042,0.0,21.327512755102052,ABOVE BENCHMARK,1
281,281,Rajasthan,MANJU SHARMA,MANJU SHARMA,JAIPUR,JAIPUR,general,167082901.11,False,True,147000000.0,1.1366183748979592,8.222932007442534,2.0082901110000013,0.0,11.0,147000000.0,0.13661837489795928,0.96,0.8931860036832413,True,False,0.75,0.0,147000000.0,13.661837489795928,13.661837489795928,13.661837489795925,ABOVE BENCHMARK,25
282,282,Rajasthan,MANNA LAL RAWAT,MANNA LAL RAWAT,UDAIPUR(ST),UDAIPUR,st,147000000.0,False,False,147000000.0,1.0,8.167317334748176,0.0,0.0,0.0,147000000.0,0.0,0.44,0.3683241252302026,False,False,0.75,0.0,147000000.0,0.0,0.0,0.0,AT BENCHMARK,25
283,283,Haryana,MANOHAR LAL,MANOHAR LAL,KARNAL,KARNAL,general,147000000.0,False,False,147000000.0,1.0,8.167317334748176,0.0,0.0,0.0,147000000.0,0.0,0.5,0.3683241252302026,False,False,0.75,0.0,147000000.0,0.0,0.0,0.0,AT BENCHMARK,10
284,284,Bihar,MANOJ KUMAR,MANOJ KUMAR,SASARAM(SC),SASARAM,sc,147000000.0,False,False,147000000.0,1.0,8.167317334748176,0.0,0.0,0.0,147000000.0,0.0,0.425,0.3683241252302026,False,False,0.75,0.0,147000000.0,0.0,0.0,0.0,AT BENCHMARK,40
285,285,West Bengal,MANOJ TIGGA,MANOJ TIGGA,ALIPURDUARS(ST),ALIPURDUARS,st,147000000.0,False,False,147000000.0,1.0,8.167317334748176,0.0,0.0,0.0,147000000.0,0.0,0.44047619047619047,0.3683241252302026,False,False,0.75,0.0,147000000.0,0.0,0.0,0.0,AT BENCHMARK,42
286,286,Delhi,Manoj Tiwari,Manoj Tiwari,NORTH EAST DELHI,NORTH EAST DELHI,general,225843858.0,False,False,147000000.0,1.536352775510204,8.353808284080593,7.8843858,0.0,0.0,147559100.0,0.5305315497315991,1.0,0.9852670349907919,True,False,1.0,0.0,147000000.0,53.63527755102041,53.05315497315991,53.6352775510204,ABOVE BENCHMARK,7
287,287,Gujarat,Mansukhbhai Dhanjibhai Vasava,Mansukhbhai Dhanjibhai Vasava,BHARUCH,BHARUCH,general,147000000.0,False,False,147000000.0,1.0,8.167317334748176,0.0,0.0,0.0,147000000.0,0.0,0.4807692307692308,0.3683241252302026,False,False,1.0,0.0,147000000.0,0.0,0.0,0.0,AT BENCHMARK,26
288,288,Jammu And Kashmir,MIAN ALTAF AHMAD,MIAN ALTAF AHMAD,ANANTNAG,ANANTNAG,general,147000000.0,False,False,147000000.0,1.0,8.167317334748176,0.0,0.0,0.0,147000000.0,0.0,0.6,0.3683241252302026,False,False,0.75,0.0,147000000.0,0.0,0.0,0.0,AT BENCHMARK,5
289,289,Andhra Pradesh,Midhun Reddy,Midhun Reddy,RAJAMPET,RAJAMPET,general,178951477.11,False,True,147000000.0,1.2173569871428573,8.252735287515486,3.1951477110000015,0.0,11.0,156430260.11,0.14396969604322932,0.84,0.9300184162062615,True,False,1.0,0.0,147000000.0,21.73569871428572,14.396969604322932,21.735698714285732,ABOVE BENCHMARK,25
290,290,Bihar,MISHA BHARTI,MISHA BHARTI,PATALIPUTRA,PATALIPUTRA,general,147000000.0,False,False,147000000.0,1.0,8.167317334748176,0.0,0.0,0.0,147000000.0,0.0,0.425,0.3683241252302026,False,False,0.75,0.0,147000000.0,0.0,0.0,0.0,AT BENCHMARK,40
291,291,Gujarat,Mitesh Rameshbhai Bakabhai Patel,Mitesh Rameshbhai Bakabhai Patel,ANAND,ANAND,general,147000000.0,False,False,147000000.0,1.0,8.167317334748176,0.0,0.0,0.0,147000000.0,0.0,0.4807692307692308,0.3683241252302026,False,False,1.0,0.0,147000000.0,0.0,0.0,0.0,AT BENCHMARK,26
292,292,Ladakh,Mohamed Haneefa,Mohamed Haneefa,LADAKH,LADAKH,general,161114542.0,False,False,147000000.0,1.0960172925170069,8.207134741073048,1.4114542,0.0,0.0,161114542.0,0.0,1.0,0.8637200736648251,True,False,1.0,0.0,147000000.0,9.60172925170068,0.0,9.601729251700686,ABOVE BENCHMARK,1
293,293,Uttar Pradesh,MOHIBBULLAH,MOHIBBULLAH,RAMPUR,RAMPUR,general,147000000.0,False,False,147000000.0,1.0,8.167317334748176,0.0,0.0,0.0,147000000.0,0.0,0.4,0.3683241252302026,False,False,0.75,0.0,147000000.0,0.0,0.0,0.0,AT BENCHMARK,80
294,294,Maharashtra,MOHITE PATIL DHAIRYASHEEL RAJSINH,MOHITE PATIL DHAIRYASHEEL RAJSINH,MADHA,MADHA,general,195613601.7,False,True,147000000.0,1.3307047734693878,8.291399049520486,4.861360169999998,0.0,70.0,147000000.0,0.33070477346938765,0.9791666666666666,0.9631675874769797,True,False,0.75,0.0,147000000.0,33.070477346938766,33.070477346938766,33.07047734693877,ABOVE BENCHMARK,49
295,295,Bihar,Mr Gopal Jee Thakur,Gopal Jee Thakur,DARBHANGA,DARBHANGA,general,147000000.0,False,False,147000000.0,1.0,8.167317334748176,0.0,0.0,0.0,147000000.0,0.0,0.425,0.3683241252302026,False,False,0.85,0.0,147000000.0,0.0,0.0,0.0,AT BENCHMARK,40
296,296,West Bengal,Ms Mahua Moitra,Mahua Moitra,KRISHNANAGAR,KRISHNANAGAR,general,159865046.0,False,False,147000000.0,1.0875173197278911,8.203753516974718,1.2865046,0.0,0.0,147000000.0,0.08751731972789116,0.8809523809523809,0.848987108655617,True,False,0.85,0.0,147000000.0,8.751731972789116,8.751731972789116,8.751731972789113,ABOVE BENCHMARK,42
297,297,Lakshadweep,MUHAMMED HAMDULLAH SAYEED,MUHAMMED HAMDULLAH SAYEED,LAKSHADWEEP(ST),LAKSHADWEEP,st,153942460.41,False,True,147000000.0,1.0472276218367347,8.187358423459962,0.6942460409999996,0.0,41.0,153942460.41,0.0,1.0,0.8139963167587477,True,False,0.75,0.0,147000000.0,4.722762183673467,0.0,4.722762183673468,ABOVE BENCHMARK,1
298,298,Uttar Pradesh,Mukesh Rajput,Mukesh Rajput,FARRUKHABAD,FARRUKHABAD,general,147000000.0,False,False,147000000.0,1.0,8.167317334748176,0.0,0.0,0.0,147000000.0,0.0,0.4,0.3683241252302026,False,False,1.0,0.0,147000000.0,0.0,0.0,0.0,AT BENCHMARK,80
299,299,Gujarat,MUKESHKUMAR CHANDRAKAANT DALAL,MUKESHKUMAR CHANDRAKAANT DALAL,SURAT,SURAT,general,147000000.0,False,False,147000000.0,1.0,8.167317334748176,0.0,0.0,0.0,147000000.0,0.0,0.4807692307692308,0.3683241252302026,False,False,0.75,0.0,147000000.0,0.0,0.0,0.0,AT BENCHMARK,26
300,300,Rajasthan,MURARI LAL MEENA,MURARI LAL MEENA,DAUSA(ST),DAUSA,st,147000000.0,False,False,147000000.0,1.0,8.167317334748176,0.0,0.0,0.0,147000000.0,0.0,0.44,0.3683241252302026,False,False,0.75,0.0,147000000.0,0.0,0.0,0.0,AT BENCHMARK,25
301,301,Tamil Nadu,MURASOLI S,MURASOLI S,THANJAVUR,THANJAVUR,general,147000000.0,False,False,147000000.0,1.0,8.167317334748176,0.0,0.0,0.0,147000000.0,0.0,0.2692307692307692,0.3683241252302026,False,False,0.75,0.0,147000000.0,0.0,0.0,0.0,AT BENCHMARK,39
302,302,Maharashtra,MURLIDHAR MOHOL,MURLIDHAR MOHOL,PUNE,PUNE,general,147000000.0,False,False,147000000.0,1.0,8.167317334748176,0.0,0.0,0.0,147000000.0,0.0,0.3854166666666667,0.3683241252302026,False,False,0.75,0.0,147000000.0,0.0,0.0,0.0,AT BENCHMARK,49
303,303,Odisha,NABA CHARAN MAJHI,NABA CHARAN MAJHI,MAYURBHANJ (ST),MAYURBHANJ,st,147563957.11,False,True,147000000.0,1.0038364429251703,8.168980292854538,0.05639571100000143,0.0,11.0,147000000.0,0.0038364429251701655,0.8095238095238095,0.7532228360957642,True,False,0.75,0.0,147000000.0,0.38364429251701654,0.38364429251701654,0.3836442925170269,AT BENCHMARK,21
304,304,Jharkhand,NALIN SOREN,NALIN SOREN,DUMKA(ST),DUMKA,st,147364097.11,False,True,147000000.0,1.0024768510884354,8.16839168755099,0.036409711000001434,0.0,11.0,147000000.0,0.0024768510884354716,0.7857142857142857,0.7403314917127072,True,False,0.75,0.0,147000000.0,0.24768510884354716,0.24768510884354716,0.24768510884354278,AT BENCHMARK,14
305,305,Uttar Pradesh,NARAYAN DAS AHIRWAR,NARAYAN DAS AHIRWAR,JALAUN(SC),JALAUN,sc,147000000.0,False,False,147000000.0,1.0,8.167317334748176,0.0,0.0,0.0,147000000.0,0.0,0.4,0.3683241252302026,False,False,0.75,0.0,147000000.0,0.0,0.0,0.0,AT BENCHMARK,80
306,306,Maharashtra,NARAYAN TATU RANE,NARAYAN TATU RANE,RATNAGIRI-SINDHUDURG,RATNAGIRI-SINDHUDURG,general,147000000.0,False,False,147000000.0,1.0,8.167317334748176,0.0,0.0,0.0,147000000.0,0.0,0.3854166666666667,0.3683241252302026,False,False,0.75,0.0,147000000.0,0.0,0.0,0.0,AT BENCHMARK,49
307,307,Uttar Pradesh,NARESH CHANDRA UTTAM PATEL,NARESH CHANDRA UTTAM PATEL,FATEHPUR,FATEHPUR,general,147000000.0,False,False,147000000.0,1.0,8.167317334748176,0.0,0.0,0.0,147000000.0,0.0,0.4,0.3683241252302026,False,False,0.75,0.0,147000000.0,0.0,0.0,0.0,AT BENCHMARK,80
308,308,Maharashtra,NARESH GANPAT MHASKE,NARESH GANPAT MHASKE,THANE,THANE,general,147000000.0,False,False,147000000.0,1.0,8.167317334748176,0.0,0.0,0.0,147000000.0,0.0,0.3854166666666667,0.3683241252302026,False,False,0.75,0.0,147000000.0,0.0,0.0,0.0,AT BENCHMARK,49
309,309,Haryana,NAVEEN JINDAL,NAVEEN JINDAL,KURUKSHETRA,KURUKSHETRA,general,147000000.0,False,False,147000000.0,1.0,8.167317334748176,0.0,0.0,0.0,147000000.0,0.0,0.5,0.3683241252302026,False,False,0.75,0.0,147000000.0,0.0,0.0,0.0,AT BENCHMARK,10
310,310,Uttar Pradesh,NEERAJ MAURYA,NEERAJ MAURYA,AONLA,AONLA,general,147000000.0,False,False,147000000.0,1.0,8.167317334748176,0.0,0.0,0.0,147000000.0,0.0,0.4,0.3683241252302026,False,False,0.75,0.0,147000000.0,0.0,0.0,0.0,AT BENCHMARK,80
311,311,Maharashtra,NILESH DNYANDEV LANKE,NILESH DNYANDEV LANKE,AHMEDNAGAR,AHMEDNAGAR,general,147000000.0,False,False,147000000.0,1.0,8.167317334748176,0.0,0.0,0.0,147000000.0,0.0,0.3854166666666667,0.3683241252302026,False,False,0.75,0.0,147000000.0,0.0,0.0,0.0,AT BENCHMARK,49
312,312,Gujarat,NIMUBEN JAYANTIBHAI BAMBHANIYA,NIMUBEN JAYANTIBHAI BAMBHANIYA,BHAVNAGAR,BHAVNAGAR,general,147000000.0,False,False,147000000.0,1.0,8.167317334748176,0.0,0.0,0.0,147000000.0,0.0,0.4807692307692308,0.3683241252302026,False,False,0.75,0.0,147000000.0,0.0,0.0,0.0,AT BENCHMARK,26
313,313,Jharkhand,Nishikant Dubey,Nishikant Dubey,GODDA,GODDA,general,147000000.0,False,False,147000000.0,1.0,8.167317334748176,0.0,0.0,0.0,147000000.0,0.0,0.32142857142857145,0.3683241252302026,False,False,1.0,0.0,147000000.0,0.0,0.0,0.0,AT BENCHMARK,14
314,314,Maharashtra,Nitin Jairam Gadkari,Nitin Jairam Gadkari,NAGPUR,NAGPUR,general,168195086.11,False,True,147000000.0,1.1441842592517009,8.225813303551755,2.1195086110000014,0.0,11.0,147000000.0,0.14418425925170078,0.8958333333333334,0.8987108655616943,True,False,1.0,0.0,147000000.0,14.418425925170078,14.418425925170078,14.418425925170087,ABOVE BENCHMARK,49
315,315,Bihar,Nityanand Rai,Nityanand Rai,UJJARPUR,UJJARPUR,general,147000000.0,False,False,147000000.0,1.0,8.167317334748176,0.0,0.0,0.0,147000000.0,0.0,0.425,0.3683241252302026,False,False,1.0,0.0,147000000.0,0.0,0.0,0.0,AT BENCHMARK,40
316,316,Rajasthan,Om Birla,Om Birla,KOTA,KOTA,general,163906956.6,False,True,147000000.0,1.1150133102040816,8.21459738644956,1.6906956599999994,0.0,60.0,147000000.0,0.11501331020408159,0.88,0.8802946593001841,True,False,1.0,0.0,147000000.0,11.50133102040816,11.50133102040816,11.501331020408156,ABOVE BENCHMARK,25
317,317,Maharashtra,Omprakash Bhupalsinh Alias Pawan Rajenimbalkar,Omprakash Bhupalsinh Alias Pawan Rajenimbalkar,OSMANABAD,OSMANABAD,general,184758519.11,False,True,147000000.0,1.256860674217687,8.266604472599553,3.7758519110000015,0.0,11.0,147000000.0,0.25686067421768716,0.9166666666666666,0.9429097605893186,True,False,1.0,0.0,147000000.0,25.686067421768715,25.686067421768715,25.686067421768712,ABOVE BENCHMARK,49
318,318,Karnataka,P C Mohan,P C Mohan,BANGALORE CENTRAL,BANGALORE CENTRAL,general,159995711.11,False,True,147000000.0,1.088406198027211,8.204108340992015,1.2995711110000014,0.0,11.0,147000000.0,0.08840619802721097,0.9285714285714286,0.850828729281768,True,False,1.0,0.0,147000000.0,8.840619802721097,8.840619802721097,8.840619802721106,ABOVE BENCHMARK,28
319,319,Uttar Pradesh,Pankaj Chowdhary,Pankaj Chowdhary,MAHARAJGANJ_UP,MAHARAJGANJ (UP),general,147000000.0,False,False,147000000.0,1.0,8.167317334748176,0.0,0.0,0.0,147000000.0,0.0,0.4,0.3683241252302026,False,False,1.0,0.0,147000000.0,0.0,0.0,0.0,AT BENCHMARK,80
320,320,Assam,PARIMAL SUKLABAIDYA,PARIMAL SUKLABAIDYA,SILCHAR,SILCHAR,general,148300157.11,False,True,147000000.0,1.0088446061904763,8.171141611122582,0.13001571100000142,0.0,11.0,147000000.0,0.008844606190476287,1.0,0.7624309392265194,True,False,0.75,0.0,147000000.0,0.8844606190476287,0.8844606190476287,0.8844606190476334,ABOVE BENCHMARK,14
321,321,Gujarat,PARSHOTTAMBHAI RUPALA,PARSHOTTAMBHAI RUPALA,RAJKOT,RAJKOT,general,147000000.0,False,False,147000000.0,1.0,8.167317334748176,0.0,0.0,0.0,147000000.0,0.0,0.4807692307692308,0.3683241252302026,False,False,0.75,0.0,147000000.0,0.0,0.0,0.0,AT BENCHMARK,26
322,322,West Bengal,PARTHA BHOWMICK,PARTHA BHOWMICK,BARRACKPUR,BARRACKPUR,general,147000000.0,False,False,147000000.0,1.0,8.167317334748176,0.0,0.0,0.0,147000000.0,0.0,0.44047619047619047,0.3683241252302026,False,False,0.75,0.0,147000000.0,0.0,0.0,0.0,AT BENCHMARK,42
323,323,Karnataka,Parvatagouda Chandanagouda Gaddigoudar,Parvatagouda Chandanagouda Gaddigoudar,BAGALKOT,BAGALKOT,general,167541747.11,False,True,147000000.0,1.1397397762585035,8.22412303991309,2.0541747110000013,0.0,11.0,147000000.0,0.1397397762585035,0.9642857142857143,0.8950276243093923,True,False,1.0,0.0,147000000.0,13.97397762585035,13.97397762585035,13.973977625850353,ABOVE BENCHMARK,28
324,324,The Dadra And Nagar Haveli And Daman And Diu,PATEL UMESHBHAI BABUBHAI,PATEL UMESHBHAI BABUBHAI,DAMAN and DIU,DAMAN and DIU,general,245063957.0,False,False,147000000.0,1.6671017482993198,8.38927944170061,9.8063957,0.0,0.0,196031978.5,0.2501223467476252,1.0,0.9871086556169429,True,False,0.75,0.0,147000000.0,66.71017482993197,25.012234674762517,66.71017482993197,ABOVE BENCHMARK,2
325,325,West Bengal,PATHAN YUSUF,PATHAN YUSUF,BAHARAMPUR,BAHARAMPUR,general,147000000.0,False,False,147000000.0,1.0,8.167317334748176,0.0,0.0,0.0,147000000.0,0.0,0.44047619047619047,0.3683241252302026,False,False,0.75,0.0,147000000.0,0.0,0.0,0.0,AT BENCHMARK,42
326,326,Assam,PHANI BHUSAN CHOUDHURY,PHANI BHUSAN CHOUDHURY,BARPETA,BARPETA,general,147000000.0,False,False,147000000.0,1.0,8.167317334748176,0.0,0.0,0.0,147000000.0,0.0,0.5357142857142857,0.3683241252302026,False,False,0.75,0.0,147000000.0,0.0,0.0,0.0,AT BENCHMARK,14
327,327,Maharashtra,Piyush Vedprakash Goyal,Piyush Vedprakash Goyal,MUMBAI NORTH,MUMBAI NORTH,general,147000000.0,False,False,147000000.0,1.0,8.167317334748176,0.0,0.0,0.0,147000000.0,0.0,0.3854166666666667,0.3683241252302026,False,False,1.0,0.0,147000000.0,0.0,0.0,0.0,AT BENCHMARK,49
328,328,Andhra Pradesh,PRABHAKAR REDDY VEMIREDDY,PRABHAKAR REDDY VEMIREDDY,NELLORE(SC),NELLORE,sc,147000000.0,False,False,147000000.0,1.0,8.167317334748176,0.0,0.0,0.0,156430260.11,-0.060284117045952365,0.22,0.3683241252302026,False,False,0.75,0.0,147000000.0,0.0,-6.028411704595237,0.0,AT BENCHMARK,25
329,329,Gujarat,Prabhubhai Nagarbhai Vasava,Prabhubhai Nagarbhai Vasava,BARDOLI(ST),BARDOLI,st,147000000.0,False,False,147000000.0,1.0,8.167317334748176,0.0,0.0,0.0,147000000.0,0.0,0.4807692307692308,0.3683241252302026,False,False,1.0,0.0,147000000.0,0.0,0.0,0.0,AT BENCHMARK,26
330,330,Assam,Pradan Baruah,Pradan Baruah,LAKHIMPUR,LAKHIMPUR,general,147000000.0,False,False,147000000.0,1.0,8.167317334748176,0.0,0.0,0.0,147000000.0,0.0,0.5357142857142857,0.3683241252302026,False,False,1.0,0.0,147000000.0,0.0,0.0,0.0,AT BENCHMARK,14
331,331,Bihar,Pradeep Kumar Singh,Pradeep Kumar Singh,ARARIA,ARARIA,general,147000000.0,False,False,147000000.0,1.0,8.167317334748176,0.0,0.0,0.0,147000000.0,0.0,0.425,0.3683241252302026,False,False,1.0,0.0,147000000.0,0.0,0.0,0.0,AT BENCHMARK,40
332,332,Odisha,PRADEEP PUROHIT,PRADEEP PUROHIT,BARGARH,BARGARH,general,147000000.0,False,False,147000000.0,1.0,8.167317334748176,0.0,0.0,0.0,147000000.0,0.0,0.30952380952380953,0.3683241252302026,False,False,0.75,0.0,147000000.0,0.0,0.0,0.0,AT BENCHMARK,21
333,333,Assam,Pradyut Bordoloi,Pradyut Bordoloi,NOWGONG,NOWGONG,general,98000000.0,False,False,147000000.0,0.6666666666666666,7.991226075692495,0.0,0.3333333333333333,0.0,147000000.0,-0.3333333333333333,0.07142857142857142,0.006445672191528545,False,True,1.0,0.0,147000000.0,-33.33333333333333,-33.33333333333333,-33.333333333333336,BELOW BENCHMARK,14
334,334,Karnataka,Pralhad Venkatesh Joshi,Pralhad Venkatesh Joshi,DHARWAD,DHARWAD,general,147000000.0,False,False,147000000.0,1.0,8.167317334748176,0.0,0.0,0.0,147000000.0,0.0,0.44642857142857145,0.3683241252302026,False,False,1.0,0.0,147000000.0,0.0,0.0,0.0,AT BENCHMARK,28
335,335,Maharashtra,PRANITI SUSHILKUMAR SHINDE,PRANITI SUSHILKUMAR SHINDE,SOLAPUR(SC),SOLAPUR,sc,147000000.0,False,False,147000000.0,1.0,8.167317334748176,0.0,0.0,0.0,147000000.0,0.0,0.3854166666666667,0.3683241252302026,False,False,0.75,0.0,147000000.0,0.0,0.0,0.0,AT BENCHMARK,49
336,336,West Bengal,Prasun Banerjee,Prasun Banerjee,HOWRAH,HOWRAH,general,147000000.0,False,False,147000000.0,1.0,8.167317334748176,0.0,0.0,0.0,147000000.0,0.0,0.44047619047619047,0.3683241252302026,False,False,1.0,0.0,147000000.0,0.0,0.0,0.0,AT BENCHMARK,42
337,337,Odisha,Pratap Chandra Sarangi,Pratap Chandra Sarangi,BALASORE,BALASORE,general,147064254.11,False,True,147000000.0,1.0004371027891157,8.167507124601698,0.006425411000001431,0.0,11.0,147000000.0,0.0004371027891157436,0.6190476190476191,0.7274401473296501,True,False,1.0,0.0,147000000.0,0.043710278911574356,0.043710278911574356,0.04371027891156842,AT BENCHMARK,21
338,338,Maharashtra,Prataprao Jadhav,Prataprao Jadhav,BULDHANA,BULDHANA,general,147000000.0,False,False,147000000.0,1.0,8.167317334748176,0.0,0.0,0.0,147000000.0,0.0,0.3854166666666667,0.3683241252302026,False,False,1.0,0.0,147000000.0,0.0,0.0,0.0,AT BENCHMARK,49
339,339,West Bengal,Pratima Mondal,Pratima Mondal,JOYNAGAR(SC),JOYNAGAR,sc,147000000.0,False,False,147000000.0,1.0,8.167317334748176,0.0,0.0,0.0,147000000.0,0.0,0.44047619047619047,0.3683241252302026,False,False,1.0,0.0,147000000.0,0.0,0.0,0.0,AT BENCHMARK,42
340,340,Delhi,Praveen Khandelwal,Praveen Khandelwal,CHANDINI CHOWK,CHANDINI CHOWK,general,147470276.0,False,False,147000000.0,1.003199156462585,8.168704493059579,0.0470276,0.0,0.0,147559100.0,-0.0006019554198961637,0.42857142857142855,0.7476979742173112,True,False,1.0,0.0,147000000.0,0.3199156462585034,-0.060195541989616366,0.3199156462585062,AT BENCHMARK,7
341,341,Uttar Pradesh,PRAVEEN PATEL,PRAVEEN PATEL,PHULPUR,PHULPUR,general,151559884.09,False,True,147000000.0,1.031019619659864,8.180584264463258,0.45598840900000037,0.0,9.0,147000000.0,0.03101961965986397,0.85,0.7937384898710865,True,False,0.75,0.0,147000000.0,3.1019619659863973,3.1019619659863973,3.1019619659863995,ABOVE BENCHMARK,80
342,342,Uttar Pradesh,PRIYA SAROJ,PRIYA SAROJ,MACHHLISHAHR(SC),MACHHLISHAHR,sc,147000000.0,False,False,147000000.0,1.0,8.167317334748176,0.0,0.0,0.0,147000000.0,0.0,0.4,0.3683241252302026,False,False,0.75,0.0,147000000.0,0.0,0.0,0.0,AT BENCHMARK,80
343,343,Kerala,Priyanka Gandhi Vadra,Priyanka Gandhi Vadra,WAYANAD,WAYANAD,general,122500000.0,False,False,147000000.0,0.8333333333333334,8.088136088700551,0.0,0.16666666666666666,0.0,147000000.0,-0.16666666666666666,0.05,0.009208103130755065,False,True,1.0,0.0,147000000.0,-16.666666666666664,-16.666666666666664,-16.666666666666664,BELOW BENCHMARK,20
344,344,Karnataka,PRIYANKA SATISH JARKIHOLI,PRIYANKA SATISH JARKIHOLI,CHIKKODI,CHIKKODI,general,147000000.0,False,False,147000000.0,1.0,8.167317334748176,0.0,0.0,0.0,147000000.0,0.0,0.44642857142857145,0.3683241252302026,False,False,0.75,0.0,147000000.0,0.0,0.0,0.0,AT BENCHMARK,28
345,345,West Bengal,Prof Sougata Ray,Sougata Ray,DUM DUM,DUM DUM,general,147000000.0,False,False,147000000.0,1.0,8.167317334748176,0.0,0.0,0.0,147000000.0,0.0,0.44047619047619047,0.3683241252302026,False,False,0.85,0.0,147000000.0,0.0,0.0,0.0,AT BENCHMARK,42
346,346,Uttar Pradesh,Prof SP Singh Baghel,SP Singh Baghel,AGRA(SC),AGRA,sc,147000000.0,False,False,147000000.0,1.0,8.167317334748176,0.0,0.0,0.0,147000000.0,0.0,0.4,0.3683241252302026,False,False,0.85,0.0,147000000.0,0.0,0.0,0.0,AT BENCHMARK,80
347,347,Uttar Pradesh,PUSHPENDRA SAROJ,PUSHPENDRA SAROJ,KAUSHAMBI(SC),KAUSHAMBI,sc,147000000.0,False,False,147000000.0,1.0,8.167317334748176,0.0,0.0,0.0,147000000.0,0.0,0.4,0.3683241252302026,False,False,0.75,0.0,147000000.0,0.0,0.0,0.0,AT BENCHMARK,80
348,348,Andhra Pradesh,Putta Mahesh Kumar,Putta Mahesh Kumar,ELURU,ELURU,general,147000000.0,False,False,147000000.0,1.0,8.167317334748176,0.0,0.0,0.0,156430260.11,-0.060284117045952365,0.22,0.3683241252302026,False,False,1.0,0.0,147000000.0,0.0,-6.028411704595237,0.0,AT BENCHMARK,25
349,349,Uttar Pradesh,R.K. CHAUDHARY,R.K. CHAUDHARY,MOHANLALGANJ(SC),MOHANLALGANJ,sc,147000000.0,False,False,147000000.0,1.0,8.167317334748176,0.0,0.0,0.0,147000000.0,0.0,0.4,0.3683241252302026,False,False,0.75,0.0,147000000.0,0.0,0.0,0.0,AT BENCHMARK,80
350,350,Odisha,RABINDRA NARAYAN BEHERA,RABINDRA NARAYAN BEHERA,JAJPUR(SC),JAJPUR,sc,147064617.11,False,True,147000000.0,1.0004395721768709,8.167508196573287,0.0064617110000014305,0.0,11.0,147000000.0,0.0004395721768708456,0.6666666666666666,0.7311233885819521,True,False,0.75,0.0,147000000.0,0.04395721768708456,0.04395721768708456,0.04395721768708505,AT BENCHMARK,21
351,351,West Bengal,RACHNA BANERJEE,RACHNA BANERJEE,HOOGHLY,HOOGHLY,general,147000000.0,False,False,147000000.0,1.0,8.167317334748176,0.0,0.0,0.0,147000000.0,0.0,0.44047619047619047,0.3683241252302026,False,False,0.75,0.0,147000000.0,0.0,0.0,0.0,AT BENCHMARK,42
352,352,Bihar,Radha Mohan Singh,Radha Mohan Singh,PURVI CHAMPARAN,PURVI CHAMPARAN,general,147000000.0,False,False,147000000.0,1.0,8.167317334748176,0.0,0.0,0.0,147000000.0,0.0,0.425,0.3683241252302026,False,False,1.0,0.0,147000000.0,0.0,0.0,0.0,AT BENCHMARK,40
353,353,Karnataka,RADHAKRISHNA,RADHAKRISHNA,GULBARGA(SC),GULBARGA,sc,147000000.0,False,False,147000000.0,1.0,8.167317334748176,0.0,0.0,0.0,147000000.0,0.0,0.44642857142857145,0.3683241252302026,False,False,0.75,0.0,147000000.0,0.0,0.0,0.0,AT BENCHMARK,28
354,354,Chhattisgarh,RADHE SHYAM RATHIYA,RADHE SHYAM RATHIYA,RAIGARH(ST),RAIGARH,st,159706972.09,False,True,147000000.0,1.0864419870068027,8.20332387590129,1.2706972090000004,0.0,9.0,150384382.11,0.06199174308659856,0.9090909090909091,0.8434622467771639,True,False,0.75,0.0,147000000.0,8.644198700680276,6.199174308659856,8.644198700680272,ABOVE BENCHMARK,11
355,355,Uttar Pradesh,RAHUL GANDHI,RAHUL GANDHI,RAE BARELI,RAE BARELI,general,147000000.0,False,False,147000000.0,1.0,8.167317334748176,0.0,0.0,0.0,147000000.0,0.0,0.4,0.3683241252302026,False,False,0.75,0.0,147000000.0,0.0,0.0,0.0,AT BENCHMARK,80
356,356,Rajasthan,Rahul Kaswan,Rahul Kaswan,CHURU,CHURU,general,147000000.0,False,False,147000000.0,1.0,8.167317334748176,0.0,0.0,0.0,147000000.0,0.0,0.44,0.3683241252302026,False,False,1.0,0.0,147000000.0,0.0,0.0,0.0,AT BENCHMARK,25
357,357,Madhya Pradesh,RAHUL SINGH LODHI,RAHUL SINGH LODHI,DAMOH,DAMOH,general,163058785.37,False,True,147000000.0,1.1092434378911564,8.212344202926861,1.6058785370000004,0.0,37.0,147000000.0,0.1092434378911565,0.9655172413793104,0.8747697974217311,True,False,0.75,0.0,147000000.0,10.92434378911565,10.92434378911565,10.924343789115643,ABOVE BENCHMARK,29
358,358,Bihar,RAJ BHUSHAN CHOUDHARY,RAJ BHUSHAN CHOUDHARY,MUZAFFARPUR,MUZAFFARPUR,general,147000000.0,False,False,147000000.0,1.0,8.167317334748176,0.0,0.0,0.0,147000000.0,0.0,0.425,0.3683241252302026,False,False,0.75,0.0,147000000.0,0.0,0.0,0.0,AT BENCHMARK,40
359,359,Rajasthan,RAJ KUMAR ROAT,RAJ KUMAR ROAT,BANSWARA(ST),BANSWARA,st,147000000.0,False,False,147000000.0,1.0,8.167317334748176,0.0,0.0,0.0,147000000.0,0.0,0.44,0.3683241252302026,False,False,0.75,0.0,147000000.0,0.0,0.0,0.0,AT BENCHMARK,25
360,360,Bihar,RAJA RAM SINGH,RAJA RAM SINGH,KARAKAT,KARAKAT,general,147000000.0,False,False,147000000.0,1.0,8.167317334748176,0.0,0.0,0.0,147000000.0,0.0,0.425,0.3683241252302026,False,False,0.75,0.0,147000000.0,0.0,0.0,0.0,AT BENCHMARK,40
361,361,Maharashtra,RAJABHAU,RAJABHAU,NASHIK,NASHIK,general,152878682.11,False,True,147000000.0,1.0399910347619048,8.184346930229442,0.5878682110000014,0.0,11.0,147000000.0,0.03999103476190486,0.8125,0.8029465930018416,True,False,0.75,0.0,147000000.0,3.999103476190486,3.999103476190486,3.99910347619048,ABOVE BENCHMARK,49
362,362,Himachal Pradesh,RAJEEV BHARDWAJ,RAJEEV BHARDWAJ,KANGRA,KANGRA,general,179388967.11,False,True,147000000.0,1.2203331095918368,8.2537957292845,3.2388967110000015,0.0,11.0,151567037.11,0.18356187816621494,1.0,0.9318600368324125,True,False,0.75,0.0,147000000.0,22.033310959183684,18.356187816621492,22.033310959183684,ABOVE BENCHMARK,4
363,363,Uttar Pradesh,RAJEEV RAI,RAJEEV RAI,GHOSI,GHOSI,general,147000000.0,False,False,147000000.0,1.0,8.167317334748176,0.0,0.0,0.0,147000000.0,0.0,0.4,0.3683241252302026,False,False,0.75,0.0,147000000.0,0.0,0.0,0.0,AT BENCHMARK,80
364,364,Bihar,RAJESH RANJAN ALIAS PAPPU YADAV,RAJESH RANJAN ALIAS PAPPU YADAV,PURNEA,PURNEA,general,147000000.0,False,False,147000000.0,1.0,8.167317334748176,0.0,0.0,0.0,147000000.0,0.0,0.425,0.3683241252302026,False,False,0.75,0.0,147000000.0,0.0,0.0,0.0,AT BENCHMARK,40
365,365,Bihar,RAJESH VERMA,RAJESH VERMA,KHAGARIA,KHAGARIA,general,147000000.0,False,False,147000000.0,1.0,8.167317334748176,0.0,0.0,0.0,147000000.0,0.0,0.425,0.3683241252302026,False,False,0.75,0.0,147000000.0,0.0,0.0,0.0,AT BENCHMARK,40
366,366,Gujarat,Rajeshbhai Naranbhai Chudasama,Rajeshbhai Naranbhai Chudasama,JUNAGADH,JUNAGADH,general,147000000.0,False,False,147000000.0,1.0,8.167317334748176,0.0,0.0,0.0,147000000.0,0.0,0.4807692307692308,0.3683241252302026,False,False,1.0,0.0,147000000.0,0.0,0.0,0.0,AT BENCHMARK,26
367,367,Bihar,Rajiv Pratap Rudy,Rajiv Pratap Rudy,SARAN,SARAN,general,147000000.0,False,False,147000000.0,1.0,8.167317334748176,0.0,0.0,0.0,147000000.0,0.0,0.425,0.3683241252302026,False,False,1.0,0.0,147000000.0,0.0,0.0,0.0,AT BENCHMARK,40
368,368,Bihar,Rajiv Ranjan (Lalan) Singh,Rajiv Ranjan (Lalan) Singh,MUNGER,MUNGER,general,147000000.0,False,False,147000000.0,1.0,8.167317334748176,0.0,0.0,0.0,147000000.0,0.0,0.425,0.3683241252302026,False,False,1.0,0.0,147000000.0,0.0,0.0,0.0,AT BENCHMARK,40
369,369,Uttar Pradesh,Rajkumar Chahar,Rajkumar Chahar,FATEHPUR SIKRI,FATEHPUR SIKRI,general,147000000.0,False,False,147000000.0,1.0,8.167317334748176,0.0,0.0,0.0,147000000.0,0.0,0.4,0.3683241252302026,False,False,1.0,0.0,147000000.0,0.0,0.0,0.0,AT BENCHMARK,80
370,370,Uttar Pradesh,Rajnath Singh,Rajnath Singh,LUCKNOW,LUCKNOW,general,154808797.11,False,True,147000000.0,1.0531210687755104,8.189795636112866,0.7808797110000014,0.0,11.0,147000000.0,0.0531210687755103,0.875,0.8195211786372008,True,False,1.0,0.0,147000000.0,5.31210687755103,5.31210687755103,5.312106877551037,ABOVE BENCHMARK,80
371,371,Gujarat,RAJPALSINH MAHENDRASINH JADAV,RAJPALSINH MAHENDRASINH JADAV,PANCHMAHAL,PANCHMAHAL,general,147000000.0,False,False,147000000.0,1.0,8.167317334748176,0.0,0.0,0.0,147000000.0,0.0,0.4807692307692308,0.3683241252302026,False,False,0.75,0.0,147000000.0,0.0,0.0,0.0,AT BENCHMARK,26
372,372,West Bengal,Raju Bista,Raju Bista,DARJEELING,DARJEELING,general,147000000.0,False,False,147000000.0,1.0,8.167317334748176,0.0,0.0,0.0,147000000.0,0.0,0.44047619047619047,0.3683241252302026,False,False,1.0,0.0,147000000.0,0.0,0.0,0.0,AT BENCHMARK,42
373,373,Uttar Pradesh,RAKESH RATHOR,RAKESH RATHOR,SITAPUR,SITAPUR,general,147000000.0,False,False,147000000.0,1.0,8.167317334748176,0.0,0.0,0.0,147000000.0,0.0,0.4,0.3683241252302026,False,False,0.75,0.0,147000000.0,0.0,0.0,0.0,AT BENCHMARK,80
374,374,Assam,RAKIBUL HUSSAIN,RAKIBUL HUSSAIN,DHUBRI,DHUBRI,general,147000000.0,False,False,147000000.0,1.0,8.167317334748176,0.0,0.0,0.0,147000000.0,0.0,0.5357142857142857,0.3683241252302026,False,False,0.75,0.0,147000000.0,0.0,0.0,0.0,AT BENCHMARK,14
375,375,Uttar Pradesh,RAM PRASAD CHAUDHARY,RAM PRASAD CHAUDHARY,BASTI,BASTI,general,204176957.11,False,True,147000000.0,1.388958891904762,8.310006727150217,5.717695711000001,0.0,11.0,147000000.0,0.388958891904762,0.9875,0.9797421731123389,True,False,0.75,0.0,147000000.0,38.895889190476204,38.895889190476204,38.8958891904762,ABOVE BENCHMARK,80
376,376,Uttar Pradesh,Ram Shiromani,Ram Shiromani,SHRAWASTI,SHRAWASTI,general,151746878.11,False,True,147000000.0,1.0322916878231294,8.181119765094598,0.4746878110000014,0.0,11.0,147000000.0,0.03229168782312935,0.8625,0.7974217311233885,True,False,1.0,0.0,147000000.0,3.229168782312935,3.229168782312935,3.229168782312941,ABOVE BENCHMARK,80
377,377,Telangana,RAMASAHAYAM RAGHURAM REDDY,RAMASAHAYAM RAGHURAM REDDY,KHAMMAM,KHAMMAM,general,147000000.0,False,False,147000000.0,1.0,8.167317334748176,0.0,0.0,0.0,147000000.0,0.0,0.35294117647058826,0.3683241252302026,False,False,0.75,0.0,147000000.0,0.0,0.0,0.0,AT BENCHMARK,17
378,378,Uttar Pradesh,RAMASHANKAR RAJBHAR,RAMASHANKAR RAJBHAR,SALEMPUR,SALEMPUR,general,160056927.07,False,True,147000000.0,1.0888226331292516,8.204274474626207,1.3056927069999993,0.0,7.0,147000000.0,0.08882263312925165,0.9,0.85451197053407,True,False,0.75,0.0,147000000.0,8.882263312925165,8.882263312925165,8.882263312925165,ABOVE BENCHMARK,80
379,379,Uttar Pradesh,RAMBHUAL NISHAD,RAMBHUAL NISHAD,SULTANPUR,SULTANPUR,general,151231957.11,False,True,147000000.0,1.028788823877551,8.179643572448587,0.4231957110000014,0.0,11.0,147000000.0,0.028788823877551117,0.8375,0.7900552486187845,True,False,0.75,0.0,147000000.0,2.8788823877551115,2.8788823877551115,2.8788823877551106,ABOVE BENCHMARK,80
380,380,Uttar Pradesh,RAMESH AWASTHI,RAMESH AWASTHI,KANPUR,KANPUR,general,147000000.0,False,False,147000000.0,1.0,8.167317334748176,0.0,0.0,0.0,147000000.0,0.0,0.4,0.3683241252302026,False,False,0.75,0.0,147000000.0,0.0,0.0,0.0,AT BENCHMARK,80
381,381,Karnataka,Ramesh Chandappa Jigajinagi,Ramesh Chandappa Jigajinagi,BIJAPUR(SC),BIJAPUR,sc,269500000.0,False,False,147000000.0,1.8333333333333333,8.430558769522758,12.25,0.0,0.0,147000000.0,0.8333333333333334,1.0,0.9935543278084714,True,False,1.0,0.0,147000000.0,83.33333333333334,83.33333333333334,83.33333333333333,ABOVE BENCHMARK,28
382,382,Bihar,Ramprit Mandal,Ramprit Mandal,JHANJHARPUR,JHANJHARPUR,general,147000000.0,False,False,147000000.0,1.0,8.167317334748176,0.0,0.0,0.0,147000000.0,0.0,0.425,0.3683241252302026,False,False,1.0,0.0,147000000.0,0.0,0.0,0.0,AT BENCHMARK,40
383,383,Delhi,Ramvir Singh Bidhuri,Ramvir Singh Bidhuri,SOUTH DELHI,SOUTH DELHI,general,147559100.0,False,False,147000000.0,1.0038034013605441,8.168965997691757,0.05591,0.0,0.0,147559100.0,0.0,0.5714285714285714,0.7513812154696132,True,False,1.0,0.0,147000000.0,0.3803401360544218,0.0,0.3803401360544134,AT BENCHMARK,7
384,384,Assam,RANJIT DUTTA,RANJIT DUTTA,Sonitpur,Sonitpur,general,147000000.0,False,False,147000000.0,1.0,8.167317334748176,0.0,0.0,0.0,147000000.0,0.0,0.5357142857142857,0.3683241252302026,False,False,0.75,0.0,147000000.0,0.0,0.0,0.0,AT BENCHMARK,14
385,385,Haryana,Rao Inderjit Singh,Rao Inderjit Singh,GURGAON,GURGAON,general,147000000.0,False,False,147000000.0,1.0,8.167317334748176,0.0,0.0,0.0,147000000.0,0.0,0.5,0.3683241252302026,False,False,1.0,0.0,147000000.0,0.0,0.0,0.0,AT BENCHMARK,10
386,386,Rajasthan,Rao Rajendra Singh,Rao Rajendra Singh,JAIPUR RURAL,JAIPUR RURAL,general,147000000.0,False,False,147000000.0,1.0,8.167317334748176,0.0,0.0,0.0,147000000.0,0.0,0.44,0.3683241252302026,False,False,1.0,0.0,147000000.0,0.0,0.0,0.0,AT BENCHMARK,25
387,387,Bihar,Ravi Shankar Prasad,Ravi Shankar Prasad,PATNA SAHIB,PATNA SAHIB,general,147000000.0,False,False,147000000.0,1.0,8.167317334748176,0.0,0.0,0.0,147000000.0,0.0,0.425,0.3683241252302026,False,False,1.0,0.0,147000000.0,0.0,0.0,0.0,AT BENCHMARK,40
388,388,Maharashtra,RAVINDRA DATTARAM WAIKAR,RAVINDRA DATTARAM WAIKAR,MUMBAI NORTH WEST,MUMBAI NORTH WEST,general,147000000.0,False,False,147000000.0,1.0,8.167317334748176,0.0,0.0,0.0,147000000.0,0.0,0.3854166666666667,0.3683241252302026,False,False,0.75,0.0,147000000.0,0.0,0.0,0.0,AT BENCHMARK,49
389,389,Uttar Pradesh,Ravindra Shyamnarayan Alias Ravi Kishan Shukla,Ravindra Shyamnarayan Alias Ravi Kishan Shukla,GORAKHPUR,GORAKHPUR,general,147000000.0,False,False,147000000.0,1.0,8.167317334748176,0.0,0.0,0.0,147000000.0,0.0,0.4,0.3683241252302026,False,False,1.0,0.0,147000000.0,0.0,0.0,0.0,AT BENCHMARK,80
390,390,Maharashtra,Ravindra Vasantrao Chavan,Ravindra Vasantrao Chavan,NANDED,NANDED,general,147000000.0,False,False,147000000.0,1.0,8.167317334748176,0.0,0.0,0.0,147000000.0,0.0,0.3854166666666667,0.3683241252302026,False,False,1.0,0.0,147000000.0,0.0,0.0,0.0,AT BENCHMARK,49
391,391,Mizoram,RICHARD VANLALHMANGAIHA,RICHARD VANLALHMANGAIHA,MIZORAM (ST),MIZORAM,st,147000000.0,False,False,147000000.0,1.0,8.167317334748176,0.0,0.0,0.0,147000000.0,0.0,1.0,0.3683241252302026,False,False,0.75,0.0,147000000.0,0.0,0.0,0.0,AT BENCHMARK,1
392,392,Tamil Nadu,ROBERT BRUCE C,ROBERT BRUCE C,TIRUNELVELI,TIRUNELVELI,general,147475440.11,False,True,147000000.0,1.0032342864625852,8.168719700905326,0.047544011000001433,0.0,11.0,147000000.0,0.0032342864625851315,0.5897435897435898,0.7495395948434622,True,False,0.75,0.0,147000000.0,0.32342864625851314,0.32342864625851314,0.32342864625851675,AT BENCHMARK,39
393,393,Madhya Pradesh,Rodmal Nagar,Rodmal Nagar,RAJGARH,RAJGARH,general,147000000.0,False,False,147000000.0,1.0,8.167317334748176,0.0,0.0,0.0,147000000.0,0.0,0.3620689655172414,0.3683241252302026,False,False,1.0,0.0,147000000.0,0.0,0.0,0.0,AT BENCHMARK,29
394,394,Chhattisgarh,ROOP KUMARI CHOUDHARY,ROOP KUMARI CHOUDHARY,MAHASAMUND,MAHASAMUND,general,153035414.0,False,False,147000000.0,1.041057238095238,8.184791942746266,0.6035414,0.0,0.0,150384382.11,0.017628372393490067,0.6363636363636364,0.8047882136279927,True,False,0.75,0.0,147000000.0,4.10572380952381,1.7628372393490066,4.105723809523809,ABOVE BENCHMARK,11
395,395,Uttar Pradesh,RUCHI VIRA,RUCHI VIRA,MORADABAD,MORADABAD,general,147000000.0,False,False,147000000.0,1.0,8.167317334748176,0.0,0.0,0.0,147000000.0,0.0,0.4,0.3683241252302026,False,False,0.75,0.0,147000000.0,0.0,0.0,0.0,AT BENCHMARK,80
396,396,Odisha,RUDRA NARAYAN PANY,RUDRA NARAYAN PANY,DHENKANAL,DHENKANAL,general,155013957.11,False,True,147000000.0,1.0545167150340138,8.190370802834591,0.8013957110000014,0.0,11.0,147000000.0,0.0545167150340137,0.8571428571428571,0.8213627992633518,True,False,0.75,0.0,147000000.0,5.4516715034013705,5.4516715034013705,5.4516715034013785,ABOVE BENCHMARK,21
397,397,Nagaland,S SUPONGMEREN JAMIR,S SUPONGMEREN JAMIR,NAGALAND,NAGALAND,general,147000000.0,False,False,147000000.0,1.0,8.167317334748176,0.0,0.0,0.0,147000000.0,0.0,1.0,0.3683241252302026,False,False,0.75,0.0,147000000.0,0.0,0.0,0.0,AT BENCHMARK,1
398,398,Tamil Nadu,S Venkatesan,S Venkatesan,MADURAI,MADURAI,general,147000000.0,False,False,147000000.0,1.0,8.167317334748176,0.0,0.0,0.0,147000000.0,0.0,0.2692307692307692,0.3683241252302026,False,False,1.0,0.0,147000000.0,0.0,0.0,0.0,AT BENCHMARK,39
399,399,Tamil Nadu,S. Jagathrakshakan,S. Jagathrakshakan,ARAKKONAM,ARAKKONAM,general,180589332.34,False,True,147000000.0,1.2284988594557824,8.256692092363389,3.358933234,0.0,34.0,147000000.0,0.22849885945578233,0.9230769230769231,0.9392265193370166,True,False,1.0,0.0,147000000.0,22.849885945578233,22.849885945578233,22.84988594557824,ABOVE BENCHMARK,39
400,400,Tamil Nadu,SACHITHANANTHAM R,SACHITHANANTHAM R,DINDIGUL,DINDIGUL,general,147000000.0,False,False,147000000.0,1.0,8.167317334748176,0.0,0.0,0.0,147000000.0,0.0,0.2692307692307692,0.3683241252302026,False,False,0.75,0.0,147000000.0,0.0,0.0,0.0,AT BENCHMARK,39
401,401,Karnataka,SAGAR ESHWAR KHANDRE,SAGAR ESHWAR KHANDRE,BIDAR,BIDAR,general,147000000.0,False,False,147000000.0,1.0,8.167317334748176,0.0,0.0,0.0,147000000.0,0.0,0.44642857142857145,0.3683241252302026,False,False,0.75,0.0,147000000.0,0.0,0.0,0.0,AT BENCHMARK,28
402,402,Meghalaya,SALENG A SANGMA,SALENG A SANGMA,TURA,TURA,general,147000000.0,False,False,147000000.0,1.0,8.167317334748176,0.0,0.0,0.0,122500000.0,0.2,1.0,0.3683241252302026,False,False,0.75,0.0,147000000.0,0.0,20.0,0.0,AT BENCHMARK,2
403,403,Odisha,SAMBIT PATRA,SAMBIT PATRA,PURI,PURI,general,147000000.0,False,False,147000000.0,1.0,8.167317334748176,0.0,0.0,0.0,147000000.0,0.0,0.30952380952380953,0.3683241252302026,False,False,0.75,0.0,147000000.0,0.0,0.0,0.0,AT BENCHMARK,21
404,404,Uttar Pradesh,SANATAN PANDEY,SANATAN PANDEY,BALLIA,BALLIA,general,180420041.4,False,True,147000000.0,1.2273472204081632,8.256284778139351,3.3420041400000007,0.0,40.0,147000000.0,0.2273472204081633,0.95,0.9373848987108656,True,False,0.75,0.0,147000000.0,22.73472204081633,22.73472204081633,22.734722040816322,ABOVE BENCHMARK,80
405,405,Maharashtra,SANJAY DINA PATIL,SANJAY DINA PATIL,MUMBAI NORTH EAST,MUMBAI NORTH EAST,general,147000000.0,False,False,147000000.0,1.0,8.167317334748176,0.0,0.0,0.0,147000000.0,0.0,0.3854166666666667,0.3683241252302026,False,False,0.75,0.0,147000000.0,0.0,0.0,0.0,AT BENCHMARK,49
406,406,Maharashtra,Sanjay Haribhau Jadhav,Sanjay Haribhau Jadhav,PARBHANI,PARBHANI,general,147000000.0,False,False,147000000.0,1.0,8.167317334748176,0.0,0.0,0.0,147000000.0,0.0,0.3854166666666667,0.3683241252302026,False,False,1.0,0.0,147000000.0,0.0,0.0,0.0,AT BENCHMARK,49
407,407,Bihar,Sanjay Jaiswal,Sanjay Jaiswal,PASCHIM CHAMPARAN,PASCHIM CHAMPARAN,general,147000000.0,False,False,147000000.0,1.0,8.167317334748176,0.0,0.0,0.0,147000000.0,0.0,0.425,0.3683241252302026,False,False,1.0,0.0,147000000.0,0.0,0.0,0.0,AT BENCHMARK,40
408,408,Telangana,Sanjay Kumar Bandi,Sanjay Kumar Bandi,KARIMNAGAR,KARIMNAGAR,general,172775317.11,False,True,147000000.0,1.1753422932653061,8.237481698741263,2.5775317110000016,0.0,11.0,147000000.0,0.17534229326530623,0.8235294117647058,0.9208103130755064,True,False,1.0,0.0,147000000.0,17.534229326530625,17.534229326530625,17.534229326530614,ABOVE BENCHMARK,17
409,409,Jharkhand,Sanjay Seth,Sanjay Seth,RANCHI,RANCHI,general,147064357.11,False,True,147000000.0,1.000437803469388,8.167507428770215,0.0064357110000014305,0.0,11.0,147000000.0,0.00043780346938785243,0.6428571428571429,0.7292817679558011,True,False,1.0,0.0,147000000.0,0.04378034693878524,0.04378034693878524,0.04378034693879318,AT BENCHMARK,14
410,410,Maharashtra,Sanjay Uttamrao Deshmukh,Sanjay Uttamrao Deshmukh,YAVATMAL-WASHIM,YAVATMAL-WASHIM,general,185640423.0,False,False,147000000.0,1.2628600204081633,8.2686725493309,3.8640423,0.0,0.0,147000000.0,0.26286002040816325,0.9375,0.9465930018416207,True,False,1.0,0.0,147000000.0,26.286002040816324,26.286002040816324,26.286002040816324,ABOVE BENCHMARK,49
411,411,Rajasthan,SANJNA JATAV,SANJNA JATAV,BHARATPUR(SC),BHARATPUR,sc,147000000.0,False,False,147000000.0,1.0,8.167317334748176,0.0,0.0,0.0,147000000.0,0.0,0.44,0.3683241252302026,False,False,0.75,0.0,147000000.0,0.0,0.0,0.0,AT BENCHMARK,25
412,412,Chhattisgarh,Santosh Pandey,Santosh Pandey,RAJNANDGAON,RAJNANDGAON,general,147000000.0,False,False,147000000.0,1.0,8.167317334748176,0.0,0.0,0.0,150384382.11,-0.02250487758445872,0.2727272727272727,0.3683241252302026,False,False,1.0,0.0,147000000.0,0.0,-2.250487758445872,0.0,AT BENCHMARK,11
413,413,Odisha,Saptagiri Sankar Ulaka,Saptagiri Sankar Ulaka,KORAPUT(ST),KORAPUT,st,269500000.0,False,False,147000000.0,1.8333333333333333,8.430558769522758,12.25,0.0,0.0,147000000.0,0.8333333333333334,1.0,0.9935543278084714,True,False,1.0,0.0,147000000.0,83.33333333333334,83.33333333333334,83.33333333333333,ABOVE BENCHMARK,21
414,414,Punjab,SARABJEET SINGH KHALSA,SARABJEET SINGH KHALSA,FARIDKOT(SC),FARIDKOT,sc,150850348.15,False,True,147000000.0,1.0261928445578232,8.178546316827543,0.3850348150000006,0.0,15.0,147000000.0,0.02619284455782317,0.9166666666666666,0.7882136279926335,True,False,0.75,0.0,147000000.0,2.619284455782317,2.619284455782317,2.6192844557823225,ABOVE BENCHMARK,12
415,415,Tamil Nadu,Sasikanth Senthil,Sasikanth Senthil,TIRUVALLUR(SC),TIRUVALLUR,sc,171500000.0,False,False,147000000.0,1.1666666666666667,8.23426412437879,2.45,0.0,0.0,147000000.0,0.16666666666666666,0.8461538461538461,0.9125230202578268,True,False,1.0,0.0,147000000.0,16.666666666666664,16.666666666666664,16.666666666666675,ABOVE BENCHMARK,39
416,416,Haryana,SATPAL BRAHAMCHARI,SATPAL BRAHAMCHARI,SONEPAT,SONEPAT,general,147000000.0,False,False,147000000.0,1.0,8.167317334748176,0.0,0.0,0.0,147000000.0,0.0,0.5,0.3683241252302026,False,False,0.75,0.0,147000000.0,0.0,0.0,0.0,AT BENCHMARK,10
417,417,West Bengal,Saumitra khan,Saumitra khan,BISHNUPUR(SC),BISHNUPUR,sc,147000000.0,False,False,147000000.0,1.0,8.167317334748176,0.0,0.0,0.0,147000000.0,0.0,0.44047619047619047,0.3683241252302026,False,False,1.0,0.0,147000000.0,0.0,0.0,0.0,AT BENCHMARK,42
418,418,Madhya Pradesh,SAVITRI THAKUR,SAVITRI THAKUR,DHAR(ST),DHAR,st,147000000.0,False,False,147000000.0,1.0,8.167317334748176,0.0,0.0,0.0,147000000.0,0.0,0.3620689655172414,0.3683241252302026,False,False,0.75,0.0,147000000.0,0.0,0.0,0.0,AT BENCHMARK,29
419,419,West Bengal,SAYANI GHOSH,SAYANI GHOSH,JADAVPUR,JADAVPUR,general,147000000.0,False,False,147000000.0,1.0,8.167317334748176,0.0,0.0,0.0,147000000.0,0.0,0.44047619047619047,0.3683241252302026,False,False,0.75,0.0,147000000.0,0.0,0.0,0.0,AT BENCHMARK,42
420,420,Haryana,SELJA,SELJA,SIRSA(SC),SIRSA,sc,147000000.0,False,False,147000000.0,1.0,8.167317334748176,0.0,0.0,0.0,147000000.0,0.0,0.5,0.3683241252302026,False,False,0.75,0.0,147000000.0,0.0,0.0,0.0,AT BENCHMARK,10
421,421,Tamil Nadu,SELVAGANAPATHI T M,SELVAGANAPATHI T M,SALEM,SALEM,general,147000000.0,False,False,147000000.0,1.0,8.167317334748176,0.0,0.0,0.0,147000000.0,0.0,0.2692307692307692,0.3683241252302026,False,False,0.75,0.0,147000000.0,0.0,0.0,0.0,AT BENCHMARK,39
422,422,Tamil Nadu,SELVARAJ V,SELVARAJ V,NAGAPATTINAM(SC),NAGAPATTINAM,sc,147000000.0,False,False,147000000.0,1.0,8.167317334748176,0.0,0.0,0.0,147000000.0,0.0,0.2692307692307692,0.3683241252302026,False,False,0.75,0.0,147000000.0,0.0,0.0,0.0,AT BENCHMARK,39
423,423,Kerala,SHAFI PARAMBIL,SHAFI PARAMBIL,VADAKARA,VADAKARA,general,147000000.0,False,False,147000000.0,1.0,8.167317334748176,0.0,0.0,0.0,147000000.0,0.0,0.375,0.3683241252302026,False,False,0.75,0.0,147000000.0,0.0,0.0,0.0,AT BENCHMARK,20
424,424,Bihar,SHAMBHAVI,SHAMBHAVI,SAMASTIPUR(SC),SAMASTIPUR,sc,147000000.0,False,False,147000000.0,1.0,8.167317334748176,0.0,0.0,0.0,147000000.0,0.0,0.425,0.3683241252302026,False,False,0.75,0.0,147000000.0,0.0,0.0,0.0,AT BENCHMARK,40
425,425,Madhya Pradesh,Shankar Lalwani,Shankar Lalwani,INDORE,INDORE,general,147000000.0,False,False,147000000.0,1.0,8.167317334748176,0.0,0.0,0.0,147000000.0,0.0,0.3620689655172414,0.3683241252302026,False,False,1.0,0.0,147000000.0,0.0,0.0,0.0,AT BENCHMARK,29
426,426,Uttar Pradesh,SHASHANK MANI,SHASHANK MANI,DEORIA,DEORIA,general,147000000.0,False,False,147000000.0,1.0,8.167317334748176,0.0,0.0,0.0,147000000.0,0.0,0.4,0.3683241252302026,False,False,0.75,0.0,147000000.0,0.0,0.0,0.0,AT BENCHMARK,80
427,427,West Bengal,Shatrughan Sinha,Shatrughan Sinha,ASANSOL,ASANSOL,general,147000000.0,False,False,147000000.0,1.0,8.167317334748176,0.0,0.0,0.0,147000000.0,0.0,0.44047619047619047,0.3683241252302026,False,False,1.0,0.0,147000000.0,0.0,0.0,0.0,AT BENCHMARK,42
428,428,Punjab,SHER SINGH GHUBAYA,SHER SINGH GHUBAYA,FIROZPUR,FIROZPUR,general,147000000.0,False,False,147000000.0,1.0,8.167317334748176,0.0,0.0,0.0,147000000.0,0.0,0.4583333333333333,0.3683241252302026,False,False,0.75,0.0,147000000.0,0.0,0.0,0.0,AT BENCHMARK,12
429,429,Madhya Pradesh,SHIVMANGAL SINGH TOMAR,SHIVMANGAL SINGH TOMAR,MORENA,MORENA,general,147000000.0,False,False,147000000.0,1.0,8.167317334748176,0.0,0.0,0.0,147000000.0,0.0,0.3620689655172414,0.3683241252302026,False,False,0.75,0.0,147000000.0,0.0,0.0,0.0,AT BENCHMARK,29
430,430,Madhya Pradesh,SHIVRAJ SINGH CHOUHAN,SHIVRAJ SINGH CHOUHAN,VIDISHA,VIDISHA,general,147000000.0,False,False,147000000.0,1.0,8.167317334748176,0.0,0.0,0.0,147000000.0,0.0,0.3620689655172414,0.3683241252302026,False,False,0.75,0.0,147000000.0,0.0,0.0,0.0,AT BENCHMARK,29
431,431,Karnataka,SHOBHA KARANDLAJE,SHOBHA KARANDLAJE,BANGALORE NORTH,BANGALORE NORTH,general,147000000.0,False,False,147000000.0,1.0,8.167317334748176,0.0,0.0,0.0,147000000.0,0.0,0.44642857142857145,0.3683241252302026,False,False,0.75,0.0,147000000.0,0.0,0.0,0.0,AT BENCHMARK,28
432,432,Gujarat,SHOBHANABEN MAHENDRASINH BARAIYA,SHOBHANABEN MAHENDRASINH BARAIYA,SABARKANTHA,SABARKANTHA,general,147000000.0,False,False,147000000.0,1.0,8.167317334748176,0.0,0.0,0.0,147000000.0,0.0,0.4807692307692308,0.3683241252302026,False,False,0.75,0.0,147000000.0,0.0,0.0,0.0,AT BENCHMARK,26
433,433,Karnataka,SHREYAS. M. PATEL,SHREYAS. M. PATEL,HASSAN,HASSAN,general,147000000.0,False,False,147000000.0,1.0,8.167317334748176,0.0,0.0,0.0,147000000.0,0.0,0.44642857142857145,0.3683241252302026,False,False,0.75,0.0,147000000.0,0.0,0.0,0.0,AT BENCHMARK,28
434,434,Haryana,Shri Dharambir Singh,Dharambir Singh,BHIWANI MAHENDRAGARH,BHIWANI MAHENDRAGARH,general,147000000.0,False,False,147000000.0,1.0,8.167317334748176,0.0,0.0,0.0,147000000.0,0.0,0.5,0.3683241252302026,False,False,0.75,0.0,147000000.0,0.0,0.0,0.0,AT BENCHMARK,10
435,435,West Bengal,Shri Abhishek Banerjee,Abhishek Banerjee,DIAMOND HARBOUR,DIAMOND HARBOUR,general,147000000.0,False,False,147000000.0,1.0,8.167317334748176,0.0,0.0,0.0,147000000.0,0.0,0.44047619047619047,0.3683241252302026,False,False,0.85,0.0,147000000.0,0.0,0.0,0.0,AT BENCHMARK,42
436,436,Punjab,Shri Amar Singh,Amar Singh,FATEHGARH SAHIB(SC),FATEHGARH SAHIB,sc,147000000.0,False,False,147000000.0,1.0,8.167317334748176,0.0,0.0,0.0,147000000.0,0.0,0.4583333333333333,0.3683241252302026,False,False,0.85,0.0,147000000.0,0.0,0.0,0.0,AT BENCHMARK,12
437,437,Gujarat,Shri Amit Shah,Amit Shah,GANDHINAGAR,GANDHINAGAR,general,147000000.0,False,False,147000000.0,1.0,8.167317334748176,0.0,0.0,0.0,147000000.0,0.0,0.4807692307692308,0.3683241252302026,False,False,0.85,0.0,147000000.0,0.0,0.0,0.0,AT BENCHMARK,26
438,438,Madhya Pradesh,Shri Anil Firojiya,Anil Firojiya,UJJAIN(SC),UJJAIN,sc,147000000.0,False,False,147000000.0,1.0,8.167317334748176,0.0,0.0,0.0,147000000.0,0.0,0.3620689655172414,0.3683241252302026,False,False,0.85,0.0,147000000.0,0.0,0.0,0.0,AT BENCHMARK,29
439,439,Rajasthan,Shri Arjun Ram Meghwal,Arjun Ram Meghwal,BIKANER(SC),BIKANER,sc,147000000.0,False,False,147000000.0,1.0,8.167317334748176,0.0,0.0,0.0,147000000.0,0.0,0.44,0.3683241252302026,False,False,0.85,0.0,147000000.0,0.0,0.0,0.0,AT BENCHMARK,25
440,440,Uttar Pradesh,Shri Arun Kumar Sagar,Arun Kumar Sagar,SHAHJAHANPUR(SC),SHAHJAHANPUR,sc,147000000.0,False,False,147000000.0,1.0,8.167317334748176,0.0,0.0,0.0,147000000.0,0.0,0.4,0.3683241252302026,False,False,0.85,0.0,147000000.0,0.0,0.0,0.0,AT BENCHMARK,80
441,441,Karnataka,Shri B Y Raghavendra,B Y Raghavendra,SHIMOGA,SHIMOGA,general,147000000.0,False,False,147000000.0,1.0,8.167317334748176,0.0,0.0,0.0,147000000.0,0.0,0.44642857142857145,0.3683241252302026,False,False,0.85,0.0,147000000.0,0.0,0.0,0.0,AT BENCHMARK,28
442,442,Kerala,Shri Benny Behanan,Benny Behanan,CHALAKUDY,CHALAKUDY,general,147000000.0,False,False,147000000.0,1.0,8.167317334748176,0.0,0.0,0.0,147000000.0,0.0,0.375,0.3683241252302026,False,False,0.85,0.0,147000000.0,0.0,0.0,0.0,AT BENCHMARK,20
443,443,Odisha,Shri Bhartruhari Mahtab,Bhartruhari Mahtab,CUTTACK,CUTTACK,general,147000000.0,False,False,147000000.0,1.0,8.167317334748176,0.0,0.0,0.0,147000000.0,0.0,0.30952380952380953,0.3683241252302026,False,False,0.85,0.0,147000000.0,0.0,0.0,0.0,AT BENCHMARK,21
444,444,Jharkhand,Shri Chandra Prakash Choudhary,Chandra Prakash Choudhary,GIRIDIH,GIRIDIH,general,147000000.0,False,False,147000000.0,1.0,8.167317334748176,0.0,0.0,0.0,147000000.0,0.0,0.32142857142857145,0.3683241252302026,False,False,0.85,0.0,147000000.0,0.0,0.0,0.0,AT BENCHMARK,14
445,445,West Bengal,Shri Deepak (Dev) Adhikari,Deepak (Dev) Adhikari,GHATAL,GHATAL,general,200747364.0,False,False,147000000.0,1.3656283265306122,8.302649851296819,5.3747364,0.0,0.0,147000000.0,0.3656283265306122,0.9523809523809523,0.9723756906077348,True,False,0.85,0.0,147000000.0,36.56283265306122,36.56283265306122,36.562832653061214,ABOVE BENCHMARK,42
446,446,Punjab,Shri Gurjeet Singh Aujla,Gurjeet Singh Aujla,AMRITSAR,AMRITSAR,general,147000000.0,False,False,147000000.0,1.0,8.167317334748176,0.0,0.0,0.0,147000000.0,0.0,0.4583333333333333,0.3683241252302026,False,False,0.85,0.0,147000000.0,0.0,0.0,0.0,AT BENCHMARK,12
447,447,Rajasthan,Shri Hanuman Beniwal,Hanuman Beniwal,NAGAUR,NAGAUR,general,147000000.0,False,False,147000000.0,1.0,8.167317334748176,0.0,0.0,0.0,147000000.0,0.0,0.44,0.3683241252302026,False,False,0.85,0.0,147000000.0,0.0,0.0,0.0,AT BENCHMARK,25
448,448,Kerala,Shri Hibi Eden,Hibi Eden,ERNAKULAM,ERNAKULAM,general,162177260.11,False,True,147000000.0,1.1032466674149661,8.209989958992965,1.5177260110000015,0.0,11.0,147000000.0,0.10324666741496609,0.75,0.8674033149171271,True,False,0.85,0.0,147000000.0,10.324666741496609,10.324666741496609,10.324666741496614,ABOVE BENCHMARK,20
449,449,Bihar,Shri Janardan Singh Sigriwal,Janardan Singh Sigriwal,MAHARAJGANJ_BR,MAHARAJGANJ (BR),general,147000000.0,False,False,147000000.0,1.0,8.167317334748176,0.0,0.0,0.0,147000000.0,0.0,0.425,0.3683241252302026,False,False,0.85,0.0,147000000.0,0.0,0.0,0.0,AT BENCHMARK,40
450,450,Odisha,Shri Jual Oram,Jual Oram,SUNDARGARH (ST),SUNDARGARH,st,173096756.91,False,True,147000000.0,1.1775289585714286,8.238288931137754,2.6096756909999996,0.0,91.0,147000000.0,0.17752895857142856,0.9047619047619048,0.9226519337016574,True,False,0.85,0.0,147000000.0,17.752895857142857,17.752895857142857,17.75289585714286,ABOVE BENCHMARK,21
451,451,Jammu And Kashmir,Shri Jugal Kishore Sharma,Jugal Kishore Sharma,JAMMU,JAMMU,general,147000000.0,False,False,147000000.0,1.0,8.167317334748176,0.0,0.0,0.0,147000000.0,0.0,0.6,0.3683241252302026,False,False,0.85,0.0,147000000.0,0.0,0.0,0.0,AT BENCHMARK,5
452,452,West Bengal,Shri Jyotirmay Singh Mahato,Jyotirmay Singh Mahato,PURULIA,PURULIA,general,147000000.0,False,False,147000000.0,1.0,8.167317334748176,0.0,0.0,0.0,147000000.0,0.0,0.44047619047619047,0.3683241252302026,False,False,0.85,0.0,147000000.0,0.0,0.0,0.0,AT BENCHMARK,42
453,453,Tamil Nadu,Shri Karti P Chidambaram,Karti P Chidambaram,SIVAGANGA,SIVAGANGA,general,159049284.11,False,True,147000000.0,1.0819679191156464,8.201531718663274,1.2049284110000014,0.0,11.0,147000000.0,0.08196791911564635,0.6666666666666666,0.8397790055248618,True,False,0.85,0.0,147000000.0,8.196791911564635,8.196791911564635,8.196791911564638,ABOVE BENCHMARK,39
454,454,Kerala,Shri Kumbakudi Sudhakaran,Kumbakudi Sudhakaran,KANNUR,KANNUR,general,147000000.0,False,False,147000000.0,1.0,8.167317334748176,0.0,0.0,0.0,147000000.0,0.0,0.375,0.3683241252302026,False,False,0.85,0.0,147000000.0,0.0,0.0,0.0,AT BENCHMARK,20
455,455,Karnataka,Shri LS Tejasvi Surya,LS Tejasvi Surya,BANGALORE SOUTH,BANGALORE SOUTH,general,147000000.0,False,False,147000000.0,1.0,8.167317334748176,0.0,0.0,0.0,147000000.0,0.0,0.44642857142857145,0.3683241252302026,False,False,0.85,0.0,147000000.0,0.0,0.0,0.0,AT BENCHMARK,28
456,456,Kerala,Shri M K Raghavan,M K Raghavan,KOZHIKODE,KOZHIKODE,general,147000000.0,False,False,147000000.0,1.0,8.167317334748176,0.0,0.0,0.0,147000000.0,0.0,0.375,0.3683241252302026,False,False,0.85,0.0,147000000.0,0.0,0.0,0.0,AT BENCHMARK,20
457,457,Uttar Pradesh,Shri Narendra Modi,Narendra Modi,VARANASI,VARANASI,general,162070276.11,False,True,147000000.0,1.1025188851020409,8.209703372004027,1.5070276110000014,0.0,11.0,147000000.0,0.10251888510204091,0.925,0.8655616942909761,True,False,0.85,0.0,147000000.0,10.251888510204092,10.251888510204092,10.251888510204088,ABOVE BENCHMARK,80
458,458,Kerala,Shri NK Premachandran,NK Premachandran,KOLLAM,KOLLAM,general,171477994.11,False,True,147000000.0,1.166516966734694,8.234208394642343,2.4477994110000014,0.0,11.0,147000000.0,0.166516966734694,0.9,0.9079189686924494,True,False,0.85,0.0,147000000.0,16.6516966734694,16.6516966734694,16.651696673469395,ABOVE BENCHMARK,20
459,459,Rajasthan,Shri PP Chaudhary,PP Chaudhary,PALI,PALI,general,147000000.0,False,False,147000000.0,1.0,8.167317334748176,0.0,0.0,0.0,147000000.0,0.0,0.44,0.3683241252302026,False,False,0.85,0.0,147000000.0,0.0,0.0,0.0,AT BENCHMARK,25
460,460,Kerala,Shri Rajmohan Unnithan,Rajmohan Unnithan,KASARAGOD,KASARAGOD,general,156754633.11,False,True,147000000.0,1.066358048367347,8.195220385894276,0.9754633110000014,0.0,11.0,147000000.0,0.06635804836734703,0.7,0.8324125230202578,True,False,0.85,0.0,147000000.0,6.635804836734703,6.635804836734703,6.635804836734693,ABOVE BENCHMARK,20
461,461,Assam,Shri Sarbananda Sonowal (18LS),Sarbananda Sonowal (18LS),DIBRUGARH,DIBRUGARH,general,147000000.0,False,False,147000000.0,1.0,8.167317334748176,0.0,0.0,0.0,147000000.0,0.0,0.5357142857142857,0.3683241252302026,False,False,0.85,0.0,147000000.0,0.0,0.0,0.0,AT BENCHMARK,14
462,462,Uttar Pradesh,Shri Satish Kumar Gautam,Satish Kumar Gautam,ALIGARH,ALIGARH,general,147000000.0,False,False,147000000.0,1.0,8.167317334748176,0.0,0.0,0.0,147000000.0,0.0,0.4,0.3683241252302026,False,False,0.85,0.0,147000000.0,0.0,0.0,0.0,AT BENCHMARK,80
463,463,West Bengal,Shri Shantanu Thakur,Shantanu Thakur,BANGAON(SC),BANGAON,sc,147000000.0,False,False,147000000.0,1.0,8.167317334748176,0.0,0.0,0.0,147000000.0,0.0,0.44047619047619047,0.3683241252302026,False,False,0.85,0.0,147000000.0,0.0,0.0,0.0,AT BENCHMARK,42
464,464,Madhya Pradesh,Shri Sudheer Gupta,Sudheer Gupta,MANDSOUR,MANDSOUR,general,148988014.83,False,True,147000000.0,1.0135239104081633,8.173151333495838,0.1988014830000013,0.0,83.0,147000000.0,0.013523910408163354,0.7241379310344828,0.7734806629834254,True,False,0.85,0.0,147000000.0,1.3523910408163353,1.3523910408163353,1.3523910408163253,ABOVE BENCHMARK,29
465,465,Kerala,Shri Suresh Kodikunnil,Suresh Kodikunnil,MAVELIKKARA(SC),MAVELIKKARA,sc,172429519.11,False,True,147000000.0,1.1729899259183674,8.236611616994267,2.5429519110000016,0.0,11.0,147000000.0,0.17298992591836745,0.95,0.9189686924493554,True,False,0.85,0.0,147000000.0,17.298992591836747,17.298992591836747,17.298992591836736,ABOVE BENCHMARK,20
466,466,Arunachal Pradesh,Shri Tapir Gao,Tapir Gao,ARUNACHAL EAST,ARUNACHAL EAST,general,147000000.0,False,False,147000000.0,1.0,8.167317334748176,0.0,0.0,0.0,147000000.0,0.0,0.75,0.3683241252302026,False,False,0.85,0.0,147000000.0,0.0,0.0,0.0,AT BENCHMARK,2
467,467,Tamil Nadu,Shri vijayakumar Vasanth,vijayakumar Vasanth,KANNIYAKUMARI,KANNIYAKUMARI,general,171500000.0,False,False,147000000.0,1.1666666666666667,8.23426412437879,2.45,0.0,0.0,147000000.0,0.16666666666666666,0.8461538461538461,0.9125230202578268,True,False,0.85,0.0,147000000.0,16.666666666666664,16.666666666666664,16.666666666666675,ABOVE BENCHMARK,39
468,468,Maharashtra,Shrikant Eknath Shinde,Shrikant Eknath Shinde,KALYAN,KALYAN,general,147000000.0,False,False,147000000.0,1.0,8.167317334748176,0.0,0.0,0.0,147000000.0,0.0,0.3854166666666667,0.3683241252302026,False,False,1.0,0.0,147000000.0,0.0,0.0,0.0,AT BENCHMARK,49
469,469,Maharashtra,SHRIMANT CHH UDAYANRAJE PRATAPSINHAMAHARAJ BHONSLE,SHRIMANT CHH UDAYANRAJE PRATAPSINHAMAHARAJ BHONSLE,SATARA,SATARA,general,147000000.0,False,False,147000000.0,1.0,8.167317334748176,0.0,0.0,0.0,147000000.0,0.0,0.3854166666666667,0.3683241252302026,False,False,0.75,0.0,147000000.0,0.0,0.0,0.0,AT BENCHMARK,49
470,470,Goa,Shripad Yesso Naik,Shripad Yesso Naik,NORTH GOA,NORTH GOA,general,147000000.0,False,False,147000000.0,1.0,8.167317334748176,0.0,0.0,0.0,147000000.0,0.0,0.75,0.3683241252302026,False,False,1.0,0.0,147000000.0,0.0,0.0,0.0,AT BENCHMARK,2
471,471,Maharashtra,Shrirang Appa Barne,Shrirang Appa Barne,MAVAL,MAVAL,general,147000000.0,False,False,147000000.0,1.0,8.167317334748176,0.0,0.0,0.0,147000000.0,0.0,0.3854166666666667,0.3683241252302026,False,False,1.0,0.0,147000000.0,0.0,0.0,0.0,AT BENCHMARK,49
472,472,Maharashtra,Shyamkumar,Shyamkumar,RAMTEK(SC),RAMTEK,sc,147000000.0,False,False,147000000.0,1.0,8.167317334748176,0.0,0.0,0.0,147000000.0,0.0,0.3854166666666667,0.3683241252302026,False,False,1.0,0.0,147000000.0,0.0,0.0,0.0,AT BENCHMARK,49
473,473,Andhra Pradesh,Sivanath Kesineni,Sivanath Kesineni,VIJAYAWADA,VIJAYAWADA,general,147000000.0,False,False,147000000.0,1.0,8.167317334748176,0.0,0.0,0.0,156430260.11,-0.060284117045952365,0.22,0.3683241252302026,False,False,1.0,0.0,147000000.0,0.0,-6.028411704595237,0.0,AT BENCHMARK,25
474,474,West Bengal,SK NURUL ISLAM,SK NURUL ISLAM,BASIRHAT,BASIRHAT,general,49000000.0,False,False,147000000.0,0.3333333333333333,7.690196080028514,0.0,0.6666666666666666,0.0,147000000.0,-0.6666666666666666,0.023809523809523808,0.003683241252302026,False,True,0.75,0.0,147000000.0,-66.66666666666666,-66.66666666666666,-66.66666666666667,BELOW BENCHMARK,42
475,475,Maharashtra,SMITA UDAY WAGH,SMITA UDAY WAGH,JALGAON,JALGAON,general,148107373.11,False,True,147000000.0,1.0075331504081633,8.170576679191582,0.11073731100000143,0.0,11.0,147000000.0,0.007533150408163362,0.7916666666666666,0.7587476979742173,True,False,0.75,0.0,147000000.0,0.7533150408163363,0.7533150408163363,0.7533150408163269,ABOVE BENCHMARK,49
476,476,Uttar Pradesh,Smt Anupriya Patel,Anupriya Patel,MIRZAPUR,MIRZAPUR,general,147000000.0,False,False,147000000.0,1.0,8.167317334748176,0.0,0.0,0.0,147000000.0,0.0,0.4,0.3683241252302026,False,False,0.85,0.0,147000000.0,0.0,0.0,0.0,AT BENCHMARK,80
477,477,Odisha,Smt Aparajita Sarangi,Aparajita Sarangi,BHUBANESWAR,BHUBANESWAR,general,147420861.41,False,True,147000000.0,1.0028630027891157,8.1685589445419,0.04208614099999964,0.0,41.0,147000000.0,0.002863002789115622,0.7619047619047619,0.7458563535911602,True,False,0.85,0.0,147000000.0,0.28630027891156223,0.28630027891156223,0.2863002789115665,AT BENCHMARK,21
478,478,Uttar Pradesh,Smt Dimple Yadav,Dimple Yadav,MAINPURI,MAINPURI,general,192042469.11,False,True,147000000.0,1.306411354489796,8.28339728110235,4.504246911000002,0.0,11.0,147000000.0,0.306411354489796,0.975,0.9594843462246777,True,False,0.85,0.0,147000000.0,30.6411354489796,30.6411354489796,30.641135448979597,ABOVE BENCHMARK,80
479,479,Punjab,Smt Harsimrat Kaur Badal,Harsimrat Kaur Badal,BHATINDA,BHATINDA,general,159775982.39,False,True,147000000.0,1.086911444829932,8.203511496508463,1.2775982389999985,0.0,39.0,147000000.0,0.08691144482993188,1.0,0.8471454880294659,True,False,0.85,0.0,147000000.0,8.691144482993188,8.691144482993188,8.691144482993195,ABOVE BENCHMARK,12
480,480,Uttar Pradesh,Smt Hema Malini,Hema Malini,MATHURA,MATHURA,general,147000000.0,False,False,147000000.0,1.0,8.167317334748176,0.0,0.0,0.0,147000000.0,0.0,0.4,0.3683241252302026,False,False,0.85,0.0,147000000.0,0.0,0.0,0.0,AT BENCHMARK,80
481,481,Madhya Pradesh,Smt Himadri Singh,Himadri Singh,SHAHDOL (ST),SHAHDOL,st,150724861.11,False,True,147000000.0,1.0253391912244898,8.178184892343737,0.37248611100000145,0.0,11.0,147000000.0,0.025339191224489892,0.7586206896551724,0.7863720073664825,True,False,0.85,0.0,147000000.0,2.533919122448989,2.533919122448989,2.53391912244898,ABOVE BENCHMARK,29
482,482,Gujarat,Smt Poonamben Hematbhai Maadam,Poonamben Hematbhai Maadam,JAMNAGAR,JAMNAGAR,general,147000000.0,False,False,147000000.0,1.0,8.167317334748176,0.0,0.0,0.0,147000000.0,0.0,0.4807692307692308,0.3683241252302026,False,False,0.85,0.0,147000000.0,0.0,0.0,0.0,AT BENCHMARK,26
483,483,Maharashtra,Smt Raksha Nikhil Khadse,Raksha Nikhil Khadse,RAVER,RAVER,general,153112586.11,False,True,147000000.0,1.0415822184353742,8.18501089189653,0.6112586110000015,0.0,11.0,147000000.0,0.04158221843537425,0.8333333333333334,0.8084714548802947,True,False,0.85,0.0,147000000.0,4.158221843537425,4.158221843537425,4.158221843537424,ABOVE BENCHMARK,49
484,484,Tamil Nadu,Smt S Jothimani,S Jothimani,KARUR,KARUR,general,147000000.0,False,False,147000000.0,1.0,8.167317334748176,0.0,0.0,0.0,147000000.0,0.0,0.2692307692307692,0.3683241252302026,False,False,0.85,0.0,147000000.0,0.0,0.0,0.0,AT BENCHMARK,39
485,485,West Bengal,Smt Sajda Ahmed,Sajda Ahmed,ULUBERIA,ULUBERIA,general,147000000.0,False,False,147000000.0,1.0,8.167317334748176,0.0,0.0,0.0,147000000.0,0.0,0.44047619047619047,0.3683241252302026,False,False,0.85,0.0,147000000.0,0.0,0.0,0.0,AT BENCHMARK,42
486,486,Madhya Pradesh,Smt Sandhya Ray,Sandhya Ray,BHIND(SC),BHIND,sc,147000000.0,False,False,147000000.0,1.0,8.167317334748176,0.0,0.0,0.0,147000000.0,0.0,0.3620689655172414,0.3683241252302026,False,False,0.85,0.0,147000000.0,0.0,0.0,0.0,AT BENCHMARK,29
487,487,Odisha,Smt Sangeeta Kumari Singh Deo,Sangeeta Kumari Singh Deo,BOLANGIR,BOLANGIR,general,147000000.0,False,False,147000000.0,1.0,8.167317334748176,0.0,0.0,0.0,147000000.0,0.0,0.30952380952380953,0.3683241252302026,False,False,0.85,0.0,147000000.0,0.0,0.0,0.0,AT BENCHMARK,21
488,488,West Bengal,Smt Satabdi Roy (Banerjee),Satabdi Roy (Banerjee),BIRBHUM,BIRBHUM,general,147000000.0,False,False,147000000.0,1.0,8.167317334748176,0.0,0.0,0.0,147000000.0,0.0,0.44047619047619047,0.3683241252302026,False,False,0.85,0.0,147000000.0,0.0,0.0,0.0,AT BENCHMARK,42
489,489,Maharashtra,Smt Supriya Sadanand Sule,Supriya Sadanand Sule,BARAMATI,BARAMATI,general,147000000.0,False,False,147000000.0,1.0,8.167317334748176,0.0,0.0,0.0,147000000.0,0.0,0.3854166666666667,0.3683241252302026,False,False,0.85,0.0,147000000.0,0.0,0.0,0.0,AT BENCHMARK,49
490,490,Bihar,Smt Veena Devi,Veena Devi,VAISHALI,VAISHALI,general,147000000.0,False,False,147000000.0,1.0,8.167317334748176,0.0,0.0,0.0,147000000.0,0.0,0.425,0.3683241252302026,False,False,0.85,0.0,147000000.0,0.0,0.0,0.0,AT BENCHMARK,40
491,491,Andhra Pradesh,Sribharat MathuKumli,Sribharat MathuKumli,VISAKHAPATNAM,VISAKHAPATNAM,general,164841922.0,False,False,147000000.0,1.1213736190476191,8.217067669606056,1.7841922,0.0,0.0,156430260.11,0.053772600544709184,0.68,0.8858195211786372,True,False,1.0,0.0,147000000.0,12.137361904761905,5.377260054470918,12.137361904761912,ABOVE BENCHMARK,25
492,492,Bihar,SUDAMA PRASAD,SUDAMA PRASAD,ARRAH,ARRAH,general,147000000.0,False,False,147000000.0,1.0,8.167317334748176,0.0,0.0,0.0,147000000.0,0.0,0.425,0.3683241252302026,False,False,0.75,0.0,147000000.0,0.0,0.0,0.0,AT BENCHMARK,40
493,493,Tamil Nadu,SUDHA R,SUDHA R,MAYILADUTHURAI,MAYILADUTHURAI,general,147332315.11,False,True,147000000.0,1.0022606470068027,8.168298013202033,0.03323151100000143,0.0,11.0,147000000.0,0.0022606470068028185,0.5384615384615384,0.7384898710865562,True,False,0.75,0.0,147000000.0,0.22606470068028184,0.22606470068028184,0.22606470068027296,AT BENCHMARK,39
494,494,Bihar,SUDHAKAR SINGH,SUDHAKAR SINGH,BUXAR,BUXAR,general,185211956.54,False,True,147000000.0,1.259945282585034,8.267669019558294,3.8211956539999994,0.0,54.0,147000000.0,0.25994528258503397,0.975,0.9447513812154696,True,False,0.75,0.0,147000000.0,25.994528258503397,25.994528258503397,25.99452825850339,ABOVE BENCHMARK,40
495,495,West Bengal,Sudip Bandyopadhyay,Sudip Bandyopadhyay,KOLKATA UTTAR,KOLKATA UTTAR,general,147000000.0,False,False,147000000.0,1.0,8.167317334748176,0.0,0.0,0.0,147000000.0,0.0,0.44047619047619047,0.3683241252302026,False,False,1.0,0.0,147000000.0,0.0,0.0,0.0,AT BENCHMARK,42
496,496,Odisha,SUKANTA KUMAR PANIGRAHI,SUKANTA KUMAR PANIGRAHI,KANDHAMAL,KANDHAMAL,general,190712424.11,False,True,147000000.0,1.297363429319728,8.280378986421242,4.371242411000002,0.0,11.0,147000000.0,0.297363429319728,0.9523809523809523,0.9576427255985267,True,False,0.75,0.0,147000000.0,29.736342931972796,29.736342931972796,29.736342931972803,ABOVE BENCHMARK,21
497,497,Jharkhand,SUKHDEO BHAGAT,SUKHDEO BHAGAT,LOHARDAGA(ST),LOHARDAGA,st,171821957.11,False,True,147000000.0,1.1688568510884354,8.235078661488197,2.4821957110000015,0.0,11.0,147000000.0,0.16885685108843548,1.0,0.9171270718232044,True,False,0.75,0.0,147000000.0,16.88568510884355,16.88568510884355,16.88568510884354,ABOVE BENCHMARK,14
498,498,Punjab,SUKHJINDER SINGH RANDHAWA,SUKHJINDER SINGH RANDHAWA,GURDASPUR,GURDASPUR,general,147000000.0,False,False,147000000.0,1.0,8.167317334748176,0.0,0.0,0.0,147000000.0,0.0,0.4583333333333333,0.3683241252302026,False,False,0.75,0.0,147000000.0,0.0,0.0,0.0,AT BENCHMARK,12
499,499,Karnataka,SUNIL BOSE,SUNIL BOSE,CHAMARAJANAGAR(SC),CHAMARAJANAGAR,sc,147000000.0,False,False,147000000.0,1.0,8.167317334748176,0.0,0.0,0.0,147000000.0,0.0,0.44642857142857145,0.3683241252302026,False,False,0.75,0.0,147000000.0,0.0,0.0,0.0,AT BENCHMARK,28
500,500,Maharashtra,Sunil Dattatray Tatkare,Sunil Dattatray Tatkare,RAIGAD,RAIGAD,general,147000000.0,False,False,147000000.0,1.0,8.167317334748176,0.0,0.0,0.0,147000000.0,0.0,0.3854166666666667,0.3683241252302026,False,False,1.0,0.0,147000000.0,0.0,0.0,0.0,AT BENCHMARK,49
501,501,Bihar,Sunil Kumar,Sunil Kumar,VALMIKI NAGAR,VALMIKI NAGAR,general,147000000.0,False,False,147000000.0,1.0,8.167317334748176,0.0,0.0,0.0,147000000.0,0.0,0.425,0.3683241252302026,False,False,1.0,0.0,147000000.0,0.0,0.0,0.0,AT BENCHMARK,40
502,502,Bihar,SURENDRA PRASAD YADAV,SURENDRA PRASAD YADAV,JAHANABAD,JAHANABAD,general,155325714.0,False,False,147000000.0,1.0566375102040817,8.191243358651143,0.8325714,0.0,0.0,147000000.0,0.056637510204081636,0.925,0.8250460405156538,True,False,0.75,0.0,147000000.0,5.663751020408164,5.663751020408164,5.66375102040817,ABOVE BENCHMARK,40
503,503,Kerala,SURESH GOPI,SURESH GOPI,THRISSUR,THRISSUR,general,147000000.0,False,False,147000000.0,1.0,8.167317334748176,0.0,0.0,0.0,147000000.0,0.0,0.375,0.3683241252302026,False,False,0.75,0.0,147000000.0,0.0,0.0,0.0,AT BENCHMARK,20
504,504,Himachal Pradesh,Suresh Kumar Kashyap,Suresh Kumar Kashyap,SHIMLA (SC),SHIMLA,sc,153563957.11,False,True,147000000.0,1.0446527694557823,8.186289294698916,0.6563957110000014,0.0,11.0,151567037.11,0.013175160233228893,0.75,0.8103130755064457,True,False,1.0,0.0,147000000.0,4.465276945578242,1.3175160233228893,4.465276945578234,ABOVE BENCHMARK,4
505,505,Telangana,SURESH KUMAR SHETKAR,SURESH KUMAR SHETKAR,ZAHIRABAD,ZAHIRABAD,general,147000000.0,False,False,147000000.0,1.0,8.167317334748176,0.0,0.0,0.0,147000000.0,0.0,0.35294117647058826,0.3683241252302026,False,False,0.75,0.0,147000000.0,0.0,0.0,0.0,AT BENCHMARK,17
506,506,Uttar Pradesh,Swami Sachchidanandhari Sakshi ji Maharaj,Sachchidanandhari Sakshi ji Maharaj,UNNAO,UNNAO,general,147000000.0,False,False,147000000.0,1.0,8.167317334748176,0.0,0.0,0.0,147000000.0,0.0,0.4,0.3683241252302026,False,False,0.85,0.0,147000000.0,0.0,0.0,0.0,AT BENCHMARK,80
507,507,Tamil Nadu,T Sumathy (A) Thamizhachi Thangapandian,T Sumathy (A) Thamizhachi Thangapandian,CHENNAI SOUTH,CHENNAI SOUTH,general,147000000.0,False,False,147000000.0,1.0,8.167317334748176,0.0,0.0,0.0,147000000.0,0.0,0.2692307692307692,0.3683241252302026,False,False,1.0,0.0,147000000.0,0.0,0.0,0.0,AT BENCHMARK,39
508,508,Andhra Pradesh,TANGELLA UDAY SRINIVAS,TANGELLA UDAY SRINIVAS,KAKINADA,KAKINADA,general,199417886.76,False,True,147000000.0,1.3565842636734693,8.299764109706713,5.241788675999999,0.0,76.0,156430260.11,0.2748037791394808,0.92,0.9705340699815838,True,False,0.75,0.0,147000000.0,35.658426367346934,27.48037791394808,35.65842636734693,ABOVE BENCHMARK,25
509,509,Uttar Pradesh,TANUJ PUNIA,TANUJ PUNIA,BARABANKI(SC),BARABANKI,sc,148198170.11,False,True,147000000.0,1.0081508170748301,8.170842841186927,0.11981701100000143,0.0,11.0,147000000.0,0.008150817074830029,0.8,0.7605893186003683,True,False,0.75,0.0,147000000.0,0.8150817074830029,0.8150817074830029,0.8150817074830119,ABOVE BENCHMARK,80
510,510,Bihar,TARIQ ANWAR,TARIQ ANWAR,KATIHAR,KATIHAR,general,147000000.0,False,False,147000000.0,1.0,8.167317334748176,0.0,0.0,0.0,147000000.0,0.0,0.425,0.3683241252302026,False,False,0.75,0.0,147000000.0,0.0,0.0,0.0,AT BENCHMARK,40
511,511,Tamil Nadu,Thalikkottai Rajuthevar Baalu,Thalikkottai Rajuthevar Baalu,SRIPERUMBUDUR,SRIPERUMBUDUR,general,196905535.11,False,True,147000000.0,1.339493436122449,8.294257924538028,4.990553511000002,0.0,11.0,147000000.0,0.3394934361224491,0.9743589743589743,0.9650092081031307,True,False,1.0,0.0,147000000.0,33.94934361224491,33.94934361224491,33.94934361224491,ABOVE BENCHMARK,39
512,512,Tamil Nadu,THANGA TAMILSELVAN,THANGA TAMILSELVAN,THENI,THENI,general,147000000.0,False,False,147000000.0,1.0,8.167317334748176,0.0,0.0,0.0,147000000.0,0.0,0.2692307692307692,0.3683241252302026,False,False,0.75,0.0,147000000.0,0.0,0.0,0.0,AT BENCHMARK,39
513,513,Tamil Nadu,THARANIVENTHAN M S,THARANIVENTHAN M S,ARANI,ARANI,general,168337124.35,False,True,147000000.0,1.1451505057823128,8.226179903987592,2.133712434999999,0.0,35.0,147000000.0,0.1451505057823129,0.7948717948717948,0.9005524861878453,True,False,0.75,0.0,147000000.0,14.515050578231289,14.515050578231289,14.515050578231282,ABOVE BENCHMARK,39
514,514,Tamil Nadu,Thiru Dayanidhi Maran,Thiru Dayanidhi Maran,CHENNAI CENTRAL,CHENNAI CENTRAL,general,147000000.0,False,False,147000000.0,1.0,8.167317334748176,0.0,0.0,0.0,147000000.0,0.0,0.2692307692307692,0.3683241252302026,False,False,1.0,0.0,147000000.0,0.0,0.0,0.0,AT BENCHMARK,39
515,515,Tamil Nadu,Thirumaa Valavan Thol,Thirumaa Valavan Thol,CHIDAMBARAM(SC),CHIDAMBARAM,sc,147000000.0,False,False,147000000.0,1.0,8.167317334748176,0.0,0.0,0.0,147000000.0,0.0,0.2692307692307692,0.3683241252302026,False,False,1.0,0.0,147000000.0,0.0,0.0,0.0,AT BENCHMARK,39
516,516,Chhattisgarh,TOKHAN SAHU,TOKHAN SAHU,BILASPUR,BILASPUR,general,147000000.0,False,False,147000000.0,1.0,8.167317334748176,0.0,0.0,0.0,150384382.11,-0.02250487758445872,0.2727272727272727,0.3683241252302026,False,False,0.75,0.0,147000000.0,0.0,-2.250487758445872,0.0,AT BENCHMARK,11
517,517,Uttarakhand,TRIVENDRA SINGH RAWAT,TRIVENDRA SINGH RAWAT,HARDWAR,HARDWAR,general,147000000.0,False,False,147000000.0,1.0,8.167317334748176,0.0,0.0,0.0,147000000.0,0.0,0.6,0.3683241252302026,False,False,0.75,0.0,147000000.0,0.0,0.0,0.0,AT BENCHMARK,5
518,518,Uttar Pradesh,UJJWAL RAMAN SINGH,UJJWAL RAMAN SINGH,ALLAHABAD,ALLAHABAD,general,147000000.0,False,False,147000000.0,1.0,8.167317334748176,0.0,0.0,0.0,147000000.0,0.0,0.4,0.3683241252302026,False,False,0.75,0.0,147000000.0,0.0,0.0,0.0,AT BENCHMARK,80
519,519,Rajasthan,UMMEDA RAM BENIWAL,UMMEDA RAM BENIWAL,BARMER,BARMER,general,147000000.0,False,False,147000000.0,1.0,8.167317334748176,0.0,0.0,0.0,147000000.0,0.0,0.44,0.3683241252302026,False,False,0.75,0.0,147000000.0,0.0,0.0,0.0,AT BENCHMARK,25
520,520,Uttar Pradesh,UTKARSH VERMA MADHUR,UTKARSH VERMA MADHUR,KHERI,KHERI,general,147000000.0,False,False,147000000.0,1.0,8.167317334748176,0.0,0.0,0.0,147000000.0,0.0,0.4,0.3683241252302026,False,False,0.75,0.0,147000000.0,0.0,0.0,0.0,AT BENCHMARK,80
521,521,Tamil Nadu,V S Matheswaran,V S Matheswaran,NAMAKKAL,NAMAKKAL,general,162539930.11,False,True,147000000.0,1.105713810272109,8.210960068676023,1.5539930110000015,0.0,11.0,147000000.0,0.10571381027210894,0.7435897435897436,0.8710865561694291,True,False,1.0,0.0,147000000.0,10.571381027210894,10.571381027210894,10.57138102721089,ABOVE BENCHMARK,39
522,522,Karnataka,V. SOMANNA,V. SOMANNA,TUMKUR,TUMKUR,general,147000000.0,False,False,147000000.0,1.0,8.167317334748176,0.0,0.0,0.0,147000000.0,0.0,0.44642857142857145,0.3683241252302026,False,False,0.75,0.0,147000000.0,0.0,0.0,0.0,AT BENCHMARK,28
523,523,Puducherry,Vaithilingam Ve,Vaithilingam Ve,Puducherry,Puducherry,general,209368972.11,False,True,147000000.0,1.4242787218367348,8.320912320896506,6.236897211000001,0.0,11.0,209368972.11,0.0,1.0,0.9815837937384899,True,False,1.0,0.0,147000000.0,42.42787218367348,0.0,42.42787218367348,ABOVE BENCHMARK,1
524,524,Telangana,VAMSI KRISHNA GADDAM,VAMSI KRISHNA GADDAM,PEDDAPALLE,PEDDAPALLE,general,148451721.11,False,True,147000000.0,1.009875653809524,8.171585237056636,0.14517211100000144,0.0,11.0,147000000.0,0.009875653809523906,0.7058823529411765,0.7642725598526704,True,False,0.75,0.0,147000000.0,0.9875653809523907,0.9875653809523907,0.9875653809523932,ABOVE BENCHMARK,17
525,525,Haryana,VARUN CHAUDHRY,VARUN CHAUDHRY,AMBALA (SC),AMBALA,sc,255454264.0,False,False,147000000.0,1.7377841088435375,8.407313156249895,10.8454264,0.0,0.0,147000000.0,0.7377841088435374,1.0,0.988950276243094,True,False,0.75,0.0,147000000.0,73.77841088435375,73.77841088435375,73.77841088435375,ABOVE BENCHMARK,10
526,526,Kerala,Vellalath Kochukrishnan Nair Sreekandan,Vellalath Kochukrishnan Nair Sreekandan,PALAKKAD,PALAKKAD,general,147000000.0,False,False,147000000.0,1.0,8.167317334748176,0.0,0.0,0.0,147000000.0,0.0,0.375,0.3683241252302026,False,False,1.0,0.0,147000000.0,0.0,0.0,0.0,AT BENCHMARK,20
527,527,Chhattisgarh,Vijay Baghel,Vijay Baghel,DURG,DURG,general,147000000.0,False,False,147000000.0,1.0,8.167317334748176,0.0,0.0,0.0,150384382.11,-0.02250487758445872,0.2727272727272727,0.3683241252302026,False,False,1.0,0.0,147000000.0,0.0,-2.250487758445872,0.0,AT BENCHMARK,11
528,528,Uttar Pradesh,Vijay Kumar Dubey,Vijay Kumar Dubey,KUSHI NAGAR,KUSHI NAGAR,general,148900000.0,False,False,147000000.0,1.0129251700680273,8.172894697752175,0.19,0.0,0.0,147000000.0,0.01292517006802721,0.825,0.7716390423572744,True,False,1.0,0.0,147000000.0,1.292517006802721,1.292517006802721,1.2925170068027292,ABOVE BENCHMARK,80
529,529,Jharkhand,Vijay Kumar Hansdak,Vijay Kumar Hansdak,RAJMAHAL(ST),RAJMAHAL,st,147223957.11,False,True,147000000.0,1.001523517755102,8.1679784865918,0.02239571100000143,0.0,11.0,147000000.0,0.0015235177551021382,0.7142857142857143,0.7366482504604052,True,False,1.0,0.0,147000000.0,0.1523517755102138,0.1523517755102138,0.15235177551020662,AT BENCHMARK,14
530,530,Bihar,VIJAYLAKSHMI DEVI,VIJAYLAKSHMI DEVI,SIWAN,SIWAN,general,147000000.0,False,False,147000000.0,1.0,8.167317334748176,0.0,0.0,0.0,147000000.0,0.0,0.425,0.3683241252302026,False,False,0.75,0.0,147000000.0,0.0,0.0,0.0,AT BENCHMARK,40
531,531,Gujarat,Vinod Chavda,Vinod Chavda,KACHCHH(SC),KACHCHH,sc,147000000.0,False,False,147000000.0,1.0,8.167317334748176,0.0,0.0,0.0,147000000.0,0.0,0.4807692307692308,0.3683241252302026,False,False,1.0,0.0,147000000.0,0.0,0.0,0.0,AT BENCHMARK,26
532,532,Uttar Pradesh,VINOD KUMAR BIND,VINOD KUMAR BIND,BHADOHI,BHADOHI,general,147000000.0,False,False,147000000.0,1.0,8.167317334748176,0.0,0.0,0.0,147000000.0,0.0,0.4,0.3683241252302026,False,False,0.75,0.0,147000000.0,0.0,0.0,0.0,AT BENCHMARK,80
533,533,Madhya Pradesh,Virendra Kumar,Virendra Kumar,TIKAMGARH(SC),TIKAMGARH,sc,147000000.0,False,False,147000000.0,1.0,8.167317334748176,0.0,0.0,0.0,147000000.0,0.0,0.3620689655172414,0.3683241252302026,False,False,1.0,0.0,147000000.0,0.0,0.0,0.0,AT BENCHMARK,29
534,534,Uttar Pradesh,VIRENDRA SINGH,VIRENDRA SINGH,CHANDAULI,CHANDAULI,general,147000000.0,False,False,147000000.0,1.0,8.167317334748176,0.0,0.0,0.0,147000000.0,0.0,0.4,0.3683241252302026,False,False,0.75,0.0,147000000.0,0.0,0.0,0.0,AT BENCHMARK,80
535,535,Maharashtra,VISHAL,VISHAL,SANGLI,SANGLI,general,147000000.0,False,False,147000000.0,1.0,8.167317334748176,0.0,0.0,0.0,147000000.0,0.0,0.3854166666666667,0.3683241252302026,False,False,0.75,0.0,147000000.0,0.0,0.0,0.0,AT BENCHMARK,49
536,536,Jharkhand,Vishnu Dayal Ram,Vishnu Dayal Ram,PALAMU(SC),PALAMU,sc,158176083.11,False,True,147000000.0,1.0760277762585035,8.19914081697083,1.1176083110000015,0.0,11.0,147000000.0,0.0760277762585035,0.8571428571428571,0.8360957642725598,True,False,1.0,0.0,147000000.0,7.60277762585035,7.60277762585035,7.602777625850354,ABOVE BENCHMARK,14
537,537,Madhya Pradesh,Vishnu Dutt Sharma,Vishnu Dutt Sharma,KHAJURAHO,KHAJURAHO,general,147000000.0,False,False,147000000.0,1.0,8.167317334748176,0.0,0.0,0.0,147000000.0,0.0,0.3620689655172414,0.3683241252302026,False,False,1.0,0.0,147000000.0,0.0,0.0,0.0,AT BENCHMARK,29
538,538,Karnataka,VISHWESHWAR HEGDE KAGERI,VISHWESHWAR HEGDE KAGERI,UTTARA KANNADA,UTTARA KANNADA,general,147000000.0,False,False,147000000.0,1.0,8.167317334748176,0.0,0.0,0.0,147000000.0,0.0,0.44642857142857145,0.3683241252302026,False,False,0.75,0.0,147000000.0,0.0,0.0,0.0,AT BENCHMARK,28
539,539,Bihar,VIVEK THAKUR,VIVEK THAKUR,NAWADA,NAWADA,general,147000000.0,False,False,147000000.0,1.0,8.167317334748176,0.0,0.0,0.0,147000000.0,0.0,0.425,0.3683241252302026,False,False,0.75,0.0,147000000.0,0.0,0.0,0.0,AT BENCHMARK,40
540,540,Andhra Pradesh,Y S Avinash Reddy,Y S Avinash Reddy,KADAPA,KADAPA,general,156430260.11,False,True,147000000.0,1.064151429319728,8.194320767442678,0.9430260110000014,0.0,11.0,156430260.11,0.0,0.52,0.8305709023941068,True,False,1.0,0.0,147000000.0,6.415142931972799,0.0,6.415142931972806,ABOVE BENCHMARK,25
541,541,Karnataka,YADUVEER KRISHNADATTA CHAMARAJA WADIYAR,YADUVEER KRISHNADATTA CHAMARAJA WADIYAR,MYSORE,MYSORE,general,147000000.0,False,False,147000000.0,1.0,8.167317334748176,0.0,0.0,0.0,147000000.0,0.0,0.44642857142857145,0.3683241252302026,False,False,0.75,0.0,147000000.0,0.0,0.0,0.0,AT BENCHMARK,28
542,542,Delhi,Yogendra Chandoliya,Yogendra Chandoliya,NORTH WEST DELHI(SC),NORTH WEST DELHI,sc,147876307.0,False,False,147000000.0,1.0059612721088436,8.169898596150809,0.0876307,0.0,0.0,147559100.0,0.0021496945969445465,0.7142857142857143,0.7569060773480663,True,False,1.0,0.0,147000000.0,0.5961272108843537,0.21496945969445463,0.5961272108843563,ABOVE BENCHMARK,7
543,543,Uttar Pradesh,ZIA UR REHMAN,ZIA UR REHMAN,SAMBHAL,SAMBHAL,general,147000000.0,False,False,147000000.0,1.0,8.167317334748176,0.0,0.0,0.0,147000000.0,0.0,0.4,0.3683241252302026,False,False,0.75,0.0,147000000.0,0.0,0.0,0.0,AT BENCHMARK,80
